Dataset,Period,Trades,StartEquity,EndEquity,NetProfitYen,ReturnPct,MaxDDYen,MaxDDPct,MoneyRoMD,WinRate,PF_Yen,WorstWeekReturnPct,BestWeekReturnPct,AvgWeekReturnPct
Base_NoFilter,Full_2015_2026Q1,15265,500000.0,6550427564991637.0,6550427564491637.0,1310085512898.33,1037057763728614.0,42.95,6.32,54.48,1.325,-26.91,49.58,4.63
Base_NoFilter,StrictIS_2015_2024,13724,500000.0,517292965551638.0,517292965051638.0,103458593010.33,50769879924488.0,42.95,10.19,54.46,1.518,-26.91,49.58,4.64
Base_NoFilter,StrictOOS_2025_2026Q1,1541,517292965551638.0,6550427564991637.0,6033134599439999.0,1166.29,1037057763728614.0,25.76,5.82,54.7,1.315,-12.86,44.97,4.58
Base_NoFilter,Q1_2026,348,4736421108767614.0,6550427564991637.0,1814006456224023.0,38.3,1037057763728614.0,15.12,1.75,52.01,1.194,-6.68,33.61,2.94
V1_MaxJPYSameDir_3,Full_2015_2026Q1,13196,500000.0,340884573822665.0,340884573322665.0,68176914664.53,55637808658394.0,41.47,6.13,54.13,1.32,-21.57,50.98,3.98
V1_MaxJPYSameDir_3,StrictIS_2015_2024,11807,500000.0,32079755374244.0,32079754874244.0,6415950974.85,3295014536223.0,41.47,9.74,54.15,1.443,-21.57,50.98,3.96
V1_MaxJPYSameDir_3,StrictOOS_2025_2026Q1,1389,32079755374244.0,340884573822665.0,308804818448421.0,962.62,55637808658394.0,21.67,5.55,53.92,1.311,-12.06,43.86,4.22
V1_MaxJPYSameDir_3,Q1_2026,310,275760422074126.0,340884573822665.0,65124151748540.0,23.62,55637808658394.0,15.34,1.17,50.65,1.137,-8.48,30.5,1.99
V1_MaxTrades_7,Full_2015_2026Q1,13511,500000.0,608790833155740.0,608790832655740.0,121758166531.15,105200575059760.0,36.49,5.79,54.24,1.321,-20.6,54.01,4.12
V1_MaxTrades_7,StrictIS_2015_2024,12081,500000.0,48798463859455.0,48798463359455.0,9759692671.89,4387129486026.0,36.49,11.12,54.2,1.47,-20.6,54.01,4.07
V1_MaxTrades_7,StrictOOS_2025_2026Q1,1430,48798463859455.0,608790833155740.0,559992369296285.0,1147.56,105200575059760.0,24.36,5.32,54.62,1.312,-12.38,46.97,4.51
V1_MaxTrades_7,Q1_2026,314,478273883728800.0,608790833155740.0,130516949426940.0,27.29,105200575059760.0,15.1,1.24,50.96,1.147,-8.07,23.61,2.14
V1_MaxTrades_7_JPY_3_AUD_3,Full_2015_2026Q1,12208,500000.0,152072081469309.0,152072080969309.0,30414416193.86,24820593305799.0,34.24,6.13,54.07,1.296,-16.4,50.98,3.77
V1_MaxTrades_7_JPY_3_AUD_3,StrictIS_2015_2024,10894,500000.0,20322227689958.0,20322227189958.0,4064445437.99,2045461538050.0,34.24,9.94,54.11,1.463,-16.4,50.98,3.8
V1_MaxTrades_7_JPY_3_AUD_3,StrictOOS_2025_2026Q1,1314,20322227689958.0,152072081469309.0,131749853779351.0,648.3,24820593305799.0,25.08,5.31,53.73,1.28,-12.06,40.9,3.56
V1_MaxTrades_7_JPY_3_AUD_3,Q1_2026,286,130437004134478.0,152072081469309.0,21635077334831.0,16.59,24820593305799.0,15.34,0.87,51.75,1.1,-8.48,18.7,1.36
V1_MaxTrades_5_JPY_2_AUD_2,Full_2015_2026Q1,9820,500000.0,1888568013477.0,1888567513477.0,377713502.7,279857333413.0,28.62,6.75,53.82,1.279,-13.63,47.32,2.89
V1_MaxTrades_5_JPY_2_AUD_2,StrictIS_2015_2024,8717,500000.0,445440217913.0,445439717913.0,89087943.58,57429227733.0,28.62,7.76,53.95,1.397,-13.63,47.32,2.93
V1_MaxTrades_5_JPY_2_AUD_2,StrictOOS_2025_2026Q1,1103,445440217913.0,1888568013477.0,1443127795565.0,323.98,279857333413.0,27.51,5.16,52.77,1.255,-13.19,28.13,2.56
V1_MaxTrades_5_JPY_2_AUD_2,Q1_2026,227,1711470631409.0,1888568013477.0,177097382068.0,10.35,279857333413.0,13.31,0.63,51.54,1.079,-10.61,12.68,0.88
V1_MaxTrades_5_JPY_2_AUD_3,Full_2015_2026Q1,10415,500000.0,3175174497556.0,3175173997556.0,635034799.51,701766499994.0,29.94,4.52,54.05,1.258,-16.51,48.79,3.0
V1_MaxTrades_5_JPY_2_AUD_3,StrictIS_2015_2024,9268,500000.0,654466117820.0,654465617820.0,130893123.56,106280431000.0,28.33,6.16,54.16,1.363,-16.51,48.79,3.02
V1_MaxTrades_5_JPY_2_AUD_3,StrictOOS_2025_2026Q1,1147,654466117820.0,3175174497556.0,2520708379736.0,385.15,701766499994.0,29.94,3.59,53.1,1.239,-14.08,36.13,2.82
V1_MaxTrades_5_JPY_2_AUD_3,Q1_2026,244,3149701034189.0,3175174497556.0,25473463367.0,0.81,701766499994.0,18.36,0.04,49.59,1.006,-14.08,7.31,0.2
V1_MaxTrades_5_JPY_3_AUD_2,Full_2015_2026Q1,10465,500000.0,7409222168355.0,7409221668355.0,1481844333.67,1051353552155.0,31.51,7.05,53.5,1.299,-16.65,49.86,3.19
V1_MaxTrades_5_JPY_3_AUD_2,StrictIS_2015_2024,9322,500000.0,1416342574985.0,1416342074985.0,283268415.0,156110638823.0,31.51,9.07,53.57,1.489,-16.65,49.86,3.22
V1_MaxTrades_5_JPY_3_AUD_2,StrictOOS_2025_2026Q1,1143,1416342574985.0,7409222168355.0,5992879593370.0,423.12,1051353552155.0,24.31,5.7,52.93,1.274,-13.19,30.19,2.91
V1_MaxTrades_5_JPY_3_AUD_2,Q1_2026,242,6546228867273.0,7409222168355.0,862993301082.0,13.18,1051353552155.0,14.21,0.82,52.07,1.092,-7.78,14.06,1.08
V1_MaxTrades_5_JPY_3_AUD_3,Full_2015_2026Q1,10943,500000.0,14451569217666.0,14451568717666.0,2890313743.53,3164864244170.0,32.77,4.57,53.9,1.272,-18.02,49.72,3.33
V1_MaxTrades_5_JPY_3_AUD_3,StrictIS_2015_2024,9761,500000.0,2505446131606.0,2505445631606.0,501089126.32,353861945427.0,32.77,7.08,54.0,1.428,-18.02,49.72,3.36
V1_MaxTrades_5_JPY_3_AUD_3,StrictOOS_2025_2026Q1,1182,2505446131606.0,14451569217666.0,11946123086060.0,476.81,3164864244170.0,25.25,3.77,53.05,1.253,-13.9,38.19,3.12
V1_MaxTrades_5_JPY_3_AUD_3,Q1_2026,254,14022991940552.0,14451569217666.0,428577277113.0,3.06,3164864244170.0,17.97,0.14,50.39,1.02,-13.9,9.21,0.39
V1_MaxTrades_6_JPY_2_AUD_2,Full_2015_2026Q1,9870,500000.0,1730465616677.0,1730465116677.0,346093023.34,250458039810.0,28.62,6.91,53.75,1.282,-13.63,47.32,2.87
V1_MaxTrades_6_JPY_2_AUD_2,StrictIS_2015_2024,8751,500000.0,386698011888.0,386697511888.0,77339502.38,52415720115.0,28.62,7.38,53.88,1.389,-13.63,47.32,2.9
V1_MaxTrades_6_JPY_2_AUD_2,StrictOOS_2025_2026Q1,1119,386698011888.0,1730465616677.0,1343767604789.0,347.5,250458039810.0,26.52,5.37,52.73,1.261,-12.76,34.83,2.66
V1_MaxTrades_6_JPY_2_AUD_2,Q1_2026,228,1531678924784.0,1730465616677.0,198786691893.0,12.98,250458039810.0,13.31,0.79,51.75,1.099,-8.48,12.68,1.05
V1_MaxTrades_6_JPY_2_AUD_3,Full_2015_2026Q1,10803,500000.0,8062182878136.0,8062182378136.0,1612436475.63,1493730597054.0,31.78,5.4,54.08,1.261,-14.59,48.37,3.18
V1_MaxTrades_6_JPY_2_AUD_3,StrictIS_2015_2024,9605,500000.0,1610319280828.0,1610318780828.0,322063756.17,254700021321.0,31.78,6.32,54.21,1.362,-14.59,48.37,3.22
V1_MaxTrades_6_JPY_2_AUD_3,StrictOOS_2025_2026Q1,1198,1610319280828.0,8062182878136.0,6451863597309.0,400.66,1493730597054.0,29.41,4.32,53.01,1.244,-12.76,34.13,2.87
V1_MaxTrades_6_JPY_2_AUD_3,Q1_2026,256,7565043918420.0,8062182878136.0,497138959717.0,6.57,1493730597054.0,16.19,0.33,50.39,1.045,-11.6,13.87,0.65
V1_MaxTrades_6_JPY_3_AUD_2,Full_2015_2026Q1,10962,500000.0,20776490193560.0,20776489693560.0,4155297938.71,2730463829588.0,31.27,7.61,53.69,1.313,-16.4,49.94,3.38
V1_MaxTrades_6_JPY_3_AUD_2,StrictIS_2015_2024,9748,500000.0,3404497736751.0,3404497236751.0,680899447.35,282179602963.0,31.27,12.07,53.7,1.514,-16.4,49.94,3.4
V1_MaxTrades_6_JPY_3_AUD_2,StrictOOS_2025_2026Q1,1214,3404497736751.0,20776490193560.0,17371992456809.0,510.27,2730463829588.0,25.57,6.36,53.54,1.291,-12.06,34.9,3.18
V1_MaxTrades_6_JPY_3_AUD_2,Q1_2026,251,17536185101462.0,20776490193560.0,3240305092099.0,18.48,2730463829588.0,13.32,1.19,52.99,1.125,-5.29,14.06,1.41
V1_MaxTrades_6_JPY_3_AUD_3,Full_2015_2026Q1,11892,500000.0,79003390340662.0,79003389840662.0,15800677968.13,13304315873792.0,32.63,5.94,54.0,1.282,-16.4,51.4,3.64
V1_MaxTrades_6_JPY_3_AUD_3,StrictIS_2015_2024,10615,500000.0,12101846313878.0,12101845813878.0,2420369162.78,1176361442986.0,32.63,10.29,54.06,1.455,-16.4,51.4,3.68
V1_MaxTrades_6_JPY_3_AUD_3,StrictOOS_2025_2026Q1,1277,12101846313878.0,79003390340662.0,66901544026785.0,552.82,13304315873792.0,27.91,5.03,53.56,1.264,-12.06,34.19,3.31
V1_MaxTrades_6_JPY_3_AUD_3,Q1_2026,277,71473945849762.0,79003390340662.0,7529444490901.0,10.53,13304315873792.0,15.68,0.57,50.9,1.065,-8.83,15.33,0.92
V1_MaxTrades_7_JPY_2_AUD_2,Full_2015_2026Q1,9870,500000.0,1730465616677.0,1730465116677.0,346093023.34,250458039810.0,28.62,6.91,53.75,1.282,-13.63,47.32,2.87
V1_MaxTrades_7_JPY_2_AUD_2,StrictIS_2015_2024,8751,500000.0,386698011888.0,386697511888.0,77339502.38,52415720115.0,28.62,7.38,53.88,1.389,-13.63,47.32,2.9
V1_MaxTrades_7_JPY_2_AUD_2,StrictOOS_2025_2026Q1,1119,386698011888.0,1730465616677.0,1343767604789.0,347.5,250458039810.0,26.52,5.37,52.73,1.261,-12.76,34.83,2.66
V1_MaxTrades_7_JPY_2_AUD_2,Q1_2026,228,1531678924784.0,1730465616677.0,198786691893.0,12.98,250458039810.0,13.31,0.79,51.75,1.099,-8.48,12.68,1.05
V1_MaxTrades_7_JPY_2_AUD_3,Full_2015_2026Q1,10865,500000.0,8090431792979.0,8090431292979.0,1618086258.6,1498964448614.0,31.66,5.4,54.05,1.267,-14.59,48.37,3.18
V1_MaxTrades_7_JPY_2_AUD_3,StrictIS_2015_2024,9660,500000.0,1527667810967.0,1527667310967.0,305533462.19,239051152818.0,31.66,6.39,54.18,1.37,-14.59,48.37,3.21
V1_MaxTrades_7_JPY_2_AUD_3,StrictOOS_2025_2026Q1,1205,1527667810967.0,8090431792979.0,6562763982011.0,429.59,1498964448614.0,29.41,4.38,53.03,1.251,-12.76,40.83,2.99
V1_MaxTrades_7_JPY_2_AUD_3,Q1_2026,259,7413188297600.0,8090431792979.0,677243495379.0,9.14,1498964448614.0,16.19,0.45,50.58,1.062,-11.6,15.58,0.84
V1_MaxTrades_7_JPY_3_AUD_2,Full_2015_2026Q1,10982,500000.0,21583788164421.0,21583787664421.0,4316757532.88,2836559608451.0,31.27,7.61,53.68,1.311,-16.4,49.94,3.38
V1_MaxTrades_7_JPY_3_AUD_2,StrictIS_2015_2024,9756,500000.0,3501181759805.0,3501181259805.0,700236251.96,290193195965.0,31.27,12.07,53.71,1.511,-16.4,49.94,3.41
V1_MaxTrades_7_JPY_3_AUD_2,StrictOOS_2025_2026Q1,1226,3501181759805.0,21583788164421.0,18082606404616.0,516.47,2836559608451.0,23.44,6.37,53.43,1.289,-12.06,34.9,3.19
V1_MaxTrades_7_JPY_3_AUD_2,Q1_2026,251,18217576737737.0,21583788164421.0,3366211426684.0,18.48,2836559608451.0,13.32,1.19,52.99,1.125,-5.29,14.06,1.41
V1_MaxTrades_8_JPY_2_AUD_2,Full_2015_2026Q1,9870,500000.0,1730465616677.0,1730465116677.0,346093023.34,250458039810.0,28.62,6.91,53.75,1.282,-13.63,47.32,2.87
V1_MaxTrades_8_JPY_2_AUD_2,StrictIS_2015_2024,8751,500000.0,386698011888.0,386697511888.0,77339502.38,52415720115.0,28.62,7.38,53.88,1.389,-13.63,47.32,2.9
V1_MaxTrades_8_JPY_2_AUD_2,StrictOOS_2025_2026Q1,1119,386698011888.0,1730465616677.0,1343767604789.0,347.5,250458039810.0,26.52,5.37,52.73,1.261,-12.76,34.83,2.66
V1_MaxTrades_8_JPY_2_AUD_2,Q1_2026,228,1531678924784.0,1730465616677.0,198786691893.0,12.98,250458039810.0,13.31,0.79,51.75,1.099,-8.48,12.68,1.05
V1_MaxTrades_8_JPY_2_AUD_3,Full_2015_2026Q1,10867,500000.0,8352289045612.0,8352288545612.0,1670457709.12,1547480364990.0,31.66,5.4,54.05,1.267,-14.59,48.37,3.19
V1_MaxTrades_8_JPY_2_AUD_3,StrictIS_2015_2024,9662,500000.0,1577112748661.0,1577112248661.0,315422449.73,246788351489.0,31.66,6.39,54.18,1.37,-14.59,48.37,3.21
V1_MaxTrades_8_JPY_2_AUD_3,StrictOOS_2025_2026Q1,1205,1577112748661.0,8352289045612.0,6775176296951.0,429.59,1547480364990.0,29.41,4.38,53.03,1.251,-12.76,40.83,2.99
V1_MaxTrades_8_JPY_2_AUD_3,Q1_2026,259,7653125691615.0,8352289045612.0,699163353997.0,9.14,1547480364990.0,16.19,0.45,50.58,1.062,-11.6,15.58,0.84
V1_MaxTrades_8_JPY_3_AUD_2,Full_2015_2026Q1,10982,500000.0,21583788164421.0,21583787664421.0,4316757532.88,2836559608451.0,31.27,7.61,53.68,1.311,-16.4,49.94,3.38
V1_MaxTrades_8_JPY_3_AUD_2,StrictIS_2015_2024,9756,500000.0,3501181759805.0,3501181259805.0,700236251.96,290193195965.0,31.27,12.07,53.71,1.511,-16.4,49.94,3.41
V1_MaxTrades_8_JPY_3_AUD_2,StrictOOS_2025_2026Q1,1226,3501181759805.0,21583788164421.0,18082606404616.0,516.47,2836559608451.0,23.44,6.37,53.43,1.289,-12.06,34.9,3.19
V1_MaxTrades_8_JPY_3_AUD_2,Q1_2026,251,18217576737737.0,21583788164421.0,3366211426684.0,18.48,2836559608451.0,13.32,1.19,52.99,1.125,-5.29,14.06,1.41
V1_MaxTrades_8_JPY_3_AUD_3,Full_2015_2026Q1,12222,500000.0,152318995641772.0,152318995141772.0,30463799028.35,24860893643619.0,34.24,6.13,54.06,1.295,-16.4,50.98,3.77
V1_MaxTrades_8_JPY_3_AUD_3,StrictIS_2015_2024,10906,500000.0,20523530335402.0,20523529835402.0,4104705967.08,2065722939755.0,34.24,9.94,54.11,1.464,-16.4,50.98,3.8
V1_MaxTrades_8_JPY_3_AUD_3,StrictOOS_2025_2026Q1,1316,20523530335402.0,152318995641772.0,131795465306370.0,642.17,24860893643619.0,25.08,5.3,53.65,1.279,-12.06,40.9,3.55
V1_MaxTrades_8_JPY_3_AUD_3,Q1_2026,286,130648790181090.0,152318995641772.0,21670205460682.0,16.59,24860893643619.0,15.34,0.87,51.75,1.1,-8.48,18.7,1.36
V2_PrevDayRangePips_LTE_P70,Full_2015_2026Q1,10592,500000.0,556672256205.0,556671756205.0,111334351.24,72987658869.0,41.31,7.63,54.69,1.396,-24.98,35.97,2.76
V2_PrevDayRangePips_LTE_P70,StrictIS_2015_2024,9607,500000.0,124333556050.0,124333056050.0,24866611.21,21986160182.0,41.31,5.66,54.65,1.457,-24.98,35.97,2.78
V2_PrevDayRangePips_LTE_P70,StrictOOS_2025_2026Q1,985,124333556050.0,556672256205.0,432338700155.0,347.72,72987658869.0,18.91,5.92,55.13,1.381,-11.01,25.44,2.61
V2_PrevDayRangePips_LTE_P70,Q1_2026,212,436707032152.0,556672256205.0,119965224053.0,27.47,72987658869.0,13.99,1.64,51.42,1.27,-6.59,17.81,2.07
V2_PrevDayRangePips_LTE_P75,Full_2015_2026Q1,11380,500000.0,1514405295443.0,1514404795443.0,302880959.09,265693871287.0,41.2,5.7,54.46,1.37,-26.7,36.13,2.96
V2_PrevDayRangePips_LTE_P75,StrictIS_2015_2024,10305,500000.0,314194302124.0,314193802124.0,62838760.42,56554002538.0,41.2,5.56,54.44,1.496,-26.7,36.13,2.99
V2_PrevDayRangePips_LTE_P75,StrictOOS_2025_2026Q1,1075,314194302124.0,1514405295443.0,1200210993319.0,382.0,265693871287.0,22.51,4.52,54.6,1.347,-11.35,25.44,2.78
V2_PrevDayRangePips_LTE_P75,Q1_2026,234,1222362109630.0,1514405295443.0,292043185814.0,23.89,265693871287.0,18.55,1.1,50.85,1.211,-6.59,23.12,1.92
V2_PrevDayRangePips_LTE_P80,Full_2015_2026Q1,12146,500000.0,8810157049336.0,8810156549336.0,1762031309.87,1605655772916.0,41.81,5.49,54.63,1.359,-26.7,34.32,3.31
V2_PrevDayRangePips_LTE_P80,StrictIS_2015_2024,10981,500000.0,1576971382297.0,1576970882297.0,315394176.46,294760360397.0,41.81,5.35,54.59,1.466,-26.7,34.32,3.34
V2_PrevDayRangePips_LTE_P80,StrictOOS_2025_2026Q1,1165,1576971382297.0,8810157049336.0,7233185667038.0,458.68,1605655772916.0,22.42,4.5,54.94,1.342,-11.84,27.72,3.06
V2_PrevDayRangePips_LTE_P80,Q1_2026,256,6938264271648.0,8810157049336.0,1871892777688.0,26.98,1605655772916.0,19.54,1.17,52.34,1.215,-6.59,22.71,2.12
V2_PrevDayRangePips_LTE_P85,Full_2015_2026Q1,12921,500000.0,20777493447081.0,20777492947081.0,4155498589.42,4106489645323.0,46.58,5.06,54.49,1.321,-30.83,34.32,3.49
V2_PrevDayRangePips_LTE_P85,StrictIS_2015_2024,11666,500000.0,3761338003799.0,3761337503799.0,752267500.76,527722428906.0,46.58,7.13,54.52,1.44,-30.83,34.32,3.54
V2_PrevDayRangePips_LTE_P85,StrictOOS_2025_2026Q1,1255,3761338003799.0,20777493447081.0,17016155443283.0,452.4,4106489645323.0,22.61,4.14,54.26,1.303,-11.84,28.5,3.04
V2_PrevDayRangePips_LTE_P85,Q1_2026,272,16268984841786.0,20777493447081.0,4508508605295.0,27.71,4106489645323.0,21.25,1.1,51.84,1.205,-6.59,25.6,2.22
V2_PrevDayRangePips_LTE_P90,Full_2015_2026Q1,13716,500000.0,52756266859198.0,52756266359198.0,10551253271.84,7245750218439.0,43.5,7.28,54.45,1.302,-32.42,34.32,3.67
V2_PrevDayRangePips_LTE_P90,StrictIS_2015_2024,12351,500000.0,10112328790403.0,10112328290403.0,2022465658.08,1303127224203.0,43.5,7.76,54.48,1.472,-32.42,34.32,3.76
V2_PrevDayRangePips_LTE_P90,StrictOOS_2025_2026Q1,1365,10112328790403.0,52756266859198.0,42643938068795.0,421.7,7245750218439.0,34.06,5.89,54.14,1.278,-17.04,28.66,2.98
V2_PrevDayRangePips_LTE_P90,Q1_2026,300,38776476045345.0,52756266859198.0,13979790813853.0,36.05,7245750218439.0,15.78,1.93,52.67,1.222,-6.39,26.48,2.71
V2_PrevDayRangePips_LTE_P95,Full_2015_2026Q1,14507,500000.0,520280264432543.0,520280263932543.0,104056052786.51,82370300593536.0,42.95,6.32,54.55,1.321,-27.65,38.22,4.11
V2_PrevDayRangePips_LTE_P95,StrictIS_2015_2024,13036,500000.0,65818536777664.0,65818536277664.0,13163707255.53,6245968970140.0,42.95,10.54,54.58,1.519,-27.65,36.19,4.16
V2_PrevDayRangePips_LTE_P95,StrictOOS_2025_2026Q1,1471,65818536777664.0,520280264432543.0,454461727654879.0,690.48,82370300593536.0,32.96,5.52,54.32,1.304,-15.66,38.22,3.74
V2_PrevDayRangePips_LTE_P95,Q1_2026,332,371645617177118.0,520280264432543.0,148634647255425.0,39.99,82370300593536.0,15.12,1.8,52.11,1.211,-6.68,33.61,3.03
V2_Range24hPips_LTE_P70,Full_2015_2026Q1,10610,500000.0,980244330067.0,980243830067.0,196048766.01,97447957319.0,39.92,10.06,55.0,1.403,-25.59,33.9,2.85
V2_Range24hPips_LTE_P70,StrictIS_2015_2024,9612,500000.0,222324106945.0,222323606945.0,44464721.39,34784154255.0,39.92,6.39,54.92,1.408,-25.59,33.9,2.88
V2_Range24hPips_LTE_P70,StrictOOS_2025_2026Q1,998,222324106945.0,980244330067.0,757920223123.0,340.91,97447957319.0,17.21,7.78,55.81,1.402,-9.23,25.21,2.58
V2_Range24hPips_LTE_P70,Q1_2026,203,718249960694.0,980244330067.0,261994369373.0,36.48,97447957319.0,12.12,2.69,54.68,1.372,-5.28,25.21,2.68
V2_Range24hPips_LTE_P75,Full_2015_2026Q1,11393,500000.0,2067338002069.0,2067337502069.0,413467500.41,295519942099.0,39.77,7.0,54.83,1.36,-23.9,34.77,3.0
V2_Range24hPips_LTE_P75,StrictIS_2015_2024,10295,500000.0,426831053301.0,426830553301.0,85366110.66,84494414936.0,39.77,5.05,54.75,1.357,-23.9,34.77,3.03
V2_Range24hPips_LTE_P75,StrictOOS_2025_2026Q1,1098,426831053301.0,2067338002069.0,1640506948768.0,384.35,295519942099.0,17.96,5.55,55.56,1.361,-9.53,30.0,2.78
V2_Range24hPips_LTE_P75,Q1_2026,233,1581656629031.0,2067338002069.0,485681373039.0,30.71,295519942099.0,16.72,1.64,52.79,1.265,-7.2,30.0,2.43
V2_Range24hPips_LTE_P80,Full_2015_2026Q1,12166,500000.0,6845678124811.0,6845677624811.0,1369135524.96,965000324654.0,42.11,7.09,54.78,1.37,-26.94,34.58,3.25
V2_Range24hPips_LTE_P80,StrictIS_2015_2024,10980,500000.0,1239455863953.0,1239455363953.0,247891072.79,184377930600.0,42.11,6.72,54.73,1.384,-26.94,34.58,3.27
V2_Range24hPips_LTE_P80,StrictOOS_2025_2026Q1,1186,1239455863953.0,6845678124811.0,5606222260858.0,452.31,965000324654.0,19.63,5.81,55.23,1.367,-9.53,30.0,3.01
V2_Range24hPips_LTE_P80,Q1_2026,255,5074048652356.0,6845678124811.0,1771629472455.0,34.92,965000324654.0,16.68,1.84,52.55,1.277,-7.2,30.0,2.68
V2_Range24hPips_LTE_P85,Full_2015_2026Q1,12948,500000.0,21026378653713.0,21026378153713.0,4205275630.74,2828898813897.0,42.11,7.43,54.6,1.342,-28.83,35.86,3.47
V2_Range24hPips_LTE_P85,StrictIS_2015_2024,11666,500000.0,3526144688542.0,3526144188542.0,705228837.71,394373461217.0,42.11,8.94,54.56,1.433,-28.83,35.86,3.51
V2_Range24hPips_LTE_P85,StrictOOS_2025_2026Q1,1282,3526144688542.0,21026378653713.0,17500233965171.0,496.3,2828898813897.0,22.29,6.19,54.91,1.328,-9.83,26.66,3.1
V2_Range24hPips_LTE_P85,Q1_2026,284,15447278365991.0,21026378653713.0,5579100287722.0,36.12,2828898813897.0,14.97,1.97,52.46,1.237,-6.14,22.38,2.62
V2_Range24hPips_LTE_P90,Full_2015_2026Q1,13740,500000.0,41987728090789.0,41987727590789.0,8397545518.16,6239293442464.0,42.95,6.73,54.41,1.286,-28.16,36.29,3.61
V2_Range24hPips_LTE_P90,StrictIS_2015_2024,12350,500000.0,7396079794205.0,7396079294205.0,1479215858.84,899406647658.0,42.95,8.22,54.45,1.433,-28.16,36.29,3.68
V2_Range24hPips_LTE_P90,StrictOOS_2025_2026Q1,1390,7396079794205.0,41987728090789.0,34591648296584.0,467.7,6239293442464.0,27.29,5.54,54.1,1.266,-11.83,27.29,3.07
V2_Range24hPips_LTE_P90,Q1_2026,313,33653860714003.0,41987728090789.0,8333867376786.0,24.76,6239293442464.0,16.11,1.34,51.12,1.146,-6.39,25.65,2.02
V2_Range24hPips_LTE_P95,Full_2015_2026Q1,14519,500000.0,221010944007250.0,221010943507250.0,44202188701.45,31997631988362.0,42.95,6.91,54.43,1.32,-26.25,38.22,3.94
V2_Range24hPips_LTE_P95,StrictIS_2015_2024,13037,500000.0,24664438648618.0,24664438148618.0,4932887629.72,2366467663932.0,42.95,10.42,54.42,1.457,-26.25,36.44,3.94
V2_Range24hPips_LTE_P95,StrictOOS_2025_2026Q1,1482,24664438648618.0,221010944007250.0,196346505358632.0,796.07,31997631988362.0,26.56,6.14,54.52,1.308,-11.83,38.22,3.91
V2_Range24hPips_LTE_P95,Q1_2026,341,162705519568720.0,221010944007250.0,58305424438531.0,35.83,31997631988362.0,15.7,1.82,51.91,1.192,-6.68,33.61,2.81
V2_DayToEntryRangePips_LTE_P70,Full_2015_2026Q1,9953,500000.0,303864357209.0,303863857209.0,60772771.44,32299775905.0,39.96,9.41,54.51,1.461,-20.9,27.64,2.61
V2_DayToEntryRangePips_LTE_P70,StrictIS_2015_2024,9040,500000.0,59107962559.0,59107462559.0,11821492.51,7039794152.0,39.96,8.4,54.31,1.401,-20.9,27.64,2.58
V2_DayToEntryRangePips_LTE_P70,StrictOOS_2025_2026Q1,913,59107962559.0,303864357209.0,244756394651.0,414.08,32299775905.0,19.12,7.58,56.41,1.478,-9.77,25.49,2.86
V2_DayToEntryRangePips_LTE_P70,Q1_2026,194,211283041420.0,303864357209.0,92581315790.0,43.82,32299775905.0,13.12,2.87,57.22,1.428,-5.16,25.49,3.08
V2_DayToEntryRangePips_LTE_P75,Full_2015_2026Q1,10666,500000.0,1490520332021.0,1490519832021.0,298103966.4,190613425381.0,40.2,7.82,54.6,1.438,-22.63,33.93,2.93
V2_DayToEntryRangePips_LTE_P75,StrictIS_2015_2024,9685,500000.0,257515924080.0,257515424080.0,51503084.82,29966776436.0,40.2,8.59,54.39,1.396,-22.63,33.93,2.91
V2_DayToEntryRangePips_LTE_P75,StrictOOS_2025_2026Q1,981,257515924080.0,1490520332021.0,1233004407940.0,478.81,190613425381.0,19.98,6.47,56.68,1.448,-9.77,25.25,3.07
V2_DayToEntryRangePips_LTE_P75,Q1_2026,207,1117482119535.0,1490520332021.0,373038212485.0,33.38,190613425381.0,15.13,1.96,56.04,1.307,-7.56,25.25,2.51
V2_DayToEntryRangePips_LTE_P80,Full_2015_2026Q1,11401,500000.0,2728391576765.0,2728391076765.0,545678215.35,421589846963.0,41.76,6.47,54.43,1.434,-23.95,33.93,3.07
V2_DayToEntryRangePips_LTE_P80,StrictIS_2015_2024,10332,500000.0,445649539093.0,445649039093.0,89129807.82,53557987424.0,41.76,8.32,54.2,1.407,-23.95,33.93,3.05
V2_DayToEntryRangePips_LTE_P80,StrictOOS_2025_2026Q1,1069,445649539093.0,2728391576765.0,2282742037672.0,512.23,421589846963.0,29.03,5.41,56.59,1.439,-12.55,26.28,3.21
V2_DayToEntryRangePips_LTE_P80,Q1_2026,232,1932417982907.0,2728391576765.0,795973593858.0,41.19,421589846963.0,18.95,1.89,55.17,1.334,-8.62,26.28,2.98
V2_DayToEntryRangePips_LTE_P85,Full_2015_2026Q1,12134,500000.0,12916227545556.0,12916227045556.0,2583245409.11,2151096517426.0,41.86,6.0,54.45,1.365,-23.95,37.4,3.38
V2_DayToEntryRangePips_LTE_P85,StrictIS_2015_2024,10976,500000.0,2303899003972.0,2303898503972.0,460779700.79,297004712663.0,41.86,7.76,54.33,1.393,-23.95,37.4,3.41
V2_DayToEntryRangePips_LTE_P85,StrictOOS_2025_2026Q1,1158,2303899003972.0,12916227545556.0,10612328541584.0,460.62,2151096517426.0,34.54,4.93,55.61,1.359,-15.77,35.06,3.15
V2_DayToEntryRangePips_LTE_P85,Q1_2026,254,9423165179747.0,12916227545556.0,3493062365809.0,37.07,2151096517426.0,19.99,1.62,54.33,1.278,-8.62,31.57,2.83
V2_DayToEntryRangePips_LTE_P90,Full_2015_2026Q1,12870,500000.0,38210228559803.0,38210228059803.0,7642045611.96,4603065709634.0,44.09,8.3,54.27,1.37,-29.12,36.91,3.6
V2_DayToEntryRangePips_LTE_P90,StrictIS_2015_2024,11619,500000.0,5377141963322.0,5377141463322.0,1075428292.66,645759901806.0,44.09,8.33,54.14,1.47,-29.12,36.91,3.61
V2_DayToEntryRangePips_LTE_P90,StrictOOS_2025_2026Q1,1251,5377141963322.0,38210228559803.0,32833086596481.0,610.6,4603065709634.0,31.89,7.13,55.4,1.357,-14.89,35.96,3.51
V2_DayToEntryRangePips_LTE_P90,Q1_2026,282,26717358302090.0,38210228559803.0,11492870257713.0,43.02,4603065709634.0,14.63,2.5,53.19,1.27,-6.14,32.54,3.16
V2_DayToEntryRangePips_LTE_P95,Full_2015_2026Q1,13624,500000.0,187572450849564.0,187572450349564.0,37514490069.91,29980418369494.0,41.74,6.26,54.32,1.321,-29.12,41.13,3.92
V2_DayToEntryRangePips_LTE_P95,StrictIS_2015_2024,12263,500000.0,24022511194073.0,24022510694073.0,4804502138.81,1875826721683.0,41.74,12.81,54.28,1.585,-29.12,41.13,3.95
V2_DayToEntryRangePips_LTE_P95,StrictOOS_2025_2026Q1,1361,24022511194073.0,187572450849564.0,163549939655490.0,680.82,29980418369494.0,29.04,5.46,54.67,1.301,-11.97,38.24,3.68
V2_DayToEntryRangePips_LTE_P95,Q1_2026,314,143686460580163.0,187572450849564.0,43885990269401.0,30.54,29980418369494.0,16.66,1.46,51.91,1.17,-6.65,33.91,2.5
V2_H1_ATR14_Pips_LTE_P70,Full_2015_2026Q1,10557,500000.0,82063800842.0,82063300842.0,16412660.17,6846949876.0,42.18,11.99,54.26,1.43,-21.6,30.56,2.38
V2_H1_ATR14_Pips_LTE_P70,StrictIS_2015_2024,9611,500000.0,20661753483.0,20661253483.0,4132250.7,2157903422.0,42.18,9.57,54.13,1.379,-21.6,30.56,2.38
V2_H1_ATR14_Pips_LTE_P70,StrictOOS_2025_2026Q1,946,20661753483.0,82063800842.0,61402047360.0,297.18,6846949876.0,16.74,8.97,55.6,1.451,-8.24,14.35,2.41
V2_H1_ATR14_Pips_LTE_P70,Q1_2026,182,59813031232.0,82063800842.0,22250769611.0,37.2,6846949876.0,8.23,3.25,56.04,1.466,-6.89,11.88,2.56
V2_H1_ATR14_Pips_LTE_P75,Full_2015_2026Q1,11349,500000.0,482092266068.0,482091766068.0,96418353.21,49999615504.0,43.07,9.64,54.37,1.442,-22.1,31.95,2.73
V2_H1_ATR14_Pips_LTE_P75,StrictIS_2015_2024,10297,500000.0,91462003962.0,91461503962.0,18292300.79,9503525917.0,43.07,9.62,54.26,1.411,-22.1,31.95,2.71
V2_H1_ATR14_Pips_LTE_P75,StrictOOS_2025_2026Q1,1052,91462003962.0,482092266068.0,390630262106.0,427.1,49999615504.0,17.02,7.81,55.51,1.45,-10.29,19.7,2.89
V2_H1_ATR14_Pips_LTE_P75,Q1_2026,208,341692961908.0,482092266068.0,140399304160.0,41.09,49999615504.0,11.92,2.81,55.77,1.43,-6.89,18.37,2.84
V2_H1_ATR14_Pips_LTE_P80,Full_2015_2026Q1,12128,500000.0,1518545686250.0,1518545186250.0,303709037.25,192824206946.0,45.4,7.88,54.49,1.36,-27.99,35.73,2.95
V2_H1_ATR14_Pips_LTE_P80,StrictIS_2015_2024,10979,500000.0,322385532527.0,322385032527.0,64477006.51,39530624602.0,45.4,8.16,54.43,1.39,-27.99,35.73,2.97
V2_H1_ATR14_Pips_LTE_P80,StrictOOS_2025_2026Q1,1149,322385532527.0,1518545686250.0,1196160153723.0,371.03,192824206946.0,19.79,6.2,55.0,1.353,-11.77,22.96,2.74
V2_H1_ATR14_Pips_LTE_P80,Q1_2026,226,1141614464757.0,1518545686250.0,376931221494.0,33.02,192824206946.0,14.16,1.95,55.31,1.306,-6.39,20.13,2.4
V2_H1_ATR14_Pips_LTE_P85,Full_2015_2026Q1,12915,500000.0,9717430281825.0,9717429781825.0,1943485956.36,1503690998467.0,42.97,6.46,54.54,1.341,-24.43,38.08,3.32
V2_H1_ATR14_Pips_LTE_P85,StrictIS_2015_2024,11665,500000.0,1917433523548.0,1917433023548.0,383486604.71,197738262766.0,42.97,9.7,54.51,1.48,-24.43,38.08,3.37
V2_H1_ATR14_Pips_LTE_P85,StrictOOS_2025_2026Q1,1250,1917433523548.0,9717430281825.0,7799996758277.0,406.79,1503690998467.0,26.78,5.19,54.8,1.318,-13.92,30.62,2.92
V2_H1_ATR14_Pips_LTE_P85,Q1_2026,257,7452053276065.0,9717430281825.0,2265377005760.0,30.4,1503690998467.0,16.6,1.51,53.7,1.232,-6.39,21.01,2.28
V2_H1_ATR14_Pips_LTE_P90,Full_2015_2026Q1,13706,500000.0,17915736058968.0,17915735558968.0,3583147111.79,2340735205331.0,42.95,7.65,54.36,1.34,-25.65,38.44,3.45
V2_H1_ATR14_Pips_LTE_P90,StrictIS_2015_2024,12350,500000.0,2891774427177.0,2891773927177.0,578354785.44,462467554682.0,42.95,6.25,54.32,1.391,-25.65,38.44,3.47
V2_H1_ATR14_Pips_LTE_P90,StrictOOS_2025_2026Q1,1356,2891774427177.0,17915736058968.0,15023961631791.0,519.54,2340735205331.0,29.04,6.42,54.65,1.332,-13.92,38.22,3.33
V2_H1_ATR14_Pips_LTE_P90,Q1_2026,295,12232260167440.0,17915736058968.0,5683475891528.0,46.46,2340735205331.0,15.25,2.43,54.24,1.286,-6.39,28.88,3.28
V2_H1_ATR14_Pips_LTE_P95,Full_2015_2026Q1,14484,500000.0,244102648798412.0,244102648298412.0,48820529659.68,31007748928273.0,42.95,7.87,54.43,1.329,-27.33,41.46,3.96
V2_H1_ATR14_Pips_LTE_P95,StrictIS_2015_2024,13035,500000.0,32633770666093.0,32633770166093.0,6526754033.22,3263906644564.0,42.95,10.0,54.45,1.454,-27.33,41.46,4.0
V2_H1_ATR14_Pips_LTE_P95,StrictOOS_2025_2026Q1,1449,32633770666093.0,244102648798412.0,211468878132319.0,648.01,31007748928273.0,28.91,6.82,54.24,1.315,-12.86,38.22,3.66
V2_H1_ATR14_Pips_LTE_P95,Q1_2026,333,171244901152500.0,244102648798412.0,72857747645913.0,42.55,31007748928273.0,15.12,2.35,52.25,1.232,-6.39,31.61,3.11
