StrategyNo,Strategy,Axis,Point,UniqueSetting,HistoricalPFThreshold,DecayRatioThreshold,CombinedMinTrades,ABMinTrades,PrimaryClassification,Classification,Warning,MonitorUsedForClassification
1,1_EJ_Log1,PF,1.00,PF_1.00,1.00,0.50,30,15,STABLE,STABLE,False,False
1,1_EJ_Log1,PF,1.05,OFFICIAL,1.05,0.50,30,15,STABLE,STABLE,False,False
1,1_EJ_Log1,PF,1.10,PF_1.10,1.10,0.50,30,15,STABLE,STABLE,False,False
1,1_EJ_Log1,RATIO,0.25,RATIO_0.25,1.05,0.25,30,15,STABLE,STABLE,False,False
1,1_EJ_Log1,RATIO,0.50,OFFICIAL,1.05,0.50,30,15,STABLE,STABLE,False,False
1,1_EJ_Log1,RATIO,0.75,RATIO_0.75,1.05,0.75,30,15,STABLE,STABLE,False,False
1,1_EJ_Log1,SAMPLE,relaxed,SAMPLE_RELAXED,1.05,0.50,20,10,STABLE,STABLE,False,False
1,1_EJ_Log1,SAMPLE,official,OFFICIAL,1.05,0.50,30,15,STABLE,STABLE,False,False
1,1_EJ_Log1,SAMPLE,strict,SAMPLE_STRICT,1.05,0.50,40,20,STABLE,STABLE,False,False
2,2_EJ_NightBlitz_20,PF,1.00,PF_1.00,1.00,0.50,30,15,STABLE,STABLE,False,False
2,2_EJ_NightBlitz_20,PF,1.05,OFFICIAL,1.05,0.50,30,15,STABLE,STABLE,False,False
2,2_EJ_NightBlitz_20,PF,1.10,PF_1.10,1.10,0.50,30,15,STABLE,STABLE,False,False
2,2_EJ_NightBlitz_20,RATIO,0.25,RATIO_0.25,1.05,0.25,30,15,STABLE,STABLE,False,False
2,2_EJ_NightBlitz_20,RATIO,0.50,OFFICIAL,1.05,0.50,30,15,STABLE,STABLE,False,False
2,2_EJ_NightBlitz_20,RATIO,0.75,RATIO_0.75,1.05,0.75,30,15,STABLE,STABLE,False,False
2,2_EJ_NightBlitz_20,SAMPLE,relaxed,SAMPLE_RELAXED,1.05,0.50,20,10,STABLE,STABLE,False,False
2,2_EJ_NightBlitz_20,SAMPLE,official,OFFICIAL,1.05,0.50,30,15,STABLE,STABLE,False,False
2,2_EJ_NightBlitz_20,SAMPLE,strict,SAMPLE_STRICT,1.05,0.50,40,20,STABLE,STABLE,False,False
3,3_EJ_NightBlitz_21,PF,1.00,PF_1.00,1.00,0.50,30,15,STABLE,STABLE,False,False
3,3_EJ_NightBlitz_21,PF,1.05,OFFICIAL,1.05,0.50,30,15,STABLE,STABLE,False,False
3,3_EJ_NightBlitz_21,PF,1.10,PF_1.10,1.10,0.50,30,15,STABLE,STABLE,False,False
3,3_EJ_NightBlitz_21,RATIO,0.25,RATIO_0.25,1.05,0.25,30,15,STABLE,STABLE,False,False
3,3_EJ_NightBlitz_21,RATIO,0.50,OFFICIAL,1.05,0.50,30,15,STABLE,STABLE,False,False
3,3_EJ_NightBlitz_21,RATIO,0.75,RATIO_0.75,1.05,0.75,30,15,STABLE,STABLE,False,False
3,3_EJ_NightBlitz_21,SAMPLE,relaxed,SAMPLE_RELAXED,1.05,0.50,20,10,STABLE,STABLE,False,False
3,3_EJ_NightBlitz_21,SAMPLE,official,OFFICIAL,1.05,0.50,30,15,STABLE,STABLE,False,False
3,3_EJ_NightBlitz_21,SAMPLE,strict,SAMPLE_STRICT,1.05,0.50,40,20,STABLE,STABLE,False,False
4,4_GJ_Port_Log1,PF,1.00,PF_1.00,1.00,0.50,30,15,STABLE,STABLE,False,False
4,4_GJ_Port_Log1,PF,1.05,OFFICIAL,1.05,0.50,30,15,STABLE,STABLE,False,False
4,4_GJ_Port_Log1,PF,1.10,PF_1.10,1.10,0.50,30,15,STABLE,STABLE,False,False
4,4_GJ_Port_Log1,RATIO,0.25,RATIO_0.25,1.05,0.25,30,15,STABLE,STABLE,False,False
4,4_GJ_Port_Log1,RATIO,0.50,OFFICIAL,1.05,0.50,30,15,STABLE,STABLE,False,False
4,4_GJ_Port_Log1,RATIO,0.75,RATIO_0.75,1.05,0.75,30,15,STABLE,STABLE,False,False
4,4_GJ_Port_Log1,SAMPLE,relaxed,SAMPLE_RELAXED,1.05,0.50,20,10,STABLE,STABLE,False,False
4,4_GJ_Port_Log1,SAMPLE,official,OFFICIAL,1.05,0.50,30,15,STABLE,STABLE,False,False
4,4_GJ_Port_Log1,SAMPLE,strict,SAMPLE_STRICT,1.05,0.50,40,20,STABLE,STABLE,False,False
5,5_GJ_Port_Log2,PF,1.00,PF_1.00,1.00,0.50,30,15,STABLE,STABLE,False,False
5,5_GJ_Port_Log2,PF,1.05,OFFICIAL,1.05,0.50,30,15,STABLE,STABLE,False,False
5,5_GJ_Port_Log2,PF,1.10,PF_1.10,1.10,0.50,30,15,STABLE,STABLE,False,False
5,5_GJ_Port_Log2,RATIO,0.25,RATIO_0.25,1.05,0.25,30,15,STABLE,STABLE,False,False
5,5_GJ_Port_Log2,RATIO,0.50,OFFICIAL,1.05,0.50,30,15,STABLE,STABLE,False,False
5,5_GJ_Port_Log2,RATIO,0.75,RATIO_0.75,1.05,0.75,30,15,STABLE,STABLE,False,False
5,5_GJ_Port_Log2,SAMPLE,relaxed,SAMPLE_RELAXED,1.05,0.50,20,10,STABLE,STABLE,False,False
5,5_GJ_Port_Log2,SAMPLE,official,OFFICIAL,1.05,0.50,30,15,STABLE,STABLE,False,False
5,5_GJ_Port_Log2,SAMPLE,strict,SAMPLE_STRICT,1.05,0.50,40,20,STABLE,STABLE,False,False
6,6_GJ_Old_Mon,PF,1.00,PF_1.00,1.00,0.50,30,15,STABLE,STABLE,False,False
6,6_GJ_Old_Mon,PF,1.05,OFFICIAL,1.05,0.50,30,15,STABLE,STABLE,False,False
6,6_GJ_Old_Mon,PF,1.10,PF_1.10,1.10,0.50,30,15,STABLE,STABLE,False,False
6,6_GJ_Old_Mon,RATIO,0.25,RATIO_0.25,1.05,0.25,30,15,STABLE,STABLE,False,False
6,6_GJ_Old_Mon,RATIO,0.50,OFFICIAL,1.05,0.50,30,15,STABLE,STABLE,False,False
6,6_GJ_Old_Mon,RATIO,0.75,RATIO_0.75,1.05,0.75,30,15,STABLE,STABLE,False,False
6,6_GJ_Old_Mon,SAMPLE,relaxed,SAMPLE_RELAXED,1.05,0.50,20,10,STABLE,STABLE,False,False
6,6_GJ_Old_Mon,SAMPLE,official,OFFICIAL,1.05,0.50,30,15,STABLE,STABLE,False,False
6,6_GJ_Old_Mon,SAMPLE,strict,SAMPLE_STRICT,1.05,0.50,40,20,STABLE,STABLE,False,False
7,7_GJ_Mon_Blitz,PF,1.00,PF_1.00,1.00,0.50,30,15,STABLE,STABLE,False,False
7,7_GJ_Mon_Blitz,PF,1.05,OFFICIAL,1.05,0.50,30,15,STABLE,STABLE,False,False
7,7_GJ_Mon_Blitz,PF,1.10,PF_1.10,1.10,0.50,30,15,STABLE,STABLE,False,False
7,7_GJ_Mon_Blitz,RATIO,0.25,RATIO_0.25,1.05,0.25,30,15,STABLE,STABLE,False,False
7,7_GJ_Mon_Blitz,RATIO,0.50,OFFICIAL,1.05,0.50,30,15,STABLE,STABLE,False,False
7,7_GJ_Mon_Blitz,RATIO,0.75,RATIO_0.75,1.05,0.75,30,15,STABLE,STABLE,False,False
7,7_GJ_Mon_Blitz,SAMPLE,relaxed,SAMPLE_RELAXED,1.05,0.50,20,10,STABLE,STABLE,False,False
7,7_GJ_Mon_Blitz,SAMPLE,official,OFFICIAL,1.05,0.50,30,15,STABLE,STABLE,False,False
7,7_GJ_Mon_Blitz,SAMPLE,strict,SAMPLE_STRICT,1.05,0.50,40,20,STABLE,STABLE,False,False
8,8_AJ_Core1,PF,1.00,PF_1.00,1.00,0.50,30,15,STABLE,STABLE,False,False
8,8_AJ_Core1,PF,1.05,OFFICIAL,1.05,0.50,30,15,STABLE,STABLE,False,False
8,8_AJ_Core1,PF,1.10,PF_1.10,1.10,0.50,30,15,STABLE,STABLE,False,False
8,8_AJ_Core1,RATIO,0.25,RATIO_0.25,1.05,0.25,30,15,STABLE,STABLE,False,False
8,8_AJ_Core1,RATIO,0.50,OFFICIAL,1.05,0.50,30,15,STABLE,STABLE,False,False
8,8_AJ_Core1,RATIO,0.75,RATIO_0.75,1.05,0.75,30,15,STABLE,STABLE,False,False
8,8_AJ_Core1,SAMPLE,relaxed,SAMPLE_RELAXED,1.05,0.50,20,10,STABLE,STABLE,False,False
8,8_AJ_Core1,SAMPLE,official,OFFICIAL,1.05,0.50,30,15,STABLE,STABLE,False,False
8,8_AJ_Core1,SAMPLE,strict,SAMPLE_STRICT,1.05,0.50,40,20,STABLE,STABLE,False,False
9,9_AJ_Core2,PF,1.00,PF_1.00,1.00,0.50,30,15,STABLE,STABLE,False,False
9,9_AJ_Core2,PF,1.05,OFFICIAL,1.05,0.50,30,15,STABLE,STABLE,False,False
9,9_AJ_Core2,PF,1.10,PF_1.10,1.10,0.50,30,15,STABLE,STABLE,False,False
9,9_AJ_Core2,RATIO,0.25,RATIO_0.25,1.05,0.25,30,15,STABLE,STABLE,False,False
9,9_AJ_Core2,RATIO,0.50,OFFICIAL,1.05,0.50,30,15,STABLE,STABLE,False,False
9,9_AJ_Core2,RATIO,0.75,RATIO_0.75,1.05,0.75,30,15,STABLE,STABLE,False,False
9,9_AJ_Core2,SAMPLE,relaxed,SAMPLE_RELAXED,1.05,0.50,20,10,STABLE,STABLE,False,False
9,9_AJ_Core2,SAMPLE,official,OFFICIAL,1.05,0.50,30,15,STABLE,STABLE,False,False
9,9_AJ_Core2,SAMPLE,strict,SAMPLE_STRICT,1.05,0.50,40,20,STABLE,STABLE,False,False
10,10_AJ_SatA,PF,1.00,PF_1.00,1.00,0.50,30,15,STABLE,STABLE,False,False
10,10_AJ_SatA,PF,1.05,OFFICIAL,1.05,0.50,30,15,STABLE,STABLE,False,False
10,10_AJ_SatA,PF,1.10,PF_1.10,1.10,0.50,30,15,STABLE,STABLE,False,False
10,10_AJ_SatA,RATIO,0.25,RATIO_0.25,1.05,0.25,30,15,STABLE,STABLE,False,False
10,10_AJ_SatA,RATIO,0.50,OFFICIAL,1.05,0.50,30,15,STABLE,STABLE,False,False
10,10_AJ_SatA,RATIO,0.75,RATIO_0.75,1.05,0.75,30,15,STABLE,STABLE,False,False
10,10_AJ_SatA,SAMPLE,relaxed,SAMPLE_RELAXED,1.05,0.50,20,10,STABLE,STABLE,False,False
10,10_AJ_SatA,SAMPLE,official,OFFICIAL,1.05,0.50,30,15,STABLE,STABLE,False,False
10,10_AJ_SatA,SAMPLE,strict,SAMPLE_STRICT,1.05,0.50,40,20,STABLE,STABLE,False,False
11,11_AJ_SatB,PF,1.00,PF_1.00,1.00,0.50,30,15,STABLE,STABLE,False,False
11,11_AJ_SatB,PF,1.05,OFFICIAL,1.05,0.50,30,15,STABLE,STABLE,False,False
11,11_AJ_SatB,PF,1.10,PF_1.10,1.10,0.50,30,15,STABLE,STABLE,False,False
11,11_AJ_SatB,RATIO,0.25,RATIO_0.25,1.05,0.25,30,15,STABLE,STABLE,False,False
11,11_AJ_SatB,RATIO,0.50,OFFICIAL,1.05,0.50,30,15,STABLE,STABLE,False,False
11,11_AJ_SatB,RATIO,0.75,RATIO_0.75,1.05,0.75,30,15,STABLE,STABLE,False,False
11,11_AJ_SatB,SAMPLE,relaxed,SAMPLE_RELAXED,1.05,0.50,20,10,STABLE,STABLE,False,False
11,11_AJ_SatB,SAMPLE,official,OFFICIAL,1.05,0.50,30,15,STABLE,STABLE,False,False
11,11_AJ_SatB,SAMPLE,strict,SAMPLE_STRICT,1.05,0.50,40,20,STABLE,STABLE,False,False
12,12_UJ_Short_Core,PF,1.00,PF_1.00,1.00,0.50,30,15,STABLE,STABLE,False,False
12,12_UJ_Short_Core,PF,1.05,OFFICIAL,1.05,0.50,30,15,STABLE,STABLE,False,False
12,12_UJ_Short_Core,PF,1.10,PF_1.10,1.10,0.50,30,15,STABLE,STABLE,False,False
12,12_UJ_Short_Core,RATIO,0.25,RATIO_0.25,1.05,0.25,30,15,STABLE,STABLE,False,False
12,12_UJ_Short_Core,RATIO,0.50,OFFICIAL,1.05,0.50,30,15,STABLE,STABLE,False,False
12,12_UJ_Short_Core,RATIO,0.75,RATIO_0.75,1.05,0.75,30,15,STABLE,STABLE,False,False
12,12_UJ_Short_Core,SAMPLE,relaxed,SAMPLE_RELAXED,1.05,0.50,20,10,STABLE,STABLE,False,False
12,12_UJ_Short_Core,SAMPLE,official,OFFICIAL,1.05,0.50,30,15,STABLE,STABLE,False,False
12,12_UJ_Short_Core,SAMPLE,strict,SAMPLE_STRICT,1.05,0.50,40,20,STABLE,STABLE,False,False
13,13_UJ_Fix_MidWeek,PF,1.00,PF_1.00,1.00,0.50,30,15,STABLE,STABLE,False,False
13,13_UJ_Fix_MidWeek,PF,1.05,OFFICIAL,1.05,0.50,30,15,STABLE,STABLE,False,False
13,13_UJ_Fix_MidWeek,PF,1.10,PF_1.10,1.10,0.50,30,15,STABLE,STABLE,False,False
13,13_UJ_Fix_MidWeek,RATIO,0.25,RATIO_0.25,1.05,0.25,30,15,STABLE,STABLE,False,False
13,13_UJ_Fix_MidWeek,RATIO,0.50,OFFICIAL,1.05,0.50,30,15,STABLE,STABLE,False,False
13,13_UJ_Fix_MidWeek,RATIO,0.75,RATIO_0.75,1.05,0.75,30,15,STABLE,STABLE,False,False
13,13_UJ_Fix_MidWeek,SAMPLE,relaxed,SAMPLE_RELAXED,1.05,0.50,20,10,STABLE,STABLE,False,False
13,13_UJ_Fix_MidWeek,SAMPLE,official,OFFICIAL,1.05,0.50,30,15,STABLE,STABLE,False,False
13,13_UJ_Fix_MidWeek,SAMPLE,strict,SAMPLE_STRICT,1.05,0.50,40,20,STABLE,STABLE,False,False
14,14_UJ_Sat_3rd,PF,1.00,PF_1.00,1.00,0.50,30,15,INSUFFICIENT SAMPLE,INSUFFICIENT SAMPLE,False,False
14,14_UJ_Sat_3rd,PF,1.05,OFFICIAL,1.05,0.50,30,15,INSUFFICIENT SAMPLE,INSUFFICIENT SAMPLE,False,False
14,14_UJ_Sat_3rd,PF,1.10,PF_1.10,1.10,0.50,30,15,INSUFFICIENT SAMPLE,INSUFFICIENT SAMPLE,False,False
14,14_UJ_Sat_3rd,RATIO,0.25,RATIO_0.25,1.05,0.25,30,15,INSUFFICIENT SAMPLE,INSUFFICIENT SAMPLE,False,False
14,14_UJ_Sat_3rd,RATIO,0.50,OFFICIAL,1.05,0.50,30,15,INSUFFICIENT SAMPLE,INSUFFICIENT SAMPLE,False,False
14,14_UJ_Sat_3rd,RATIO,0.75,RATIO_0.75,1.05,0.75,30,15,INSUFFICIENT SAMPLE,INSUFFICIENT SAMPLE,False,False
14,14_UJ_Sat_3rd,SAMPLE,relaxed,SAMPLE_RELAXED,1.05,0.50,20,10,INSUFFICIENT SAMPLE,STABLE,False,False
14,14_UJ_Sat_3rd,SAMPLE,official,OFFICIAL,1.05,0.50,30,15,INSUFFICIENT SAMPLE,INSUFFICIENT SAMPLE,False,False
14,14_UJ_Sat_3rd,SAMPLE,strict,SAMPLE_STRICT,1.05,0.50,40,20,INSUFFICIENT SAMPLE,INSUFFICIENT SAMPLE,False,False
15,15_UJ_Sat_Aug,PF,1.00,PF_1.00,1.00,0.50,30,15,INSUFFICIENT SAMPLE,INSUFFICIENT SAMPLE,False,False
15,15_UJ_Sat_Aug,PF,1.05,OFFICIAL,1.05,0.50,30,15,INSUFFICIENT SAMPLE,INSUFFICIENT SAMPLE,False,False
15,15_UJ_Sat_Aug,PF,1.10,PF_1.10,1.10,0.50,30,15,INSUFFICIENT SAMPLE,INSUFFICIENT SAMPLE,False,False
15,15_UJ_Sat_Aug,RATIO,0.25,RATIO_0.25,1.05,0.25,30,15,INSUFFICIENT SAMPLE,INSUFFICIENT SAMPLE,False,False
15,15_UJ_Sat_Aug,RATIO,0.50,OFFICIAL,1.05,0.50,30,15,INSUFFICIENT SAMPLE,INSUFFICIENT SAMPLE,False,False
15,15_UJ_Sat_Aug,RATIO,0.75,RATIO_0.75,1.05,0.75,30,15,INSUFFICIENT SAMPLE,INSUFFICIENT SAMPLE,False,False
15,15_UJ_Sat_Aug,SAMPLE,relaxed,SAMPLE_RELAXED,1.05,0.50,20,10,INSUFFICIENT SAMPLE,STABLE,False,False
15,15_UJ_Sat_Aug,SAMPLE,official,OFFICIAL,1.05,0.50,30,15,INSUFFICIENT SAMPLE,INSUFFICIENT SAMPLE,False,False
15,15_UJ_Sat_Aug,SAMPLE,strict,SAMPLE_STRICT,1.05,0.50,40,20,INSUFFICIENT SAMPLE,INSUFFICIENT SAMPLE,False,False
16,16_UJ_T10A,PF,1.00,PF_1.00,1.00,0.50,30,15,INSUFFICIENT SAMPLE,INSUFFICIENT SAMPLE,False,False
16,16_UJ_T10A,PF,1.05,OFFICIAL,1.05,0.50,30,15,INSUFFICIENT SAMPLE,INSUFFICIENT SAMPLE,False,False
16,16_UJ_T10A,PF,1.10,PF_1.10,1.10,0.50,30,15,INSUFFICIENT SAMPLE,INSUFFICIENT SAMPLE,False,False
16,16_UJ_T10A,RATIO,0.25,RATIO_0.25,1.05,0.25,30,15,INSUFFICIENT SAMPLE,INSUFFICIENT SAMPLE,False,False
16,16_UJ_T10A,RATIO,0.50,OFFICIAL,1.05,0.50,30,15,INSUFFICIENT SAMPLE,INSUFFICIENT SAMPLE,False,False
16,16_UJ_T10A,RATIO,0.75,RATIO_0.75,1.05,0.75,30,15,INSUFFICIENT SAMPLE,INSUFFICIENT SAMPLE,False,False
16,16_UJ_T10A,SAMPLE,relaxed,SAMPLE_RELAXED,1.05,0.50,20,10,INSUFFICIENT SAMPLE,INSUFFICIENT SAMPLE,False,False
16,16_UJ_T10A,SAMPLE,official,OFFICIAL,1.05,0.50,30,15,INSUFFICIENT SAMPLE,INSUFFICIENT SAMPLE,False,False
16,16_UJ_T10A,SAMPLE,strict,SAMPLE_STRICT,1.05,0.50,40,20,INSUFFICIENT SAMPLE,INSUFFICIENT SAMPLE,False,False
17,17_EA_1B_Wed_Short,PF,1.00,PF_1.00,1.00,0.50,30,15,STABLE,STABLE,False,False
17,17_EA_1B_Wed_Short,PF,1.05,OFFICIAL,1.05,0.50,30,15,STABLE,STABLE,False,False
17,17_EA_1B_Wed_Short,PF,1.10,PF_1.10,1.10,0.50,30,15,STABLE,STABLE,False,False
17,17_EA_1B_Wed_Short,RATIO,0.25,RATIO_0.25,1.05,0.25,30,15,STABLE,STABLE,False,False
17,17_EA_1B_Wed_Short,RATIO,0.50,OFFICIAL,1.05,0.50,30,15,STABLE,STABLE,False,False
17,17_EA_1B_Wed_Short,RATIO,0.75,RATIO_0.75,1.05,0.75,30,15,STABLE,STABLE,False,False
17,17_EA_1B_Wed_Short,SAMPLE,relaxed,SAMPLE_RELAXED,1.05,0.50,20,10,STABLE,STABLE,False,False
17,17_EA_1B_Wed_Short,SAMPLE,official,OFFICIAL,1.05,0.50,30,15,STABLE,STABLE,False,False
17,17_EA_1B_Wed_Short,SAMPLE,strict,SAMPLE_STRICT,1.05,0.50,40,20,STABLE,STABLE,False,False
18,18_EA_2_MonWed_Short,PF,1.00,PF_1.00,1.00,0.50,30,15,EDGE LOST,EDGE LOST,True,False
18,18_EA_2_MonWed_Short,PF,1.05,OFFICIAL,1.05,0.50,30,15,EDGE LOST,EDGE LOST,True,False
18,18_EA_2_MonWed_Short,PF,1.10,PF_1.10,1.10,0.50,30,15,EDGE LOST,EDGE LOST,True,False
18,18_EA_2_MonWed_Short,RATIO,0.25,RATIO_0.25,1.05,0.25,30,15,EDGE LOST,EDGE LOST,True,False
18,18_EA_2_MonWed_Short,RATIO,0.50,OFFICIAL,1.05,0.50,30,15,EDGE LOST,EDGE LOST,True,False
18,18_EA_2_MonWed_Short,RATIO,0.75,RATIO_0.75,1.05,0.75,30,15,EDGE LOST,EDGE LOST,True,False
18,18_EA_2_MonWed_Short,SAMPLE,relaxed,SAMPLE_RELAXED,1.05,0.50,20,10,EDGE LOST,EDGE LOST,True,False
18,18_EA_2_MonWed_Short,SAMPLE,official,OFFICIAL,1.05,0.50,30,15,EDGE LOST,EDGE LOST,True,False
18,18_EA_2_MonWed_Short,SAMPLE,strict,SAMPLE_STRICT,1.05,0.50,40,20,EDGE LOST,EDGE LOST,True,False
19,19_EA_3_WedThu_Long,PF,1.00,PF_1.00,1.00,0.50,30,15,STABLE,STABLE,False,False
19,19_EA_3_WedThu_Long,PF,1.05,OFFICIAL,1.05,0.50,30,15,STABLE,STABLE,False,False
19,19_EA_3_WedThu_Long,PF,1.10,PF_1.10,1.10,0.50,30,15,STABLE,STABLE,False,False
19,19_EA_3_WedThu_Long,RATIO,0.25,RATIO_0.25,1.05,0.25,30,15,STABLE,STABLE,False,False
19,19_EA_3_WedThu_Long,RATIO,0.50,OFFICIAL,1.05,0.50,30,15,STABLE,STABLE,False,False
19,19_EA_3_WedThu_Long,RATIO,0.75,RATIO_0.75,1.05,0.75,30,15,STABLE,STABLE,False,False
19,19_EA_3_WedThu_Long,SAMPLE,relaxed,SAMPLE_RELAXED,1.05,0.50,20,10,STABLE,STABLE,False,False
19,19_EA_3_WedThu_Long,SAMPLE,official,OFFICIAL,1.05,0.50,30,15,STABLE,STABLE,False,False
19,19_EA_3_WedThu_Long,SAMPLE,strict,SAMPLE_STRICT,1.05,0.50,40,20,STABLE,STABLE,False,False
20,20_EA_1A_MonTue_Short,PF,1.00,PF_1.00,1.00,0.50,30,15,EDGE DECAY,EDGE DECAY,True,False
20,20_EA_1A_MonTue_Short,PF,1.05,OFFICIAL,1.05,0.50,30,15,EDGE DECAY,EDGE DECAY,True,False
20,20_EA_1A_MonTue_Short,PF,1.10,PF_1.10,1.10,0.50,30,15,EDGE DECAY,EDGE DECAY,True,False
20,20_EA_1A_MonTue_Short,RATIO,0.25,RATIO_0.25,1.05,0.25,30,15,EDGE DECAY,EDGE DECAY,True,False
20,20_EA_1A_MonTue_Short,RATIO,0.50,OFFICIAL,1.05,0.50,30,15,EDGE DECAY,EDGE DECAY,True,False
20,20_EA_1A_MonTue_Short,RATIO,0.75,RATIO_0.75,1.05,0.75,30,15,EDGE DECAY,EDGE DECAY,True,False
20,20_EA_1A_MonTue_Short,SAMPLE,relaxed,SAMPLE_RELAXED,1.05,0.50,20,10,EDGE DECAY,EDGE DECAY,True,False
20,20_EA_1A_MonTue_Short,SAMPLE,official,OFFICIAL,1.05,0.50,30,15,EDGE DECAY,EDGE DECAY,True,False
20,20_EA_1A_MonTue_Short,SAMPLE,strict,SAMPLE_STRICT,1.05,0.50,40,20,EDGE DECAY,EDGE DECAY,True,False
21,21_GA_B_3,PF,1.00,PF_1.00,1.00,0.50,30,15,STABLE,STABLE,False,False
21,21_GA_B_3,PF,1.05,OFFICIAL,1.05,0.50,30,15,STABLE,STABLE,False,False
21,21_GA_B_3,PF,1.10,PF_1.10,1.10,0.50,30,15,STABLE,STABLE,False,False
21,21_GA_B_3,RATIO,0.25,RATIO_0.25,1.05,0.25,30,15,STABLE,STABLE,False,False
21,21_GA_B_3,RATIO,0.50,OFFICIAL,1.05,0.50,30,15,STABLE,STABLE,False,False
21,21_GA_B_3,RATIO,0.75,RATIO_0.75,1.05,0.75,30,15,STABLE,STABLE,False,False
21,21_GA_B_3,SAMPLE,relaxed,SAMPLE_RELAXED,1.05,0.50,20,10,STABLE,STABLE,False,False
21,21_GA_B_3,SAMPLE,official,OFFICIAL,1.05,0.50,30,15,STABLE,STABLE,False,False
21,21_GA_B_3,SAMPLE,strict,SAMPLE_STRICT,1.05,0.50,40,20,STABLE,STABLE,False,False
22,22_GA_C_2,PF,1.00,PF_1.00,1.00,0.50,30,15,EDGE LOST,EDGE LOST,True,False
22,22_GA_C_2,PF,1.05,OFFICIAL,1.05,0.50,30,15,EDGE LOST,EDGE LOST,True,False
22,22_GA_C_2,PF,1.10,PF_1.10,1.10,0.50,30,15,EDGE LOST,EDGE LOST,True,False
22,22_GA_C_2,RATIO,0.25,RATIO_0.25,1.05,0.25,30,15,EDGE LOST,EDGE LOST,True,False
22,22_GA_C_2,RATIO,0.50,OFFICIAL,1.05,0.50,30,15,EDGE LOST,EDGE LOST,True,False
22,22_GA_C_2,RATIO,0.75,RATIO_0.75,1.05,0.75,30,15,EDGE LOST,EDGE LOST,True,False
22,22_GA_C_2,SAMPLE,relaxed,SAMPLE_RELAXED,1.05,0.50,20,10,EDGE LOST,EDGE LOST,True,False
22,22_GA_C_2,SAMPLE,official,OFFICIAL,1.05,0.50,30,15,EDGE LOST,EDGE LOST,True,False
22,22_GA_C_2,SAMPLE,strict,SAMPLE_STRICT,1.05,0.50,40,20,EDGE LOST,EDGE LOST,True,False
23,23_GA_F_2,PF,1.00,PF_1.00,1.00,0.50,30,15,EDGE DECAY,EDGE DECAY,True,False
23,23_GA_F_2,PF,1.05,OFFICIAL,1.05,0.50,30,15,EDGE DECAY,EDGE DECAY,True,False
23,23_GA_F_2,PF,1.10,PF_1.10,1.10,0.50,30,15,EDGE DECAY,EDGE DECAY,True,False
23,23_GA_F_2,RATIO,0.25,RATIO_0.25,1.05,0.25,30,15,EDGE DECAY,EDGE DECAY,True,False
23,23_GA_F_2,RATIO,0.50,OFFICIAL,1.05,0.50,30,15,EDGE DECAY,EDGE DECAY,True,False
23,23_GA_F_2,RATIO,0.75,RATIO_0.75,1.05,0.75,30,15,EDGE DECAY,EDGE DECAY,True,False
23,23_GA_F_2,SAMPLE,relaxed,SAMPLE_RELAXED,1.05,0.50,20,10,EDGE DECAY,EDGE DECAY,True,False
23,23_GA_F_2,SAMPLE,official,OFFICIAL,1.05,0.50,30,15,EDGE DECAY,EDGE DECAY,True,False
23,23_GA_F_2,SAMPLE,strict,SAMPLE_STRICT,1.05,0.50,40,20,EDGE DECAY,EDGE DECAY,True,False
24,24_GA_D_1,PF,1.00,PF_1.00,1.00,0.50,30,15,STABLE,STABLE,False,False
24,24_GA_D_1,PF,1.05,OFFICIAL,1.05,0.50,30,15,STABLE,STABLE,False,False
24,24_GA_D_1,PF,1.10,PF_1.10,1.10,0.50,30,15,STABLE,STABLE,False,False
24,24_GA_D_1,RATIO,0.25,RATIO_0.25,1.05,0.25,30,15,STABLE,STABLE,False,False
24,24_GA_D_1,RATIO,0.50,OFFICIAL,1.05,0.50,30,15,STABLE,STABLE,False,False
24,24_GA_D_1,RATIO,0.75,RATIO_0.75,1.05,0.75,30,15,STABLE,STABLE,False,False
24,24_GA_D_1,SAMPLE,relaxed,SAMPLE_RELAXED,1.05,0.50,20,10,STABLE,STABLE,False,False
24,24_GA_D_1,SAMPLE,official,OFFICIAL,1.05,0.50,30,15,STABLE,STABLE,False,False
24,24_GA_D_1,SAMPLE,strict,SAMPLE_STRICT,1.05,0.50,40,20,STABLE,STABLE,False,False
25,25_AU_China_Demand,PF,1.00,PF_1.00,1.00,0.50,30,15,STABLE,STABLE,False,False
25,25_AU_China_Demand,PF,1.05,OFFICIAL,1.05,0.50,30,15,STABLE,STABLE,False,False
25,25_AU_China_Demand,PF,1.10,PF_1.10,1.10,0.50,30,15,STABLE,STABLE,False,False
25,25_AU_China_Demand,RATIO,0.25,RATIO_0.25,1.05,0.25,30,15,STABLE,STABLE,False,False
25,25_AU_China_Demand,RATIO,0.50,OFFICIAL,1.05,0.50,30,15,STABLE,STABLE,False,False
25,25_AU_China_Demand,RATIO,0.75,RATIO_0.75,1.05,0.75,30,15,STABLE,STABLE,False,False
25,25_AU_China_Demand,SAMPLE,relaxed,SAMPLE_RELAXED,1.05,0.50,20,10,STABLE,STABLE,False,False
25,25_AU_China_Demand,SAMPLE,official,OFFICIAL,1.05,0.50,30,15,STABLE,STABLE,False,False
25,25_AU_China_Demand,SAMPLE,strict,SAMPLE_STRICT,1.05,0.50,40,20,STABLE,STABLE,False,False
26,26_AJ_China_Demand,PF,1.00,PF_1.00,1.00,0.50,30,15,STABLE,STABLE,False,False
26,26_AJ_China_Demand,PF,1.05,OFFICIAL,1.05,0.50,30,15,STABLE,STABLE,False,False
26,26_AJ_China_Demand,PF,1.10,PF_1.10,1.10,0.50,30,15,STABLE,STABLE,False,False
26,26_AJ_China_Demand,RATIO,0.25,RATIO_0.25,1.05,0.25,30,15,STABLE,STABLE,False,False
26,26_AJ_China_Demand,RATIO,0.50,OFFICIAL,1.05,0.50,30,15,STABLE,STABLE,False,False
26,26_AJ_China_Demand,RATIO,0.75,RATIO_0.75,1.05,0.75,30,15,STABLE,STABLE,False,False
26,26_AJ_China_Demand,SAMPLE,relaxed,SAMPLE_RELAXED,1.05,0.50,20,10,STABLE,STABLE,False,False
26,26_AJ_China_Demand,SAMPLE,official,OFFICIAL,1.05,0.50,30,15,STABLE,STABLE,False,False
26,26_AJ_China_Demand,SAMPLE,strict,SAMPLE_STRICT,1.05,0.50,40,20,STABLE,STABLE,False,False
27,27_EA_China_Demand,PF,1.00,PF_1.00,1.00,0.50,30,15,STABLE,STABLE,False,False
27,27_EA_China_Demand,PF,1.05,OFFICIAL,1.05,0.50,30,15,STABLE,STABLE,False,False
27,27_EA_China_Demand,PF,1.10,PF_1.10,1.10,0.50,30,15,STABLE,STABLE,False,False
27,27_EA_China_Demand,RATIO,0.25,RATIO_0.25,1.05,0.25,30,15,STABLE,STABLE,False,False
27,27_EA_China_Demand,RATIO,0.50,OFFICIAL,1.05,0.50,30,15,STABLE,STABLE,False,False
27,27_EA_China_Demand,RATIO,0.75,RATIO_0.75,1.05,0.75,30,15,STABLE,STABLE,False,False
27,27_EA_China_Demand,SAMPLE,relaxed,SAMPLE_RELAXED,1.05,0.50,20,10,STABLE,STABLE,False,False
27,27_EA_China_Demand,SAMPLE,official,OFFICIAL,1.05,0.50,30,15,STABLE,STABLE,False,False
27,27_EA_China_Demand,SAMPLE,strict,SAMPLE_STRICT,1.05,0.50,40,20,STABLE,STABLE,False,False
28,28_GA_China_Demand,PF,1.00,PF_1.00,1.00,0.50,30,15,STABLE,STABLE,False,False
28,28_GA_China_Demand,PF,1.05,OFFICIAL,1.05,0.50,30,15,STABLE,STABLE,False,False
28,28_GA_China_Demand,PF,1.10,PF_1.10,1.10,0.50,30,15,STABLE,STABLE,False,False
28,28_GA_China_Demand,RATIO,0.25,RATIO_0.25,1.05,0.25,30,15,STABLE,STABLE,False,False
28,28_GA_China_Demand,RATIO,0.50,OFFICIAL,1.05,0.50,30,15,STABLE,STABLE,False,False
28,28_GA_China_Demand,RATIO,0.75,RATIO_0.75,1.05,0.75,30,15,STABLE,STABLE,False,False
28,28_GA_China_Demand,SAMPLE,relaxed,SAMPLE_RELAXED,1.05,0.50,20,10,STABLE,STABLE,False,False
28,28_GA_China_Demand,SAMPLE,official,OFFICIAL,1.05,0.50,30,15,STABLE,STABLE,False,False
28,28_GA_China_Demand,SAMPLE,strict,SAMPLE_STRICT,1.05,0.50,40,20,STABLE,STABLE,False,False
