Period,Method,Scope,Regime,Trades,TotalTrades,CoveragePct
FULL,primary,Portfolio,LOW,6539,16298,40.1214872990551
FULL,primary,Portfolio,NORMAL,4115,16298,25.248496748067247
FULL,primary,Portfolio,HIGH,4428,16298,27.168977788685726
FULL,primary,Portfolio,INSUFFICIENT_VOL_HISTORY,1216,16298,7.461038164191926
FULL,primary,JPY,LOW,3659,9420,38.84288747346073
FULL,primary,JPY,NORMAL,2412,9420,25.605095541401273
FULL,primary,JPY,HIGH,2647,9420,28.099787685774945
FULL,primary,JPY,INSUFFICIENT_VOL_HISTORY,702,9420,7.452229299363057
FULL,primary,AUD_nonJPY,LOW,2880,6878,41.87263739459145
FULL,primary,AUD_nonJPY,NORMAL,1703,6878,24.760104681593486
FULL,primary,AUD_nonJPY,HIGH,1781,6878,25.894155277697006
FULL,primary,AUD_nonJPY,INSUFFICIENT_VOL_HISTORY,514,6878,7.473102646118058
FULL,primary,Long,LOW,3898,9540,40.859538784067084
FULL,primary,Long,NORMAL,2318,9540,24.29769392033543
FULL,primary,Long,HIGH,2609,9540,27.348008385744233
FULL,primary,Long,INSUFFICIENT_VOL_HISTORY,715,9540,7.49475890985325
FULL,primary,Short,LOW,2641,6758,39.07960935187925
FULL,primary,Short,NORMAL,1797,6758,26.590707309854988
FULL,primary,Short,HIGH,1819,6758,26.916247410476473
FULL,primary,Short,INSUFFICIENT_VOL_HISTORY,501,6758,7.413435927789287
FULL,primary,1,LOW,361,852,42.370892018779344
FULL,primary,1,NORMAL,195,852,22.887323943661972
FULL,primary,1,HIGH,235,852,27.582159624413144
FULL,primary,1,INSUFFICIENT_VOL_HISTORY,61,852,7.159624413145541
FULL,primary,2,LOW,438,1029,42.565597667638485
FULL,primary,2,NORMAL,222,1029,21.574344023323615
FULL,primary,2,HIGH,294,1029,28.57142857142857
FULL,primary,2,INSUFFICIENT_VOL_HISTORY,75,1029,7.288629737609329
FULL,primary,3,LOW,437,1029,42.46841593780369
FULL,primary,3,NORMAL,222,1029,21.574344023323615
FULL,primary,3,HIGH,295,1029,28.668610301263364
FULL,primary,3,INSUFFICIENT_VOL_HISTORY,75,1029,7.288629737609329
FULL,primary,4,LOW,360,956,37.65690376569037
FULL,primary,4,NORMAL,249,956,26.04602510460251
FULL,primary,4,HIGH,268,956,28.03347280334728
FULL,primary,4,INSUFFICIENT_VOL_HISTORY,79,956,8.263598326359832
FULL,primary,5,LOW,462,1252,36.90095846645367
FULL,primary,5,NORMAL,339,1252,27.076677316293928
FULL,primary,5,HIGH,360,1252,28.753993610223645
FULL,primary,5,INSUFFICIENT_VOL_HISTORY,91,1252,7.268370607028754
FULL,primary,6,LOW,198,491,40.32586558044807
FULL,primary,6,NORMAL,133,491,27.08757637474542
FULL,primary,6,HIGH,124,491,25.254582484725052
FULL,primary,6,INSUFFICIENT_VOL_HISTORY,36,491,7.3319755600814664
FULL,primary,7,LOW,228,589,38.70967741935484
FULL,primary,7,NORMAL,164,589,27.843803056027166
FULL,primary,7,HIGH,153,589,25.97623089983022
FULL,primary,7,INSUFFICIENT_VOL_HISTORY,44,589,7.470288624787775
FULL,primary,8,LOW,224,590,37.96610169491525
FULL,primary,8,NORMAL,168,590,28.474576271186443
FULL,primary,8,HIGH,153,590,25.932203389830512
FULL,primary,8,INSUFFICIENT_VOL_HISTORY,45,590,7.627118644067797
FULL,primary,9,LOW,111,340,32.64705882352941
FULL,primary,9,NORMAL,100,340,29.411764705882355
FULL,primary,9,HIGH,105,340,30.88235294117647
FULL,primary,9,INSUFFICIENT_VOL_HISTORY,24,340,7.0588235294117645
FULL,primary,10,LOW,141,403,34.98759305210918
FULL,primary,10,NORMAL,116,403,28.78411910669975
FULL,primary,10,HIGH,117,403,29.03225806451613
FULL,primary,10,INSUFFICIENT_VOL_HISTORY,29,403,7.196029776674938
FULL,primary,11,LOW,142,403,35.235732009925556
FULL,primary,11,NORMAL,116,403,28.78411910669975
FULL,primary,11,HIGH,117,403,29.03225806451613
FULL,primary,11,INSUFFICIENT_VOL_HISTORY,28,403,6.9478908188585615
FULL,primary,12,LOW,207,546,37.91208791208791
FULL,primary,12,NORMAL,145,546,26.55677655677656
FULL,primary,12,HIGH,151,546,27.655677655677657
FULL,primary,12,INSUFFICIENT_VOL_HISTORY,43,546,7.875457875457875
FULL,primary,13,LOW,88,223,39.46188340807175
FULL,primary,13,NORMAL,60,223,26.905829596412556
FULL,primary,13,HIGH,59,223,26.45739910313901
FULL,primary,13,INSUFFICIENT_VOL_HISTORY,16,223,7.174887892376682
FULL,primary,14,LOW,30,73,41.0958904109589
FULL,primary,14,NORMAL,17,73,23.28767123287671
FULL,primary,14,HIGH,19,73,26.027397260273972
FULL,primary,14,INSUFFICIENT_VOL_HISTORY,7,73,9.58904109589041
FULL,primary,15,LOW,14,70,20.0
FULL,primary,15,NORMAL,18,70,25.71428571428571
FULL,primary,15,HIGH,33,70,47.14285714285714
FULL,primary,15,INSUFFICIENT_VOL_HISTORY,5,70,7.142857142857142
FULL,primary,16,LOW,22,60,36.666666666666664
FULL,primary,16,NORMAL,13,60,21.666666666666668
FULL,primary,16,HIGH,19,60,31.666666666666664
FULL,primary,16,INSUFFICIENT_VOL_HISTORY,6,60,10.0
FULL,primary,17,LOW,139,351,39.6011396011396
FULL,primary,17,NORMAL,95,351,27.065527065527068
FULL,primary,17,HIGH,91,351,25.925925925925924
FULL,primary,17,INSUFFICIENT_VOL_HISTORY,26,351,7.4074074074074066
FULL,primary,18,LOW,411,953,43.12696747114376
FULL,primary,18,NORMAL,245,953,25.70828961175236
FULL,primary,18,HIGH,227,953,23.819517313746065
FULL,primary,18,INSUFFICIENT_VOL_HISTORY,70,953,7.345225603357817
FULL,primary,19,LOW,279,703,39.68705547652916
FULL,primary,19,NORMAL,190,703,27.027027027027028
FULL,primary,19,HIGH,178,703,25.320056899004268
FULL,primary,19,INSUFFICIENT_VOL_HISTORY,56,703,7.965860597439544
FULL,primary,20,LOW,351,770,45.58441558441558
FULL,primary,20,NORMAL,188,770,24.415584415584416
FULL,primary,20,HIGH,174,770,22.597402597402596
FULL,primary,20,INSUFFICIENT_VOL_HISTORY,57,770,7.402597402597403
FULL,primary,21,LOW,265,587,45.144804088586035
FULL,primary,21,NORMAL,130,587,22.14650766609881
FULL,primary,21,HIGH,148,587,25.2129471890971
FULL,primary,21,INSUFFICIENT_VOL_HISTORY,44,587,7.495741056218058
FULL,primary,22,LOW,187,461,40.563991323210416
FULL,primary,22,NORMAL,104,461,22.559652928416483
FULL,primary,22,HIGH,140,461,30.36876355748373
FULL,primary,22,INSUFFICIENT_VOL_HISTORY,30,461,6.507592190889371
FULL,primary,23,LOW,172,434,39.63133640552996
FULL,primary,23,NORMAL,100,434,23.04147465437788
FULL,primary,23,HIGH,131,434,30.184331797235025
FULL,primary,23,INSUFFICIENT_VOL_HISTORY,31,434,7.142857142857142
FULL,primary,24,LOW,172,434,39.63133640552996
FULL,primary,24,NORMAL,100,434,23.04147465437788
FULL,primary,24,HIGH,131,434,30.184331797235025
FULL,primary,24,INSUFFICIENT_VOL_HISTORY,31,434,7.142857142857142
FULL,primary,25,LOW,443,1022,43.34637964774951
FULL,primary,25,NORMAL,233,1022,22.798434442270057
FULL,primary,25,HIGH,267,1022,26.125244618395303
FULL,primary,25,INSUFFICIENT_VOL_HISTORY,79,1022,7.729941291585127
FULL,primary,26,LOW,196,514,38.13229571984436
FULL,primary,26,NORMAL,135,514,26.26459143968872
FULL,primary,26,HIGH,145,514,28.21011673151751
FULL,primary,26,INSUFFICIENT_VOL_HISTORY,38,514,7.392996108949417
FULL,primary,27,LOW,229,583,39.27958833619211
FULL,primary,27,NORMAL,172,583,29.50257289879931
FULL,primary,27,HIGH,137,583,23.499142367066895
FULL,primary,27,INSUFFICIENT_VOL_HISTORY,45,583,7.718696397941681
FULL,primary,28,LOW,232,580,40.0
FULL,primary,28,NORMAL,146,580,25.17241379310345
FULL,primary,28,HIGH,157,580,27.068965517241377
FULL,primary,28,INSUFFICIENT_VOL_HISTORY,45,580,7.758620689655173
FULL,robustness,Portfolio,LOW,6117,16298,37.53221254141613
FULL,robustness,Portfolio,NORMAL,4308,16298,26.432691127745734
FULL,robustness,Portfolio,HIGH,4648,16298,28.518836667075714
FULL,robustness,Portfolio,INSUFFICIENT_VOL_HISTORY,1225,16298,7.516259663762424
FULL,robustness,JPY,LOW,3480,9420,36.94267515923567
FULL,robustness,JPY,NORMAL,2513,9420,26.67728237791932
FULL,robustness,JPY,HIGH,2719,9420,28.86411889596603
FULL,robustness,JPY,INSUFFICIENT_VOL_HISTORY,708,9420,7.515923566878981
FULL,robustness,AUD_nonJPY,LOW,2637,6878,38.339633614422794
FULL,robustness,AUD_nonJPY,NORMAL,1795,6878,26.097702820587383
FULL,robustness,AUD_nonJPY,HIGH,1929,6878,28.0459435882524
FULL,robustness,AUD_nonJPY,INSUFFICIENT_VOL_HISTORY,517,6878,7.5167199767374235
FULL,robustness,Long,LOW,3654,9540,38.301886792452834
FULL,robustness,Long,NORMAL,2456,9540,25.744234800838573
FULL,robustness,Long,HIGH,2708,9540,28.385744234800836
FULL,robustness,Long,INSUFFICIENT_VOL_HISTORY,722,9540,7.568134171907757
FULL,robustness,Short,LOW,2463,6758,36.445693992305415
FULL,robustness,Short,NORMAL,1852,6758,27.404557561408698
FULL,robustness,Short,HIGH,1940,6758,28.706717963894647
FULL,robustness,Short,INSUFFICIENT_VOL_HISTORY,503,6758,7.44303048239124
FULL,robustness,1,LOW,331,852,38.84976525821596
FULL,robustness,1,NORMAL,231,852,27.11267605633803
FULL,robustness,1,HIGH,228,852,26.76056338028169
FULL,robustness,1,INSUFFICIENT_VOL_HISTORY,62,852,7.276995305164319
FULL,robustness,2,LOW,399,1029,38.775510204081634
FULL,robustness,2,NORMAL,271,1029,26.336248785228378
FULL,robustness,2,HIGH,283,1029,27.50242954324587
FULL,robustness,2,INSUFFICIENT_VOL_HISTORY,76,1029,7.38581146744412
FULL,robustness,3,LOW,398,1029,38.67832847424684
FULL,robustness,3,NORMAL,271,1029,26.336248785228378
FULL,robustness,3,HIGH,284,1029,27.59961127308066
FULL,robustness,3,INSUFFICIENT_VOL_HISTORY,76,1029,7.38581146744412
FULL,robustness,4,LOW,349,956,36.50627615062761
FULL,robustness,4,NORMAL,256,956,26.778242677824267
FULL,robustness,4,HIGH,272,956,28.451882845188287
FULL,robustness,4,INSUFFICIENT_VOL_HISTORY,79,956,8.263598326359832
FULL,robustness,5,LOW,447,1252,35.70287539936102
FULL,robustness,5,NORMAL,365,1252,29.153354632587856
FULL,robustness,5,HIGH,349,1252,27.875399361022364
FULL,robustness,5,INSUFFICIENT_VOL_HISTORY,91,1252,7.268370607028754
FULL,robustness,6,LOW,192,491,39.103869653767816
FULL,robustness,6,NORMAL,132,491,26.883910386965375
FULL,robustness,6,HIGH,130,491,26.476578411405292
FULL,robustness,6,INSUFFICIENT_VOL_HISTORY,37,491,7.535641547861507
FULL,robustness,7,LOW,222,589,37.69100169779287
FULL,robustness,7,NORMAL,165,589,28.01358234295416
FULL,robustness,7,HIGH,157,589,26.6553480475382
FULL,robustness,7,INSUFFICIENT_VOL_HISTORY,45,589,7.6400679117147705
FULL,robustness,8,LOW,221,590,37.45762711864407
FULL,robustness,8,NORMAL,146,590,24.74576271186441
FULL,robustness,8,HIGH,177,590,30.0
FULL,robustness,8,INSUFFICIENT_VOL_HISTORY,46,590,7.796610169491526
FULL,robustness,9,LOW,106,340,31.176470588235293
FULL,robustness,9,NORMAL,92,340,27.058823529411764
FULL,robustness,9,HIGH,118,340,34.705882352941174
FULL,robustness,9,INSUFFICIENT_VOL_HISTORY,24,340,7.0588235294117645
FULL,robustness,10,LOW,136,403,33.7468982630273
FULL,robustness,10,NORMAL,109,403,27.04714640198511
FULL,robustness,10,HIGH,129,403,32.00992555831266
FULL,robustness,10,INSUFFICIENT_VOL_HISTORY,29,403,7.196029776674938
FULL,robustness,11,LOW,137,403,33.99503722084367
FULL,robustness,11,NORMAL,109,403,27.04714640198511
FULL,robustness,11,HIGH,129,403,32.00992555831266
FULL,robustness,11,INSUFFICIENT_VOL_HISTORY,28,403,6.9478908188585615
FULL,robustness,12,LOW,199,546,36.446886446886445
FULL,robustness,12,NORMAL,149,546,27.28937728937729
FULL,robustness,12,HIGH,155,546,28.388278388278387
FULL,robustness,12,INSUFFICIENT_VOL_HISTORY,43,546,7.875457875457875
FULL,robustness,13,LOW,85,223,38.11659192825112
FULL,robustness,13,NORMAL,62,223,27.802690582959645
FULL,robustness,13,HIGH,60,223,26.905829596412556
FULL,robustness,13,INSUFFICIENT_VOL_HISTORY,16,223,7.174887892376682
FULL,robustness,14,LOW,32,73,43.83561643835616
FULL,robustness,14,NORMAL,16,73,21.91780821917808
FULL,robustness,14,HIGH,18,73,24.65753424657534
FULL,robustness,14,INSUFFICIENT_VOL_HISTORY,7,73,9.58904109589041
FULL,robustness,15,LOW,11,70,15.714285714285714
FULL,robustness,15,NORMAL,12,70,17.142857142857142
FULL,robustness,15,HIGH,42,70,60.0
FULL,robustness,15,INSUFFICIENT_VOL_HISTORY,5,70,7.142857142857142
FULL,robustness,16,LOW,19,60,31.666666666666664
FULL,robustness,16,NORMAL,18,60,30.0
FULL,robustness,16,HIGH,17,60,28.333333333333332
FULL,robustness,16,INSUFFICIENT_VOL_HISTORY,6,60,10.0
FULL,robustness,17,LOW,135,351,38.46153846153847
FULL,robustness,17,NORMAL,93,351,26.495726495726498
FULL,robustness,17,HIGH,97,351,27.635327635327634
FULL,robustness,17,INSUFFICIENT_VOL_HISTORY,26,351,7.4074074074074066
FULL,robustness,18,LOW,369,953,38.719832109129065
FULL,robustness,18,NORMAL,268,953,28.12172088142707
FULL,robustness,18,HIGH,245,953,25.70828961175236
FULL,robustness,18,INSUFFICIENT_VOL_HISTORY,71,953,7.450157397691501
FULL,robustness,19,LOW,272,703,38.69132290184922
FULL,robustness,19,NORMAL,177,703,25.177809388335703
FULL,robustness,19,HIGH,198,703,28.165007112375534
FULL,robustness,19,INSUFFICIENT_VOL_HISTORY,56,703,7.965860597439544
FULL,robustness,20,LOW,305,770,39.61038961038961
FULL,robustness,20,NORMAL,217,770,28.18181818181818
FULL,robustness,20,HIGH,190,770,24.675324675324674
FULL,robustness,20,INSUFFICIENT_VOL_HISTORY,58,770,7.532467532467532
FULL,robustness,21,LOW,233,587,39.69335604770017
FULL,robustness,21,NORMAL,157,587,26.74616695059625
FULL,robustness,21,HIGH,152,587,25.894378194207835
FULL,robustness,21,INSUFFICIENT_VOL_HISTORY,45,587,7.666098807495741
FULL,robustness,22,LOW,171,461,37.093275488069416
FULL,robustness,22,NORMAL,116,461,25.16268980477224
FULL,robustness,22,HIGH,144,461,31.23644251626898
FULL,robustness,22,INSUFFICIENT_VOL_HISTORY,30,461,6.507592190889371
FULL,robustness,23,LOW,162,434,37.327188940092164
FULL,robustness,23,NORMAL,110,434,25.34562211981567
FULL,robustness,23,HIGH,131,434,30.184331797235025
FULL,robustness,23,INSUFFICIENT_VOL_HISTORY,31,434,7.142857142857142
FULL,robustness,24,LOW,162,434,37.327188940092164
FULL,robustness,24,NORMAL,110,434,25.34562211981567
FULL,robustness,24,HIGH,131,434,30.184331797235025
FULL,robustness,24,INSUFFICIENT_VOL_HISTORY,31,434,7.142857142857142
FULL,robustness,25,LOW,404,1022,39.53033268101761
FULL,robustness,25,NORMAL,235,1022,22.99412915851272
FULL,robustness,25,HIGH,304,1022,29.74559686888454
FULL,robustness,25,INSUFFICIENT_VOL_HISTORY,79,1022,7.729941291585127
FULL,robustness,26,LOW,196,514,38.13229571984436
FULL,robustness,26,NORMAL,109,514,21.20622568093385
FULL,robustness,26,HIGH,171,514,33.26848249027237
FULL,robustness,26,INSUFFICIENT_VOL_HISTORY,38,514,7.392996108949417
FULL,robustness,27,LOW,206,583,35.33447684391081
FULL,robustness,27,NORMAL,169,583,28.987993138936535
FULL,robustness,27,HIGH,163,583,27.958833619210978
FULL,robustness,27,INSUFFICIENT_VOL_HISTORY,45,583,7.718696397941681
FULL,robustness,28,LOW,218,580,37.58620689655172
FULL,robustness,28,NORMAL,143,580,24.655172413793103
FULL,robustness,28,HIGH,174,580,30.0
FULL,robustness,28,INSUFFICIENT_VOL_HISTORY,45,580,7.758620689655173
Historical,primary,Portfolio,LOW,3865,9756,39.61664616646166
Historical,primary,Portfolio,NORMAL,2517,9756,25.79950799507995
Historical,primary,Portfolio,HIGH,2158,9756,22.119721197211973
Historical,primary,Portfolio,INSUFFICIENT_VOL_HISTORY,1216,9756,12.464124641246412
Historical,primary,JPY,LOW,2173,5641,38.521538734266976
Historical,primary,JPY,NORMAL,1477,5641,26.18330083318561
Historical,primary,JPY,HIGH,1289,5641,22.850558411629144
Historical,primary,JPY,INSUFFICIENT_VOL_HISTORY,702,5641,12.444602020918277
Historical,primary,AUD_nonJPY,LOW,1692,4115,41.11786148238153
Historical,primary,AUD_nonJPY,NORMAL,1040,4115,25.273390036452003
Historical,primary,AUD_nonJPY,HIGH,869,4115,21.11786148238153
Historical,primary,AUD_nonJPY,INSUFFICIENT_VOL_HISTORY,514,4115,12.490886998784934
Historical,primary,Long,LOW,2337,5726,40.81383164512749
Historical,primary,Long,NORMAL,1429,5726,24.956339504016768
Historical,primary,Long,HIGH,1245,5726,21.742926999650717
Historical,primary,Long,INSUFFICIENT_VOL_HISTORY,715,5726,12.48690185120503
Historical,primary,Short,LOW,1528,4030,37.91563275434243
Historical,primary,Short,NORMAL,1088,4030,26.99751861042184
Historical,primary,Short,HIGH,913,4030,22.655086848635236
Historical,primary,Short,INSUFFICIENT_VOL_HISTORY,501,4030,12.431761786600497
Historical,primary,1,LOW,222,510,43.529411764705884
Historical,primary,1,NORMAL,118,510,23.137254901960784
Historical,primary,1,HIGH,109,510,21.372549019607842
Historical,primary,1,INSUFFICIENT_VOL_HISTORY,61,510,11.96078431372549
Historical,primary,2,LOW,271,622,43.569131832797424
Historical,primary,2,NORMAL,139,622,22.347266881028936
Historical,primary,2,HIGH,137,622,22.02572347266881
Historical,primary,2,INSUFFICIENT_VOL_HISTORY,75,622,12.057877813504824
Historical,primary,3,LOW,270,621,43.47826086956522
Historical,primary,3,NORMAL,139,621,22.383252818035427
Historical,primary,3,HIGH,137,621,22.06119162640902
Historical,primary,3,INSUFFICIENT_VOL_HISTORY,75,621,12.077294685990339
Historical,primary,4,LOW,209,572,36.53846153846153
Historical,primary,4,NORMAL,155,572,27.0979020979021
Historical,primary,4,HIGH,129,572,22.552447552447553
Historical,primary,4,INSUFFICIENT_VOL_HISTORY,79,572,13.81118881118881
Historical,primary,5,LOW,260,743,34.99327052489905
Historical,primary,5,NORMAL,213,743,28.667563930013458
Historical,primary,5,HIGH,179,743,24.09152086137281
Historical,primary,5,INSUFFICIENT_VOL_HISTORY,91,743,12.24764468371467
Historical,primary,6,LOW,112,295,37.96610169491525
Historical,primary,6,NORMAL,92,295,31.186440677966104
Historical,primary,6,HIGH,55,295,18.64406779661017
Historical,primary,6,INSUFFICIENT_VOL_HISTORY,36,295,12.203389830508476
Historical,primary,7,LOW,129,352,36.64772727272727
Historical,primary,7,NORMAL,106,352,30.113636363636363
Historical,primary,7,HIGH,73,352,20.738636363636363
Historical,primary,7,INSUFFICIENT_VOL_HISTORY,44,352,12.5
Historical,primary,8,LOW,135,354,38.13559322033898
Historical,primary,8,NORMAL,96,354,27.11864406779661
Historical,primary,8,HIGH,78,354,22.033898305084744
Historical,primary,8,INSUFFICIENT_VOL_HISTORY,45,354,12.711864406779661
Historical,primary,9,LOW,67,206,32.5242718446602
Historical,primary,9,NORMAL,58,206,28.155339805825243
Historical,primary,9,HIGH,57,206,27.669902912621357
Historical,primary,9,INSUFFICIENT_VOL_HISTORY,24,206,11.650485436893204
Historical,primary,10,LOW,79,239,33.054393305439326
Historical,primary,10,NORMAL,72,239,30.125523012552303
Historical,primary,10,HIGH,59,239,24.686192468619247
Historical,primary,10,INSUFFICIENT_VOL_HISTORY,29,239,12.133891213389122
Historical,primary,11,LOW,79,238,33.193277310924366
Historical,primary,11,NORMAL,72,238,30.252100840336134
Historical,primary,11,HIGH,59,238,24.789915966386555
Historical,primary,11,INSUFFICIENT_VOL_HISTORY,28,238,11.76470588235294
Historical,primary,12,LOW,124,327,37.920489296636084
Historical,primary,12,NORMAL,85,327,25.993883792048926
Historical,primary,12,HIGH,75,327,22.93577981651376
Historical,primary,12,INSUFFICIENT_VOL_HISTORY,43,327,13.149847094801222
Historical,primary,13,LOW,54,132,40.909090909090914
Historical,primary,13,NORMAL,34,132,25.757575757575758
Historical,primary,13,HIGH,28,132,21.21212121212121
Historical,primary,13,INSUFFICIENT_VOL_HISTORY,16,132,12.121212121212121
Historical,primary,14,LOW,18,43,41.86046511627907
Historical,primary,14,NORMAL,10,43,23.25581395348837
Historical,primary,14,HIGH,8,43,18.6046511627907
Historical,primary,14,INSUFFICIENT_VOL_HISTORY,7,43,16.27906976744186
Historical,primary,15,LOW,12,42,28.57142857142857
Historical,primary,15,NORMAL,8,42,19.047619047619047
Historical,primary,15,HIGH,17,42,40.476190476190474
Historical,primary,15,INSUFFICIENT_VOL_HISTORY,5,42,11.904761904761903
Historical,primary,16,LOW,15,37,40.54054054054054
Historical,primary,16,NORMAL,8,37,21.62162162162162
Historical,primary,16,HIGH,8,37,21.62162162162162
Historical,primary,16,INSUFFICIENT_VOL_HISTORY,6,37,16.216216216216218
Historical,primary,17,LOW,83,215,38.604651162790695
Historical,primary,17,NORMAL,60,215,27.906976744186046
Historical,primary,17,HIGH,46,215,21.3953488372093
Historical,primary,17,INSUFFICIENT_VOL_HISTORY,26,215,12.093023255813954
Historical,primary,18,LOW,246,573,42.93193717277487
Historical,primary,18,NORMAL,147,573,25.654450261780106
Historical,primary,18,HIGH,110,573,19.19720767888307
Historical,primary,18,INSUFFICIENT_VOL_HISTORY,70,573,12.216404886561955
Historical,primary,19,LOW,171,432,39.58333333333333
Historical,primary,19,NORMAL,114,432,26.38888888888889
Historical,primary,19,HIGH,91,432,21.064814814814813
Historical,primary,19,INSUFFICIENT_VOL_HISTORY,56,432,12.962962962962962
Historical,primary,20,LOW,201,455,44.175824175824175
Historical,primary,20,NORMAL,108,455,23.736263736263734
Historical,primary,20,HIGH,89,455,19.560439560439562
Historical,primary,20,INSUFFICIENT_VOL_HISTORY,57,455,12.527472527472527
Historical,primary,21,LOW,158,351,45.01424501424501
Historical,primary,21,NORMAL,77,351,21.937321937321936
Historical,primary,21,HIGH,72,351,20.51282051282051
Historical,primary,21,INSUFFICIENT_VOL_HISTORY,44,351,12.535612535612536
Historical,primary,22,LOW,116,274,42.33576642335766
Historical,primary,22,NORMAL,60,274,21.897810218978105
Historical,primary,22,HIGH,68,274,24.817518248175183
Historical,primary,22,INSUFFICIENT_VOL_HISTORY,30,274,10.948905109489052
Historical,primary,23,LOW,97,252,38.492063492063494
Historical,primary,23,NORMAL,64,252,25.396825396825395
Historical,primary,23,HIGH,60,252,23.809523809523807
Historical,primary,23,INSUFFICIENT_VOL_HISTORY,31,252,12.3015873015873
Historical,primary,24,LOW,97,252,38.492063492063494
Historical,primary,24,NORMAL,64,252,25.396825396825395
Historical,primary,24,HIGH,60,252,23.809523809523807
Historical,primary,24,INSUFFICIENT_VOL_HISTORY,31,252,12.3015873015873
Historical,primary,25,LOW,261,614,42.508143322475576
Historical,primary,25,NORMAL,155,614,25.2442996742671
Historical,primary,25,HIGH,119,614,19.381107491856678
Historical,primary,25,INSUFFICIENT_VOL_HISTORY,79,614,12.866449511400651
Historical,primary,26,LOW,117,308,37.98701298701299
Historical,primary,26,NORMAL,72,308,23.376623376623375
Historical,primary,26,HIGH,81,308,26.2987012987013
Historical,primary,26,INSUFFICIENT_VOL_HISTORY,38,308,12.337662337662337
Historical,primary,27,LOW,129,350,36.857142857142854
Historical,primary,27,NORMAL,104,350,29.714285714285715
Historical,primary,27,HIGH,72,350,20.57142857142857
Historical,primary,27,INSUFFICIENT_VOL_HISTORY,45,350,12.857142857142856
Historical,primary,28,LOW,133,347,38.328530259366
Historical,primary,28,NORMAL,87,347,25.072046109510087
Historical,primary,28,HIGH,82,347,23.631123919308358
Historical,primary,28,INSUFFICIENT_VOL_HISTORY,45,347,12.968299711815561
Historical,robustness,Portfolio,LOW,3490,9756,35.772857728577286
Historical,robustness,Portfolio,NORMAL,2538,9756,26.014760147601475
Historical,robustness,Portfolio,HIGH,2503,9756,25.656006560065602
Historical,robustness,Portfolio,INSUFFICIENT_VOL_HISTORY,1225,9756,12.556375563755637
Historical,robustness,JPY,LOW,1941,5641,34.408792767239845
Historical,robustness,JPY,NORMAL,1509,5641,26.750576138982453
Historical,robustness,JPY,HIGH,1483,5641,26.289664953022513
Historical,robustness,JPY,INSUFFICIENT_VOL_HISTORY,708,5641,12.550966140755184
Historical,robustness,AUD_nonJPY,LOW,1549,4115,37.64277035236938
Historical,robustness,AUD_nonJPY,NORMAL,1029,4115,25.00607533414338
Historical,robustness,AUD_nonJPY,HIGH,1020,4115,24.787363304981774
Historical,robustness,AUD_nonJPY,INSUFFICIENT_VOL_HISTORY,517,4115,12.563791008505468
Historical,robustness,Long,LOW,2096,5726,36.604959832343695
Historical,robustness,Long,NORMAL,1471,5726,25.689835836535103
Historical,robustness,Long,HIGH,1437,5726,25.096053091163117
Historical,robustness,Long,INSUFFICIENT_VOL_HISTORY,722,5726,12.609151239958086
Historical,robustness,Short,LOW,1394,4030,34.59057071960297
Historical,robustness,Short,NORMAL,1067,4030,26.476426799007445
Historical,robustness,Short,HIGH,1066,4030,26.451612903225808
Historical,robustness,Short,INSUFFICIENT_VOL_HISTORY,503,4030,12.481389578163773
Historical,robustness,1,LOW,188,510,36.86274509803922
Historical,robustness,1,NORMAL,140,510,27.450980392156865
Historical,robustness,1,HIGH,120,510,23.52941176470588
Historical,robustness,1,INSUFFICIENT_VOL_HISTORY,62,510,12.156862745098039
Historical,robustness,2,LOW,227,622,36.4951768488746
Historical,robustness,2,NORMAL,172,622,27.652733118971064
Historical,robustness,2,HIGH,147,622,23.633440514469452
Historical,robustness,2,INSUFFICIENT_VOL_HISTORY,76,622,12.218649517684888
Historical,robustness,3,LOW,226,621,36.39291465378422
Historical,robustness,3,NORMAL,172,621,27.697262479871178
Historical,robustness,3,HIGH,147,621,23.67149758454106
Historical,robustness,3,INSUFFICIENT_VOL_HISTORY,76,621,12.238325281803544
Historical,robustness,4,LOW,190,572,33.21678321678322
Historical,robustness,4,NORMAL,148,572,25.874125874125873
Historical,robustness,4,HIGH,155,572,27.0979020979021
Historical,robustness,4,INSUFFICIENT_VOL_HISTORY,79,572,13.81118881118881
Historical,robustness,5,LOW,233,743,31.35935397039031
Historical,robustness,5,NORMAL,221,743,29.7442799461642
Historical,robustness,5,HIGH,198,743,26.648721399730825
Historical,robustness,5,INSUFFICIENT_VOL_HISTORY,91,743,12.24764468371467
Historical,robustness,6,LOW,100,295,33.89830508474576
Historical,robustness,6,NORMAL,86,295,29.152542372881356
Historical,robustness,6,HIGH,72,295,24.40677966101695
Historical,robustness,6,INSUFFICIENT_VOL_HISTORY,37,295,12.54237288135593
Historical,robustness,7,LOW,118,352,33.52272727272727
Historical,robustness,7,NORMAL,101,352,28.693181818181817
Historical,robustness,7,HIGH,88,352,25.0
Historical,robustness,7,INSUFFICIENT_VOL_HISTORY,45,352,12.784090909090908
Historical,robustness,8,LOW,130,354,36.72316384180791
Historical,robustness,8,NORMAL,77,354,21.75141242937853
Historical,robustness,8,HIGH,101,354,28.53107344632768
Historical,robustness,8,INSUFFICIENT_VOL_HISTORY,46,354,12.994350282485875
Historical,robustness,9,LOW,65,206,31.55339805825243
Historical,robustness,9,NORMAL,54,206,26.21359223300971
Historical,robustness,9,HIGH,63,206,30.582524271844658
Historical,robustness,9,INSUFFICIENT_VOL_HISTORY,24,206,11.650485436893204
Historical,robustness,10,LOW,76,239,31.799163179916317
Historical,robustness,10,NORMAL,66,239,27.615062761506277
Historical,robustness,10,HIGH,68,239,28.451882845188287
Historical,robustness,10,INSUFFICIENT_VOL_HISTORY,29,239,12.133891213389122
Historical,robustness,11,LOW,76,238,31.932773109243694
Historical,robustness,11,NORMAL,66,238,27.73109243697479
Historical,robustness,11,HIGH,68,238,28.57142857142857
Historical,robustness,11,INSUFFICIENT_VOL_HISTORY,28,238,11.76470588235294
Historical,robustness,12,LOW,113,327,34.5565749235474
Historical,robustness,12,NORMAL,93,327,28.440366972477065
Historical,robustness,12,HIGH,78,327,23.853211009174313
Historical,robustness,12,INSUFFICIENT_VOL_HISTORY,43,327,13.149847094801222
Historical,robustness,13,LOW,47,132,35.60606060606061
Historical,robustness,13,NORMAL,38,132,28.78787878787879
Historical,robustness,13,HIGH,31,132,23.484848484848484
Historical,robustness,13,INSUFFICIENT_VOL_HISTORY,16,132,12.121212121212121
Historical,robustness,14,LOW,18,43,41.86046511627907
Historical,robustness,14,NORMAL,6,43,13.953488372093023
Historical,robustness,14,HIGH,12,43,27.906976744186046
Historical,robustness,14,INSUFFICIENT_VOL_HISTORY,7,43,16.27906976744186
Historical,robustness,15,LOW,8,42,19.047619047619047
Historical,robustness,15,NORMAL,4,42,9.523809523809524
Historical,robustness,15,HIGH,25,42,59.523809523809526
Historical,robustness,15,INSUFFICIENT_VOL_HISTORY,5,42,11.904761904761903
Historical,robustness,16,LOW,13,37,35.13513513513514
Historical,robustness,16,NORMAL,9,37,24.324324324324326
Historical,robustness,16,HIGH,9,37,24.324324324324326
Historical,robustness,16,INSUFFICIENT_VOL_HISTORY,6,37,16.216216216216218
Historical,robustness,17,LOW,81,215,37.67441860465116
Historical,robustness,17,NORMAL,56,215,26.046511627906977
Historical,robustness,17,HIGH,52,215,24.186046511627907
Historical,robustness,17,INSUFFICIENT_VOL_HISTORY,26,215,12.093023255813954
Historical,robustness,18,LOW,218,573,38.045375218150085
Historical,robustness,18,NORMAL,147,573,25.654450261780106
Historical,robustness,18,HIGH,137,573,23.909249563699824
Historical,robustness,18,INSUFFICIENT_VOL_HISTORY,71,573,12.390924956369982
Historical,robustness,19,LOW,163,432,37.73148148148148
Historical,robustness,19,NORMAL,105,432,24.305555555555554
Historical,robustness,19,HIGH,108,432,25.0
Historical,robustness,19,INSUFFICIENT_VOL_HISTORY,56,432,12.962962962962962
Historical,robustness,20,LOW,170,455,37.362637362637365
Historical,robustness,20,NORMAL,119,455,26.153846153846157
Historical,robustness,20,HIGH,108,455,23.736263736263734
Historical,robustness,20,INSUFFICIENT_VOL_HISTORY,58,455,12.747252747252746
Historical,robustness,21,LOW,135,351,38.46153846153847
Historical,robustness,21,NORMAL,94,351,26.780626780626783
Historical,robustness,21,HIGH,77,351,21.937321937321936
Historical,robustness,21,INSUFFICIENT_VOL_HISTORY,45,351,12.82051282051282
Historical,robustness,22,LOW,104,274,37.95620437956204
Historical,robustness,22,NORMAL,67,274,24.45255474452555
Historical,robustness,22,HIGH,73,274,26.642335766423358
Historical,robustness,22,INSUFFICIENT_VOL_HISTORY,30,274,10.948905109489052
Historical,robustness,23,LOW,95,252,37.698412698412696
Historical,robustness,23,NORMAL,60,252,23.809523809523807
Historical,robustness,23,HIGH,66,252,26.190476190476193
Historical,robustness,23,INSUFFICIENT_VOL_HISTORY,31,252,12.3015873015873
Historical,robustness,24,LOW,95,252,37.698412698412696
Historical,robustness,24,NORMAL,60,252,23.809523809523807
Historical,robustness,24,HIGH,66,252,26.190476190476193
Historical,robustness,24,INSUFFICIENT_VOL_HISTORY,31,252,12.3015873015873
Historical,robustness,25,LOW,247,614,40.22801302931596
Historical,robustness,25,NORMAL,146,614,23.778501628664493
Historical,robustness,25,HIGH,142,614,23.12703583061889
Historical,robustness,25,INSUFFICIENT_VOL_HISTORY,79,614,12.866449511400651
Historical,robustness,26,LOW,113,308,36.688311688311686
Historical,robustness,26,NORMAL,56,308,18.181818181818183
Historical,robustness,26,HIGH,101,308,32.7922077922078
Historical,robustness,26,INSUFFICIENT_VOL_HISTORY,38,308,12.337662337662337
Historical,robustness,27,LOW,115,350,32.857142857142854
Historical,robustness,27,NORMAL,93,350,26.571428571428573
Historical,robustness,27,HIGH,97,350,27.714285714285715
Historical,robustness,27,INSUFFICIENT_VOL_HISTORY,45,350,12.857142857142856
Historical,robustness,28,LOW,126,347,36.31123919308357
Historical,robustness,28,NORMAL,82,347,23.631123919308358
Historical,robustness,28,HIGH,94,347,27.089337175792505
Historical,robustness,28,INSUFFICIENT_VOL_HISTORY,45,347,12.968299711815561
RecentA,primary,Portfolio,LOW,965,2767,34.87531622696061
RecentA,primary,Portfolio,NORMAL,670,2767,24.213950126490786
RecentA,primary,Portfolio,HIGH,1132,2767,40.91073364654861
RecentA,primary,Portfolio,INSUFFICIENT_VOL_HISTORY,0,2767,0.0
RecentA,primary,JPY,LOW,552,1606,34.37110834371108
RecentA,primary,JPY,NORMAL,363,1606,22.602739726027394
RecentA,primary,JPY,HIGH,691,1606,43.02615193026152
RecentA,primary,JPY,INSUFFICIENT_VOL_HISTORY,0,1606,0.0
RecentA,primary,AUD_nonJPY,LOW,413,1161,35.572782084409994
RecentA,primary,AUD_nonJPY,NORMAL,307,1161,26.442721791559
RecentA,primary,AUD_nonJPY,HIGH,441,1161,37.98449612403101
RecentA,primary,AUD_nonJPY,INSUFFICIENT_VOL_HISTORY,0,1161,0.0
RecentA,primary,Long,LOW,572,1632,35.049019607843135
RecentA,primary,Long,NORMAL,370,1632,22.67156862745098
RecentA,primary,Long,HIGH,690,1632,42.279411764705884
RecentA,primary,Long,INSUFFICIENT_VOL_HISTORY,0,1632,0.0
RecentA,primary,Short,LOW,393,1135,34.62555066079295
RecentA,primary,Short,NORMAL,300,1135,26.431718061674008
RecentA,primary,Short,HIGH,442,1135,38.942731277533035
RecentA,primary,Short,INSUFFICIENT_VOL_HISTORY,0,1135,0.0
RecentA,primary,1,LOW,49,147,33.33333333333333
RecentA,primary,1,NORMAL,32,147,21.768707482993197
RecentA,primary,1,HIGH,66,147,44.89795918367347
RecentA,primary,1,INSUFFICIENT_VOL_HISTORY,0,147,0.0
RecentA,primary,2,LOW,58,177,32.7683615819209
RecentA,primary,2,NORMAL,36,177,20.33898305084746
RecentA,primary,2,HIGH,83,177,46.89265536723164
RecentA,primary,2,INSUFFICIENT_VOL_HISTORY,0,177,0.0
RecentA,primary,3,LOW,58,177,32.7683615819209
RecentA,primary,3,NORMAL,36,177,20.33898305084746
RecentA,primary,3,HIGH,83,177,46.89265536723164
RecentA,primary,3,INSUFFICIENT_VOL_HISTORY,0,177,0.0
RecentA,primary,4,LOW,57,161,35.40372670807454
RecentA,primary,4,NORMAL,37,161,22.981366459627328
RecentA,primary,4,HIGH,67,161,41.61490683229814
RecentA,primary,4,INSUFFICIENT_VOL_HISTORY,0,161,0.0
RecentA,primary,5,LOW,72,211,34.12322274881517
RecentA,primary,5,NORMAL,55,211,26.066350710900476
RecentA,primary,5,HIGH,84,211,39.81042654028436
RecentA,primary,5,INSUFFICIENT_VOL_HISTORY,0,211,0.0
RecentA,primary,6,LOW,32,84,38.095238095238095
RecentA,primary,6,NORMAL,16,84,19.047619047619047
RecentA,primary,6,HIGH,36,84,42.857142857142854
RecentA,primary,6,INSUFFICIENT_VOL_HISTORY,0,84,0.0
RecentA,primary,7,LOW,36,100,36.0
RecentA,primary,7,NORMAL,26,100,26.0
RecentA,primary,7,HIGH,38,100,38.0
RecentA,primary,7,INSUFFICIENT_VOL_HISTORY,0,100,0.0
RecentA,primary,8,LOW,39,100,39.0
RecentA,primary,8,NORMAL,24,100,24.0
RecentA,primary,8,HIGH,37,100,37.0
RecentA,primary,8,INSUFFICIENT_VOL_HISTORY,0,100,0.0
RecentA,primary,9,LOW,19,57,33.33333333333333
RecentA,primary,9,NORMAL,16,57,28.07017543859649
RecentA,primary,9,HIGH,22,57,38.59649122807017
RecentA,primary,9,INSUFFICIENT_VOL_HISTORY,0,57,0.0
RecentA,primary,10,LOW,25,70,35.714285714285715
RecentA,primary,10,NORMAL,18,70,25.71428571428571
RecentA,primary,10,HIGH,27,70,38.57142857142858
RecentA,primary,10,INSUFFICIENT_VOL_HISTORY,0,70,0.0
RecentA,primary,11,LOW,25,70,35.714285714285715
RecentA,primary,11,NORMAL,18,70,25.71428571428571
RecentA,primary,11,HIGH,27,70,38.57142857142858
RecentA,primary,11,INSUFFICIENT_VOL_HISTORY,0,70,0.0
RecentA,primary,12,LOW,28,92,30.434782608695656
RecentA,primary,12,NORMAL,14,92,15.217391304347828
RecentA,primary,12,HIGH,50,92,54.347826086956516
RecentA,primary,12,INSUFFICIENT_VOL_HISTORY,0,92,0.0
RecentA,primary,13,LOW,13,38,34.21052631578947
RecentA,primary,13,NORMAL,5,38,13.157894736842104
RecentA,primary,13,HIGH,20,38,52.63157894736842
RecentA,primary,13,INSUFFICIENT_VOL_HISTORY,0,38,0.0
RecentA,primary,14,LOW,3,11,27.27272727272727
RecentA,primary,14,NORMAL,1,11,9.090909090909092
RecentA,primary,14,HIGH,7,11,63.63636363636363
RecentA,primary,14,INSUFFICIENT_VOL_HISTORY,0,11,0.0
RecentA,primary,15,LOW,0,12,0.0
RecentA,primary,15,NORMAL,6,12,50.0
RecentA,primary,15,HIGH,6,12,50.0
RecentA,primary,15,INSUFFICIENT_VOL_HISTORY,0,12,0.0
RecentA,primary,16,LOW,2,10,20.0
RecentA,primary,16,NORMAL,3,10,30.0
RecentA,primary,16,HIGH,5,10,50.0
RecentA,primary,16,INSUFFICIENT_VOL_HISTORY,0,10,0.0
RecentA,primary,17,LOW,20,63,31.746031746031743
RecentA,primary,17,NORMAL,19,63,30.158730158730158
RecentA,primary,17,HIGH,24,63,38.095238095238095
RecentA,primary,17,INSUFFICIENT_VOL_HISTORY,0,63,0.0
RecentA,primary,18,LOW,57,152,37.5
RecentA,primary,18,NORMAL,40,152,26.31578947368421
RecentA,primary,18,HIGH,55,152,36.18421052631579
RecentA,primary,18,INSUFFICIENT_VOL_HISTORY,0,152,0.0
RecentA,primary,19,LOW,32,120,26.666666666666668
RecentA,primary,19,NORMAL,41,120,34.166666666666664
RecentA,primary,19,HIGH,47,120,39.166666666666664
RecentA,primary,19,INSUFFICIENT_VOL_HISTORY,0,120,0.0
RecentA,primary,20,LOW,48,120,40.0
RecentA,primary,20,NORMAL,32,120,26.666666666666668
RecentA,primary,20,HIGH,40,120,33.33333333333333
RecentA,primary,20,INSUFFICIENT_VOL_HISTORY,0,120,0.0
RecentA,primary,21,LOW,41,99,41.41414141414141
RecentA,primary,21,NORMAL,22,99,22.22222222222222
RecentA,primary,21,HIGH,36,99,36.36363636363637
RecentA,primary,21,INSUFFICIENT_VOL_HISTORY,0,99,0.0
RecentA,primary,22,LOW,20,79,25.31645569620253
RecentA,primary,22,NORMAL,25,79,31.645569620253166
RecentA,primary,22,HIGH,34,79,43.037974683544306
RecentA,primary,22,INSUFFICIENT_VOL_HISTORY,0,79,0.0
RecentA,primary,23,LOW,25,77,32.467532467532465
RecentA,primary,23,NORMAL,18,77,23.376623376623375
RecentA,primary,23,HIGH,34,77,44.15584415584416
RecentA,primary,23,INSUFFICIENT_VOL_HISTORY,0,77,0.0
RecentA,primary,24,LOW,25,77,32.467532467532465
RecentA,primary,24,NORMAL,18,77,23.376623376623375
RecentA,primary,24,HIGH,34,77,44.15584415584416
RecentA,primary,24,INSUFFICIENT_VOL_HISTORY,0,77,0.0
RecentA,primary,25,LOW,74,174,42.5287356321839
RecentA,primary,25,NORMAL,29,174,16.666666666666664
RecentA,primary,25,HIGH,71,174,40.804597701149426
RecentA,primary,25,INSUFFICIENT_VOL_HISTORY,0,174,0.0
RecentA,primary,26,LOW,36,89,40.44943820224719
RecentA,primary,26,NORMAL,20,89,22.47191011235955
RecentA,primary,26,HIGH,33,89,37.07865168539326
RecentA,primary,26,INSUFFICIENT_VOL_HISTORY,0,89,0.0
RecentA,primary,27,LOW,36,100,36.0
RecentA,primary,27,NORMAL,31,100,31.0
RecentA,primary,27,HIGH,33,100,33.0
RecentA,primary,27,INSUFFICIENT_VOL_HISTORY,0,100,0.0
RecentA,primary,28,LOW,35,100,35.0
RecentA,primary,28,NORMAL,32,100,32.0
RecentA,primary,28,HIGH,33,100,33.0
RecentA,primary,28,INSUFFICIENT_VOL_HISTORY,0,100,0.0
RecentA,robustness,Portfolio,LOW,943,2767,34.08023129743405
RecentA,robustness,Portfolio,NORMAL,764,2767,27.61113118901337
RecentA,robustness,Portfolio,HIGH,1060,2767,38.30863751355258
RecentA,robustness,Portfolio,INSUFFICIENT_VOL_HISTORY,0,2767,0.0
RecentA,robustness,JPY,LOW,585,1606,36.42590286425903
RecentA,robustness,JPY,NORMAL,392,1606,24.408468244084684
RecentA,robustness,JPY,HIGH,629,1606,39.16562889165629
RecentA,robustness,JPY,INSUFFICIENT_VOL_HISTORY,0,1606,0.0
RecentA,robustness,AUD_nonJPY,LOW,358,1161,30.835486649440135
RecentA,robustness,AUD_nonJPY,NORMAL,372,1161,32.041343669250644
RecentA,robustness,AUD_nonJPY,HIGH,431,1161,37.123169681309214
RecentA,robustness,AUD_nonJPY,INSUFFICIENT_VOL_HISTORY,0,1161,0.0
RecentA,robustness,Long,LOW,579,1632,35.47794117647059
RecentA,robustness,Long,NORMAL,399,1632,24.448529411764707
RecentA,robustness,Long,HIGH,654,1632,40.07352941176471
RecentA,robustness,Long,INSUFFICIENT_VOL_HISTORY,0,1632,0.0
RecentA,robustness,Short,LOW,364,1135,32.0704845814978
RecentA,robustness,Short,NORMAL,365,1135,32.158590308370044
RecentA,robustness,Short,HIGH,406,1135,35.770925110132154
RecentA,robustness,Short,INSUFFICIENT_VOL_HISTORY,0,1135,0.0
RecentA,robustness,1,LOW,54,147,36.734693877551024
RecentA,robustness,1,NORMAL,32,147,21.768707482993197
RecentA,robustness,1,HIGH,61,147,41.49659863945578
RecentA,robustness,1,INSUFFICIENT_VOL_HISTORY,0,147,0.0
RecentA,robustness,2,LOW,67,177,37.85310734463277
RecentA,robustness,2,NORMAL,35,177,19.774011299435028
RecentA,robustness,2,HIGH,75,177,42.3728813559322
RecentA,robustness,2,INSUFFICIENT_VOL_HISTORY,0,177,0.0
RecentA,robustness,3,LOW,67,177,37.85310734463277
RecentA,robustness,3,NORMAL,35,177,19.774011299435028
RecentA,robustness,3,HIGH,75,177,42.3728813559322
RecentA,robustness,3,INSUFFICIENT_VOL_HISTORY,0,177,0.0
RecentA,robustness,4,LOW,61,161,37.88819875776397
RecentA,robustness,4,NORMAL,44,161,27.32919254658385
RecentA,robustness,4,HIGH,56,161,34.78260869565217
RecentA,robustness,4,INSUFFICIENT_VOL_HISTORY,0,161,0.0
RecentA,robustness,5,LOW,81,211,38.388625592417064
RecentA,robustness,5,NORMAL,63,211,29.85781990521327
RecentA,robustness,5,HIGH,67,211,31.753554502369667
RecentA,robustness,5,INSUFFICIENT_VOL_HISTORY,0,211,0.0
RecentA,robustness,6,LOW,36,84,42.857142857142854
RecentA,robustness,6,NORMAL,18,84,21.428571428571427
RecentA,robustness,6,HIGH,30,84,35.714285714285715
RecentA,robustness,6,INSUFFICIENT_VOL_HISTORY,0,84,0.0
RecentA,robustness,7,LOW,40,100,40.0
RecentA,robustness,7,NORMAL,27,100,27.0
RecentA,robustness,7,HIGH,33,100,33.0
RecentA,robustness,7,INSUFFICIENT_VOL_HISTORY,0,100,0.0
RecentA,robustness,8,LOW,38,100,38.0
RecentA,robustness,8,NORMAL,27,100,27.0
RecentA,robustness,8,HIGH,35,100,35.0
RecentA,robustness,8,INSUFFICIENT_VOL_HISTORY,0,100,0.0
RecentA,robustness,9,LOW,15,57,26.31578947368421
RecentA,robustness,9,NORMAL,17,57,29.82456140350877
RecentA,robustness,9,HIGH,25,57,43.859649122807014
RecentA,robustness,9,INSUFFICIENT_VOL_HISTORY,0,57,0.0
RecentA,robustness,10,LOW,22,70,31.428571428571427
RecentA,robustness,10,NORMAL,18,70,25.71428571428571
RecentA,robustness,10,HIGH,30,70,42.857142857142854
RecentA,robustness,10,INSUFFICIENT_VOL_HISTORY,0,70,0.0
RecentA,robustness,11,LOW,22,70,31.428571428571427
RecentA,robustness,11,NORMAL,18,70,25.71428571428571
RecentA,robustness,11,HIGH,30,70,42.857142857142854
RecentA,robustness,11,INSUFFICIENT_VOL_HISTORY,0,70,0.0
RecentA,robustness,12,LOW,29,92,31.521739130434785
RecentA,robustness,12,NORMAL,19,92,20.652173913043477
RecentA,robustness,12,HIGH,44,92,47.82608695652174
RecentA,robustness,12,INSUFFICIENT_VOL_HISTORY,0,92,0.0
RecentA,robustness,13,LOW,12,38,31.57894736842105
RecentA,robustness,13,NORMAL,8,38,21.052631578947366
RecentA,robustness,13,HIGH,18,38,47.368421052631575
RecentA,robustness,13,INSUFFICIENT_VOL_HISTORY,0,38,0.0
RecentA,robustness,14,LOW,3,11,27.27272727272727
RecentA,robustness,14,NORMAL,5,11,45.45454545454545
RecentA,robustness,14,HIGH,3,11,27.27272727272727
RecentA,robustness,14,INSUFFICIENT_VOL_HISTORY,0,11,0.0
RecentA,robustness,15,LOW,3,12,25.0
RecentA,robustness,15,NORMAL,3,12,25.0
RecentA,robustness,15,HIGH,6,12,50.0
RecentA,robustness,15,INSUFFICIENT_VOL_HISTORY,0,12,0.0
RecentA,robustness,16,LOW,3,10,30.0
RecentA,robustness,16,NORMAL,4,10,40.0
RecentA,robustness,16,HIGH,3,10,30.0
RecentA,robustness,16,INSUFFICIENT_VOL_HISTORY,0,10,0.0
RecentA,robustness,17,LOW,19,63,30.158730158730158
RecentA,robustness,17,NORMAL,23,63,36.507936507936506
RecentA,robustness,17,HIGH,21,63,33.33333333333333
RecentA,robustness,17,INSUFFICIENT_VOL_HISTORY,0,63,0.0
RecentA,robustness,18,LOW,50,152,32.89473684210527
RecentA,robustness,18,NORMAL,58,152,38.15789473684211
RecentA,robustness,18,HIGH,44,152,28.947368421052634
RecentA,robustness,18,INSUFFICIENT_VOL_HISTORY,0,152,0.0
RecentA,robustness,19,LOW,34,120,28.333333333333332
RecentA,robustness,19,NORMAL,44,120,36.666666666666664
RecentA,robustness,19,HIGH,42,120,35.0
RecentA,robustness,19,INSUFFICIENT_VOL_HISTORY,0,120,0.0
RecentA,robustness,20,LOW,39,120,32.5
RecentA,robustness,20,NORMAL,45,120,37.5
RecentA,robustness,20,HIGH,36,120,30.0
RecentA,robustness,20,INSUFFICIENT_VOL_HISTORY,0,120,0.0
RecentA,robustness,21,LOW,34,99,34.34343434343434
RecentA,robustness,21,NORMAL,25,99,25.252525252525253
RecentA,robustness,21,HIGH,40,99,40.4040404040404
RecentA,robustness,21,INSUFFICIENT_VOL_HISTORY,0,99,0.0
RecentA,robustness,22,LOW,23,79,29.11392405063291
RecentA,robustness,22,NORMAL,22,79,27.848101265822784
RecentA,robustness,22,HIGH,34,79,43.037974683544306
RecentA,robustness,22,INSUFFICIENT_VOL_HISTORY,0,79,0.0
RecentA,robustness,23,LOW,23,77,29.87012987012987
RecentA,robustness,23,NORMAL,21,77,27.27272727272727
RecentA,robustness,23,HIGH,33,77,42.857142857142854
RecentA,robustness,23,INSUFFICIENT_VOL_HISTORY,0,77,0.0
RecentA,robustness,24,LOW,23,77,29.87012987012987
RecentA,robustness,24,NORMAL,21,77,27.27272727272727
RecentA,robustness,24,HIGH,33,77,42.857142857142854
RecentA,robustness,24,INSUFFICIENT_VOL_HISTORY,0,77,0.0
RecentA,robustness,25,LOW,55,174,31.60919540229885
RecentA,robustness,25,NORMAL,38,174,21.839080459770116
RecentA,robustness,25,HIGH,81,174,46.55172413793103
RecentA,robustness,25,INSUFFICIENT_VOL_HISTORY,0,174,0.0
RecentA,robustness,26,LOW,32,89,35.95505617977528
RecentA,robustness,26,NORMAL,19,89,21.34831460674157
RecentA,robustness,26,HIGH,38,89,42.69662921348314
RecentA,robustness,26,INSUFFICIENT_VOL_HISTORY,0,89,0.0
RecentA,robustness,27,LOW,22,100,22.0
RecentA,robustness,27,NORMAL,47,100,47.0
RecentA,robustness,27,HIGH,31,100,31.0
RecentA,robustness,27,INSUFFICIENT_VOL_HISTORY,0,100,0.0
RecentA,robustness,28,LOW,36,100,36.0
RecentA,robustness,28,NORMAL,28,100,28.000000000000004
RecentA,robustness,28,HIGH,36,100,36.0
RecentA,robustness,28,INSUFFICIENT_VOL_HISTORY,0,100,0.0
RecentB,primary,Portfolio,LOW,1200,2780,43.16546762589928
RecentB,primary,Portfolio,NORMAL,735,2780,26.43884892086331
RecentB,primary,Portfolio,HIGH,845,2780,30.39568345323741
RecentB,primary,Portfolio,INSUFFICIENT_VOL_HISTORY,0,2780,0.0
RecentB,primary,JPY,LOW,679,1605,42.30529595015577
RecentB,primary,JPY,NORMAL,443,1605,27.601246105919003
RecentB,primary,JPY,HIGH,483,1605,30.093457943925234
RecentB,primary,JPY,INSUFFICIENT_VOL_HISTORY,0,1605,0.0
RecentB,primary,AUD_nonJPY,LOW,521,1175,44.340425531914896
RecentB,primary,AUD_nonJPY,NORMAL,292,1175,24.851063829787236
RecentB,primary,AUD_nonJPY,HIGH,362,1175,30.80851063829787
RecentB,primary,AUD_nonJPY,INSUFFICIENT_VOL_HISTORY,0,1175,0.0
RecentB,primary,Long,LOW,708,1611,43.947858472998135
RecentB,primary,Long,NORMAL,402,1611,24.953445065176908
RecentB,primary,Long,HIGH,501,1611,31.098696461824954
RecentB,primary,Long,INSUFFICIENT_VOL_HISTORY,0,1611,0.0
RecentB,primary,Short,LOW,492,1169,42.08725406330196
RecentB,primary,Short,NORMAL,333,1169,28.485885372112918
RecentB,primary,Short,HIGH,344,1169,29.426860564585116
RecentB,primary,Short,INSUFFICIENT_VOL_HISTORY,0,1169,0.0
RecentB,primary,1,LOW,64,147,43.53741496598639
RecentB,primary,1,NORMAL,35,147,23.809523809523807
RecentB,primary,1,HIGH,48,147,32.6530612244898
RecentB,primary,1,INSUFFICIENT_VOL_HISTORY,0,147,0.0
RecentB,primary,2,LOW,80,172,46.51162790697674
RecentB,primary,2,NORMAL,37,172,21.511627906976745
RecentB,primary,2,HIGH,55,172,31.976744186046513
RecentB,primary,2,INSUFFICIENT_VOL_HISTORY,0,172,0.0
RecentB,primary,3,LOW,80,173,46.24277456647399
RecentB,primary,3,NORMAL,37,173,21.38728323699422
RecentB,primary,3,HIGH,56,173,32.369942196531795
RecentB,primary,3,INSUFFICIENT_VOL_HISTORY,0,173,0.0
RecentB,primary,4,LOW,69,161,42.857142857142854
RecentB,primary,4,NORMAL,45,161,27.95031055900621
RecentB,primary,4,HIGH,47,161,29.19254658385093
RecentB,primary,4,INSUFFICIENT_VOL_HISTORY,0,161,0.0
RecentB,primary,5,LOW,97,219,44.29223744292237
RecentB,primary,5,NORMAL,55,219,25.11415525114155
RecentB,primary,5,HIGH,67,219,30.59360730593607
RecentB,primary,5,INSUFFICIENT_VOL_HISTORY,0,219,0.0
RecentB,primary,6,LOW,40,84,47.61904761904761
RecentB,primary,6,NORMAL,18,84,21.428571428571427
RecentB,primary,6,HIGH,26,84,30.952380952380953
RecentB,primary,6,INSUFFICIENT_VOL_HISTORY,0,84,0.0
RecentB,primary,7,LOW,46,101,45.54455445544555
RecentB,primary,7,NORMAL,24,101,23.762376237623762
RecentB,primary,7,HIGH,31,101,30.693069306930692
RecentB,primary,7,INSUFFICIENT_VOL_HISTORY,0,101,0.0
RecentB,primary,8,LOW,38,100,38.0
RecentB,primary,8,NORMAL,34,100,34.0
RecentB,primary,8,HIGH,28,100,28.000000000000004
RecentB,primary,8,INSUFFICIENT_VOL_HISTORY,0,100,0.0
RecentB,primary,9,LOW,19,57,33.33333333333333
RecentB,primary,9,NORMAL,22,57,38.59649122807017
RecentB,primary,9,HIGH,16,57,28.07017543859649
RecentB,primary,9,INSUFFICIENT_VOL_HISTORY,0,57,0.0
RecentB,primary,10,LOW,28,69,40.57971014492754
RecentB,primary,10,NORMAL,21,69,30.434782608695656
RecentB,primary,10,HIGH,20,69,28.985507246376812
RecentB,primary,10,INSUFFICIENT_VOL_HISTORY,0,69,0.0
RecentB,primary,11,LOW,29,70,41.42857142857143
RecentB,primary,11,NORMAL,21,70,30.0
RecentB,primary,11,HIGH,20,70,28.57142857142857
RecentB,primary,11,INSUFFICIENT_VOL_HISTORY,0,70,0.0
RecentB,primary,12,LOW,32,94,34.04255319148936
RecentB,primary,12,NORMAL,38,94,40.42553191489361
RecentB,primary,12,HIGH,24,94,25.53191489361702
RecentB,primary,12,INSUFFICIENT_VOL_HISTORY,0,94,0.0
RecentB,primary,13,LOW,14,38,36.84210526315789
RecentB,primary,13,NORMAL,15,38,39.473684210526315
RecentB,primary,13,HIGH,9,38,23.684210526315788
RecentB,primary,13,INSUFFICIENT_VOL_HISTORY,0,38,0.0
RecentB,primary,14,LOW,6,13,46.15384615384615
RecentB,primary,14,NORMAL,5,13,38.46153846153847
RecentB,primary,14,HIGH,2,13,15.384615384615385
RecentB,primary,14,INSUFFICIENT_VOL_HISTORY,0,13,0.0
RecentB,primary,15,LOW,2,11,18.181818181818183
RecentB,primary,15,NORMAL,3,11,27.27272727272727
RecentB,primary,15,HIGH,6,11,54.54545454545454
RecentB,primary,15,INSUFFICIENT_VOL_HISTORY,0,11,0.0
RecentB,primary,16,LOW,4,9,44.44444444444444
RecentB,primary,16,NORMAL,0,9,0.0
RecentB,primary,16,HIGH,5,9,55.55555555555556
RecentB,primary,16,INSUFFICIENT_VOL_HISTORY,0,9,0.0
RecentB,primary,17,LOW,25,54,46.2962962962963
RecentB,primary,17,NORMAL,13,54,24.074074074074073
RecentB,primary,17,HIGH,16,54,29.629629629629626
RecentB,primary,17,INSUFFICIENT_VOL_HISTORY,0,54,0.0
RecentB,primary,18,LOW,72,167,43.11377245508982
RecentB,primary,18,NORMAL,46,167,27.54491017964072
RecentB,primary,18,HIGH,49,167,29.34131736526946
RecentB,primary,18,INSUFFICIENT_VOL_HISTORY,0,167,0.0
RecentB,primary,19,LOW,48,107,44.85981308411215
RecentB,primary,19,NORMAL,29,107,27.102803738317753
RecentB,primary,19,HIGH,30,107,28.037383177570092
RecentB,primary,19,INSUFFICIENT_VOL_HISTORY,0,107,0.0
RecentB,primary,20,LOW,67,141,47.5177304964539
RecentB,primary,20,NORMAL,38,141,26.95035460992908
RecentB,primary,20,HIGH,36,141,25.53191489361702
RecentB,primary,20,INSUFFICIENT_VOL_HISTORY,0,141,0.0
RecentB,primary,21,LOW,40,102,39.21568627450981
RecentB,primary,21,NORMAL,28,102,27.450980392156865
RecentB,primary,21,HIGH,34,102,33.33333333333333
RecentB,primary,21,INSUFFICIENT_VOL_HISTORY,0,102,0.0
RecentB,primary,22,LOW,31,79,39.24050632911392
RecentB,primary,22,NORMAL,17,79,21.518987341772153
RecentB,primary,22,HIGH,31,79,39.24050632911392
RecentB,primary,22,INSUFFICIENT_VOL_HISTORY,0,79,0.0
RecentB,primary,23,LOW,30,78,38.46153846153847
RecentB,primary,23,NORMAL,16,78,20.51282051282051
RecentB,primary,23,HIGH,32,78,41.02564102564102
RecentB,primary,23,INSUFFICIENT_VOL_HISTORY,0,78,0.0
RecentB,primary,24,LOW,30,78,38.46153846153847
RecentB,primary,24,NORMAL,16,78,20.51282051282051
RecentB,primary,24,HIGH,32,78,41.02564102564102
RecentB,primary,24,INSUFFICIENT_VOL_HISTORY,0,78,0.0
RecentB,primary,25,LOW,93,173,53.75722543352601
RecentB,primary,25,NORMAL,34,173,19.653179190751445
RecentB,primary,25,HIGH,46,173,26.589595375722542
RecentB,primary,25,INSUFFICIENT_VOL_HISTORY,0,173,0.0
RecentB,primary,26,LOW,31,87,35.63218390804598
RecentB,primary,26,NORMAL,33,87,37.93103448275862
RecentB,primary,26,HIGH,23,87,26.436781609195403
RecentB,primary,26,INSUFFICIENT_VOL_HISTORY,0,87,0.0
RecentB,primary,27,LOW,44,98,44.89795918367347
RecentB,primary,27,NORMAL,30,98,30.612244897959183
RecentB,primary,27,HIGH,24,98,24.489795918367346
RecentB,primary,27,INSUFFICIENT_VOL_HISTORY,0,98,0.0
RecentB,primary,28,LOW,41,98,41.83673469387755
RecentB,primary,28,NORMAL,25,98,25.510204081632654
RecentB,primary,28,HIGH,32,98,32.6530612244898
RecentB,primary,28,INSUFFICIENT_VOL_HISTORY,0,98,0.0
RecentB,robustness,Portfolio,LOW,1222,2780,43.9568345323741
RecentB,robustness,Portfolio,NORMAL,761,2780,27.37410071942446
RecentB,robustness,Portfolio,HIGH,797,2780,28.66906474820144
RecentB,robustness,Portfolio,INSUFFICIENT_VOL_HISTORY,0,2780,0.0
RecentB,robustness,JPY,LOW,674,1605,41.993769470404985
RecentB,robustness,JPY,NORMAL,483,1605,30.093457943925234
RecentB,robustness,JPY,HIGH,448,1605,27.91277258566978
RecentB,robustness,JPY,INSUFFICIENT_VOL_HISTORY,0,1605,0.0
RecentB,robustness,AUD_nonJPY,LOW,548,1175,46.638297872340424
RecentB,robustness,AUD_nonJPY,NORMAL,278,1175,23.659574468085108
RecentB,robustness,AUD_nonJPY,HIGH,349,1175,29.70212765957447
RecentB,robustness,AUD_nonJPY,INSUFFICIENT_VOL_HISTORY,0,1175,0.0
RecentB,robustness,Long,LOW,713,1611,44.258224705152074
RecentB,robustness,Long,NORMAL,457,1611,28.367473618870264
RecentB,robustness,Long,HIGH,441,1611,27.37430167597765
RecentB,robustness,Long,INSUFFICIENT_VOL_HISTORY,0,1611,0.0
RecentB,robustness,Short,LOW,509,1169,43.541488451668094
RecentB,robustness,Short,NORMAL,304,1169,26.00513259195894
RecentB,robustness,Short,HIGH,356,1169,30.453378956372966
RecentB,robustness,Short,INSUFFICIENT_VOL_HISTORY,0,1169,0.0
RecentB,robustness,1,LOW,64,147,43.53741496598639
RecentB,robustness,1,NORMAL,52,147,35.374149659863946
RecentB,robustness,1,HIGH,31,147,21.08843537414966
RecentB,robustness,1,INSUFFICIENT_VOL_HISTORY,0,147,0.0
RecentB,robustness,2,LOW,78,172,45.348837209302324
RecentB,robustness,2,NORMAL,56,172,32.55813953488372
RecentB,robustness,2,HIGH,38,172,22.093023255813954
RecentB,robustness,2,INSUFFICIENT_VOL_HISTORY,0,172,0.0
RecentB,robustness,3,LOW,78,173,45.08670520231214
RecentB,robustness,3,NORMAL,56,173,32.369942196531795
RecentB,robustness,3,HIGH,39,173,22.54335260115607
RecentB,robustness,3,INSUFFICIENT_VOL_HISTORY,0,173,0.0
RecentB,robustness,4,LOW,73,161,45.3416149068323
RecentB,robustness,4,NORMAL,44,161,27.32919254658385
RecentB,robustness,4,HIGH,44,161,27.32919254658385
RecentB,robustness,4,INSUFFICIENT_VOL_HISTORY,0,161,0.0
RecentB,robustness,5,LOW,96,219,43.83561643835616
RecentB,robustness,5,NORMAL,58,219,26.48401826484018
RecentB,robustness,5,HIGH,65,219,29.68036529680365
RecentB,robustness,5,INSUFFICIENT_VOL_HISTORY,0,219,0.0
RecentB,robustness,6,LOW,43,84,51.19047619047619
RecentB,robustness,6,NORMAL,21,84,25.0
RecentB,robustness,6,HIGH,20,84,23.809523809523807
RecentB,robustness,6,INSUFFICIENT_VOL_HISTORY,0,84,0.0
RecentB,robustness,7,LOW,48,101,47.524752475247524
RecentB,robustness,7,NORMAL,27,101,26.732673267326735
RecentB,robustness,7,HIGH,26,101,25.742574257425744
RecentB,robustness,7,INSUFFICIENT_VOL_HISTORY,0,101,0.0
RecentB,robustness,8,LOW,36,100,36.0
RecentB,robustness,8,NORMAL,31,100,31.0
RecentB,robustness,8,HIGH,33,100,33.0
RecentB,robustness,8,INSUFFICIENT_VOL_HISTORY,0,100,0.0
RecentB,robustness,9,LOW,18,57,31.57894736842105
RecentB,robustness,9,NORMAL,17,57,29.82456140350877
RecentB,robustness,9,HIGH,22,57,38.59649122807017
RecentB,robustness,9,INSUFFICIENT_VOL_HISTORY,0,57,0.0
RecentB,robustness,10,LOW,25,69,36.231884057971016
RecentB,robustness,10,NORMAL,20,69,28.985507246376812
RecentB,robustness,10,HIGH,24,69,34.78260869565217
RecentB,robustness,10,INSUFFICIENT_VOL_HISTORY,0,69,0.0
RecentB,robustness,11,LOW,26,70,37.142857142857146
RecentB,robustness,11,NORMAL,20,70,28.57142857142857
RecentB,robustness,11,HIGH,24,70,34.285714285714285
RecentB,robustness,11,INSUFFICIENT_VOL_HISTORY,0,70,0.0
RecentB,robustness,12,LOW,33,94,35.1063829787234
RecentB,robustness,12,NORMAL,28,94,29.78723404255319
RecentB,robustness,12,HIGH,33,94,35.1063829787234
RecentB,robustness,12,INSUFFICIENT_VOL_HISTORY,0,94,0.0
RecentB,robustness,13,LOW,15,38,39.473684210526315
RecentB,robustness,13,NORMAL,12,38,31.57894736842105
RecentB,robustness,13,HIGH,11,38,28.947368421052634
RecentB,robustness,13,INSUFFICIENT_VOL_HISTORY,0,38,0.0
RecentB,robustness,14,LOW,8,13,61.53846153846154
RecentB,robustness,14,NORMAL,4,13,30.76923076923077
RecentB,robustness,14,HIGH,1,13,7.6923076923076925
RecentB,robustness,14,INSUFFICIENT_VOL_HISTORY,0,13,0.0
RecentB,robustness,15,LOW,0,11,0.0
RecentB,robustness,15,NORMAL,5,11,45.45454545454545
RecentB,robustness,15,HIGH,6,11,54.54545454545454
RecentB,robustness,15,INSUFFICIENT_VOL_HISTORY,0,11,0.0
RecentB,robustness,16,LOW,1,9,11.11111111111111
RecentB,robustness,16,NORMAL,4,9,44.44444444444444
RecentB,robustness,16,HIGH,4,9,44.44444444444444
RecentB,robustness,16,INSUFFICIENT_VOL_HISTORY,0,9,0.0
RecentB,robustness,17,LOW,28,54,51.85185185185185
RecentB,robustness,17,NORMAL,9,54,16.666666666666664
RecentB,robustness,17,HIGH,17,54,31.48148148148148
RecentB,robustness,17,INSUFFICIENT_VOL_HISTORY,0,54,0.0
RecentB,robustness,18,LOW,79,167,47.30538922155689
RecentB,robustness,18,NORMAL,45,167,26.94610778443114
RecentB,robustness,18,HIGH,43,167,25.748502994011975
RecentB,robustness,18,INSUFFICIENT_VOL_HISTORY,0,167,0.0
RecentB,robustness,19,LOW,55,107,51.4018691588785
RecentB,robustness,19,NORMAL,18,107,16.822429906542055
RecentB,robustness,19,HIGH,34,107,31.775700934579437
RecentB,robustness,19,INSUFFICIENT_VOL_HISTORY,0,107,0.0
RecentB,robustness,20,LOW,73,141,51.77304964539007
RecentB,robustness,20,NORMAL,37,141,26.24113475177305
RecentB,robustness,20,HIGH,31,141,21.98581560283688
RecentB,robustness,20,INSUFFICIENT_VOL_HISTORY,0,141,0.0
RecentB,robustness,21,LOW,46,102,45.09803921568628
RecentB,robustness,21,NORMAL,25,102,24.509803921568626
RecentB,robustness,21,HIGH,31,102,30.392156862745097
RecentB,robustness,21,INSUFFICIENT_VOL_HISTORY,0,102,0.0
RecentB,robustness,22,LOW,29,79,36.708860759493675
RecentB,robustness,22,NORMAL,21,79,26.582278481012654
RecentB,robustness,22,HIGH,29,79,36.708860759493675
RecentB,robustness,22,INSUFFICIENT_VOL_HISTORY,0,79,0.0
RecentB,robustness,23,LOW,31,78,39.743589743589745
RecentB,robustness,23,NORMAL,20,78,25.64102564102564
RecentB,robustness,23,HIGH,27,78,34.61538461538461
RecentB,robustness,23,INSUFFICIENT_VOL_HISTORY,0,78,0.0
RecentB,robustness,24,LOW,31,78,39.743589743589745
RecentB,robustness,24,NORMAL,20,78,25.64102564102564
RecentB,robustness,24,HIGH,27,78,34.61538461538461
RecentB,robustness,24,INSUFFICIENT_VOL_HISTORY,0,78,0.0
RecentB,robustness,25,LOW,84,173,48.554913294797686
RecentB,robustness,25,NORMAL,42,173,24.277456647398843
RecentB,robustness,25,HIGH,47,173,27.167630057803464
RecentB,robustness,25,INSUFFICIENT_VOL_HISTORY,0,173,0.0
RecentB,robustness,26,LOW,32,87,36.7816091954023
RecentB,robustness,26,NORMAL,28,87,32.18390804597701
RecentB,robustness,26,HIGH,27,87,31.03448275862069
RecentB,robustness,26,INSUFFICIENT_VOL_HISTORY,0,87,0.0
RecentB,robustness,27,LOW,54,98,55.10204081632652
RecentB,robustness,27,NORMAL,18,98,18.367346938775512
RecentB,robustness,27,HIGH,26,98,26.53061224489796
RecentB,robustness,27,INSUFFICIENT_VOL_HISTORY,0,98,0.0
RecentB,robustness,28,LOW,38,98,38.775510204081634
RecentB,robustness,28,NORMAL,23,98,23.46938775510204
RecentB,robustness,28,HIGH,37,98,37.755102040816325
RecentB,robustness,28,INSUFFICIENT_VOL_HISTORY,0,98,0.0
Monitor2026,primary,Portfolio,LOW,509,995,51.15577889447236
Monitor2026,primary,Portfolio,NORMAL,193,995,19.396984924623116
Monitor2026,primary,Portfolio,HIGH,293,995,29.447236180904525
Monitor2026,primary,Portfolio,INSUFFICIENT_VOL_HISTORY,0,995,0.0
Monitor2026,primary,JPY,LOW,255,568,44.8943661971831
Monitor2026,primary,JPY,NORMAL,129,568,22.711267605633804
Monitor2026,primary,JPY,HIGH,184,568,32.3943661971831
Monitor2026,primary,JPY,INSUFFICIENT_VOL_HISTORY,0,568,0.0
Monitor2026,primary,AUD_nonJPY,LOW,254,427,59.4847775175644
Monitor2026,primary,AUD_nonJPY,NORMAL,64,427,14.988290398126464
Monitor2026,primary,AUD_nonJPY,HIGH,109,427,25.526932084309134
Monitor2026,primary,AUD_nonJPY,INSUFFICIENT_VOL_HISTORY,0,427,0.0
Monitor2026,primary,Long,LOW,281,571,49.21190893169877
Monitor2026,primary,Long,NORMAL,117,571,20.490367775831874
Monitor2026,primary,Long,HIGH,173,571,30.297723292469353
Monitor2026,primary,Long,INSUFFICIENT_VOL_HISTORY,0,571,0.0
Monitor2026,primary,Short,LOW,228,424,53.77358490566038
Monitor2026,primary,Short,NORMAL,76,424,17.92452830188679
Monitor2026,primary,Short,HIGH,120,424,28.30188679245283
Monitor2026,primary,Short,INSUFFICIENT_VOL_HISTORY,0,424,0.0
Monitor2026,primary,1,LOW,26,48,54.166666666666664
Monitor2026,primary,1,NORMAL,10,48,20.833333333333336
Monitor2026,primary,1,HIGH,12,48,25.0
Monitor2026,primary,1,INSUFFICIENT_VOL_HISTORY,0,48,0.0
Monitor2026,primary,2,LOW,29,58,50.0
Monitor2026,primary,2,NORMAL,10,58,17.24137931034483
Monitor2026,primary,2,HIGH,19,58,32.758620689655174
Monitor2026,primary,2,INSUFFICIENT_VOL_HISTORY,0,58,0.0
Monitor2026,primary,3,LOW,29,58,50.0
Monitor2026,primary,3,NORMAL,10,58,17.24137931034483
Monitor2026,primary,3,HIGH,19,58,32.758620689655174
Monitor2026,primary,3,INSUFFICIENT_VOL_HISTORY,0,58,0.0
Monitor2026,primary,4,LOW,25,62,40.32258064516129
Monitor2026,primary,4,NORMAL,12,62,19.35483870967742
Monitor2026,primary,4,HIGH,25,62,40.32258064516129
Monitor2026,primary,4,INSUFFICIENT_VOL_HISTORY,0,62,0.0
Monitor2026,primary,5,LOW,33,79,41.77215189873418
Monitor2026,primary,5,NORMAL,16,79,20.253164556962027
Monitor2026,primary,5,HIGH,30,79,37.9746835443038
Monitor2026,primary,5,INSUFFICIENT_VOL_HISTORY,0,79,0.0
Monitor2026,primary,6,LOW,14,28,50.0
Monitor2026,primary,6,NORMAL,7,28,25.0
Monitor2026,primary,6,HIGH,7,28,25.0
Monitor2026,primary,6,INSUFFICIENT_VOL_HISTORY,0,28,0.0
Monitor2026,primary,7,LOW,17,36,47.22222222222222
Monitor2026,primary,7,NORMAL,8,36,22.22222222222222
Monitor2026,primary,7,HIGH,11,36,30.555555555555557
Monitor2026,primary,7,INSUFFICIENT_VOL_HISTORY,0,36,0.0
Monitor2026,primary,8,LOW,12,36,33.33333333333333
Monitor2026,primary,8,NORMAL,14,36,38.88888888888889
Monitor2026,primary,8,HIGH,10,36,27.77777777777778
Monitor2026,primary,8,INSUFFICIENT_VOL_HISTORY,0,36,0.0
Monitor2026,primary,9,LOW,6,20,30.0
Monitor2026,primary,9,NORMAL,4,20,20.0
Monitor2026,primary,9,HIGH,10,20,50.0
Monitor2026,primary,9,INSUFFICIENT_VOL_HISTORY,0,20,0.0
Monitor2026,primary,10,LOW,9,25,36.0
Monitor2026,primary,10,NORMAL,5,25,20.0
Monitor2026,primary,10,HIGH,11,25,44.0
Monitor2026,primary,10,INSUFFICIENT_VOL_HISTORY,0,25,0.0
Monitor2026,primary,11,LOW,9,25,36.0
Monitor2026,primary,11,NORMAL,5,25,20.0
Monitor2026,primary,11,HIGH,11,25,44.0
Monitor2026,primary,11,INSUFFICIENT_VOL_HISTORY,0,25,0.0
Monitor2026,primary,12,LOW,23,33,69.6969696969697
Monitor2026,primary,12,NORMAL,8,33,24.242424242424242
Monitor2026,primary,12,HIGH,2,33,6.0606060606060606
Monitor2026,primary,12,INSUFFICIENT_VOL_HISTORY,0,33,0.0
Monitor2026,primary,13,LOW,7,15,46.666666666666664
Monitor2026,primary,13,NORMAL,6,15,40.0
Monitor2026,primary,13,HIGH,2,15,13.333333333333334
Monitor2026,primary,13,INSUFFICIENT_VOL_HISTORY,0,15,0.0
Monitor2026,primary,14,LOW,3,6,50.0
Monitor2026,primary,14,NORMAL,1,6,16.666666666666664
Monitor2026,primary,14,HIGH,2,6,33.33333333333333
Monitor2026,primary,14,INSUFFICIENT_VOL_HISTORY,0,6,0.0
Monitor2026,primary,15,LOW,0,5,0.0
Monitor2026,primary,15,NORMAL,1,5,20.0
Monitor2026,primary,15,HIGH,4,5,80.0
Monitor2026,primary,15,INSUFFICIENT_VOL_HISTORY,0,5,0.0
Monitor2026,primary,16,LOW,1,4,25.0
Monitor2026,primary,16,NORMAL,2,4,50.0
Monitor2026,primary,16,HIGH,1,4,25.0
Monitor2026,primary,16,INSUFFICIENT_VOL_HISTORY,0,4,0.0
Monitor2026,primary,17,LOW,11,19,57.89473684210527
Monitor2026,primary,17,NORMAL,3,19,15.789473684210526
Monitor2026,primary,17,HIGH,5,19,26.31578947368421
Monitor2026,primary,17,INSUFFICIENT_VOL_HISTORY,0,19,0.0
Monitor2026,primary,18,LOW,36,61,59.01639344262295
Monitor2026,primary,18,NORMAL,12,61,19.672131147540984
Monitor2026,primary,18,HIGH,13,61,21.311475409836063
Monitor2026,primary,18,INSUFFICIENT_VOL_HISTORY,0,61,0.0
Monitor2026,primary,19,LOW,28,44,63.63636363636363
Monitor2026,primary,19,NORMAL,6,44,13.636363636363635
Monitor2026,primary,19,HIGH,10,44,22.727272727272727
Monitor2026,primary,19,INSUFFICIENT_VOL_HISTORY,0,44,0.0
Monitor2026,primary,20,LOW,35,54,64.81481481481481
Monitor2026,primary,20,NORMAL,10,54,18.51851851851852
Monitor2026,primary,20,HIGH,9,54,16.666666666666664
Monitor2026,primary,20,INSUFFICIENT_VOL_HISTORY,0,54,0.0
Monitor2026,primary,21,LOW,26,35,74.28571428571429
Monitor2026,primary,21,NORMAL,3,35,8.571428571428571
Monitor2026,primary,21,HIGH,6,35,17.142857142857142
Monitor2026,primary,21,INSUFFICIENT_VOL_HISTORY,0,35,0.0
Monitor2026,primary,22,LOW,20,29,68.96551724137932
Monitor2026,primary,22,NORMAL,2,29,6.896551724137931
Monitor2026,primary,22,HIGH,7,29,24.137931034482758
Monitor2026,primary,22,INSUFFICIENT_VOL_HISTORY,0,29,0.0
Monitor2026,primary,23,LOW,20,27,74.07407407407408
Monitor2026,primary,23,NORMAL,2,27,7.4074074074074066
Monitor2026,primary,23,HIGH,5,27,18.51851851851852
Monitor2026,primary,23,INSUFFICIENT_VOL_HISTORY,0,27,0.0
Monitor2026,primary,24,LOW,20,27,74.07407407407408
Monitor2026,primary,24,NORMAL,2,27,7.4074074074074066
Monitor2026,primary,24,HIGH,5,27,18.51851851851852
Monitor2026,primary,24,INSUFFICIENT_VOL_HISTORY,0,27,0.0
Monitor2026,primary,25,LOW,15,61,24.59016393442623
Monitor2026,primary,25,NORMAL,15,61,24.59016393442623
Monitor2026,primary,25,HIGH,31,61,50.81967213114754
Monitor2026,primary,25,INSUFFICIENT_VOL_HISTORY,0,61,0.0
Monitor2026,primary,26,LOW,12,30,40.0
Monitor2026,primary,26,NORMAL,10,30,33.33333333333333
Monitor2026,primary,26,HIGH,8,30,26.666666666666668
Monitor2026,primary,26,INSUFFICIENT_VOL_HISTORY,0,30,0.0
Monitor2026,primary,27,LOW,20,35,57.14285714285714
Monitor2026,primary,27,NORMAL,7,35,20.0
Monitor2026,primary,27,HIGH,8,35,22.857142857142858
Monitor2026,primary,27,INSUFFICIENT_VOL_HISTORY,0,35,0.0
Monitor2026,primary,28,LOW,23,35,65.71428571428571
Monitor2026,primary,28,NORMAL,2,35,5.714285714285714
Monitor2026,primary,28,HIGH,10,35,28.57142857142857
Monitor2026,primary,28,INSUFFICIENT_VOL_HISTORY,0,35,0.0
Monitor2026,robustness,Portfolio,LOW,462,995,46.4321608040201
Monitor2026,robustness,Portfolio,NORMAL,245,995,24.623115577889447
Monitor2026,robustness,Portfolio,HIGH,288,995,28.94472361809045
Monitor2026,robustness,Portfolio,INSUFFICIENT_VOL_HISTORY,0,995,0.0
Monitor2026,robustness,JPY,LOW,280,568,49.29577464788733
Monitor2026,robustness,JPY,NORMAL,129,568,22.711267605633804
Monitor2026,robustness,JPY,HIGH,159,568,27.992957746478876
Monitor2026,robustness,JPY,INSUFFICIENT_VOL_HISTORY,0,568,0.0
Monitor2026,robustness,AUD_nonJPY,LOW,182,427,42.62295081967213
Monitor2026,robustness,AUD_nonJPY,NORMAL,116,427,27.166276346604217
Monitor2026,robustness,AUD_nonJPY,HIGH,129,427,30.210772833723652
Monitor2026,robustness,AUD_nonJPY,INSUFFICIENT_VOL_HISTORY,0,427,0.0
Monitor2026,robustness,Long,LOW,266,571,46.58493870402802
Monitor2026,robustness,Long,NORMAL,129,571,22.59194395796848
Monitor2026,robustness,Long,HIGH,176,571,30.823117338003502
Monitor2026,robustness,Long,INSUFFICIENT_VOL_HISTORY,0,571,0.0
Monitor2026,robustness,Short,LOW,196,424,46.22641509433962
Monitor2026,robustness,Short,NORMAL,116,424,27.358490566037734
Monitor2026,robustness,Short,HIGH,112,424,26.41509433962264
Monitor2026,robustness,Short,INSUFFICIENT_VOL_HISTORY,0,424,0.0
Monitor2026,robustness,1,LOW,25,48,52.083333333333336
Monitor2026,robustness,1,NORMAL,7,48,14.583333333333334
Monitor2026,robustness,1,HIGH,16,48,33.33333333333333
Monitor2026,robustness,1,INSUFFICIENT_VOL_HISTORY,0,48,0.0
Monitor2026,robustness,2,LOW,27,58,46.55172413793103
Monitor2026,robustness,2,NORMAL,8,58,13.793103448275861
Monitor2026,robustness,2,HIGH,23,58,39.6551724137931
Monitor2026,robustness,2,INSUFFICIENT_VOL_HISTORY,0,58,0.0
Monitor2026,robustness,3,LOW,27,58,46.55172413793103
Monitor2026,robustness,3,NORMAL,8,58,13.793103448275861
Monitor2026,robustness,3,HIGH,23,58,39.6551724137931
Monitor2026,robustness,3,INSUFFICIENT_VOL_HISTORY,0,58,0.0
Monitor2026,robustness,4,LOW,25,62,40.32258064516129
Monitor2026,robustness,4,NORMAL,20,62,32.25806451612903
Monitor2026,robustness,4,HIGH,17,62,27.419354838709676
Monitor2026,robustness,4,INSUFFICIENT_VOL_HISTORY,0,62,0.0
Monitor2026,robustness,5,LOW,37,79,46.835443037974684
Monitor2026,robustness,5,NORMAL,23,79,29.11392405063291
Monitor2026,robustness,5,HIGH,19,79,24.050632911392405
Monitor2026,robustness,5,INSUFFICIENT_VOL_HISTORY,0,79,0.0
Monitor2026,robustness,6,LOW,13,28,46.42857142857143
Monitor2026,robustness,6,NORMAL,7,28,25.0
Monitor2026,robustness,6,HIGH,8,28,28.57142857142857
Monitor2026,robustness,6,INSUFFICIENT_VOL_HISTORY,0,28,0.0
Monitor2026,robustness,7,LOW,16,36,44.44444444444444
Monitor2026,robustness,7,NORMAL,10,36,27.77777777777778
Monitor2026,robustness,7,HIGH,10,36,27.77777777777778
Monitor2026,robustness,7,INSUFFICIENT_VOL_HISTORY,0,36,0.0
Monitor2026,robustness,8,LOW,17,36,47.22222222222222
Monitor2026,robustness,8,NORMAL,11,36,30.555555555555557
Monitor2026,robustness,8,HIGH,8,36,22.22222222222222
Monitor2026,robustness,8,INSUFFICIENT_VOL_HISTORY,0,36,0.0
Monitor2026,robustness,9,LOW,8,20,40.0
Monitor2026,robustness,9,NORMAL,4,20,20.0
Monitor2026,robustness,9,HIGH,8,20,40.0
Monitor2026,robustness,9,INSUFFICIENT_VOL_HISTORY,0,20,0.0
Monitor2026,robustness,10,LOW,13,25,52.0
Monitor2026,robustness,10,NORMAL,5,25,20.0
Monitor2026,robustness,10,HIGH,7,25,28.000000000000004
Monitor2026,robustness,10,INSUFFICIENT_VOL_HISTORY,0,25,0.0
Monitor2026,robustness,11,LOW,13,25,52.0
Monitor2026,robustness,11,NORMAL,5,25,20.0
Monitor2026,robustness,11,HIGH,7,25,28.000000000000004
Monitor2026,robustness,11,INSUFFICIENT_VOL_HISTORY,0,25,0.0
Monitor2026,robustness,12,LOW,24,33,72.72727272727273
Monitor2026,robustness,12,NORMAL,9,33,27.27272727272727
Monitor2026,robustness,12,HIGH,0,33,0.0
Monitor2026,robustness,12,INSUFFICIENT_VOL_HISTORY,0,33,0.0
Monitor2026,robustness,13,LOW,11,15,73.33333333333333
Monitor2026,robustness,13,NORMAL,4,15,26.666666666666668
Monitor2026,robustness,13,HIGH,0,15,0.0
Monitor2026,robustness,13,INSUFFICIENT_VOL_HISTORY,0,15,0.0
Monitor2026,robustness,14,LOW,3,6,50.0
Monitor2026,robustness,14,NORMAL,1,6,16.666666666666664
Monitor2026,robustness,14,HIGH,2,6,33.33333333333333
Monitor2026,robustness,14,INSUFFICIENT_VOL_HISTORY,0,6,0.0
Monitor2026,robustness,15,LOW,0,5,0.0
Monitor2026,robustness,15,NORMAL,0,5,0.0
Monitor2026,robustness,15,HIGH,5,5,100.0
Monitor2026,robustness,15,INSUFFICIENT_VOL_HISTORY,0,5,0.0
Monitor2026,robustness,16,LOW,2,4,50.0
Monitor2026,robustness,16,NORMAL,1,4,25.0
Monitor2026,robustness,16,HIGH,1,4,25.0
Monitor2026,robustness,16,INSUFFICIENT_VOL_HISTORY,0,4,0.0
Monitor2026,robustness,17,LOW,7,19,36.84210526315789
Monitor2026,robustness,17,NORMAL,5,19,26.31578947368421
Monitor2026,robustness,17,HIGH,7,19,36.84210526315789
Monitor2026,robustness,17,INSUFFICIENT_VOL_HISTORY,0,19,0.0
Monitor2026,robustness,18,LOW,22,61,36.0655737704918
Monitor2026,robustness,18,NORMAL,18,61,29.508196721311474
Monitor2026,robustness,18,HIGH,21,61,34.42622950819672
Monitor2026,robustness,18,INSUFFICIENT_VOL_HISTORY,0,61,0.0
Monitor2026,robustness,19,LOW,20,44,45.45454545454545
Monitor2026,robustness,19,NORMAL,10,44,22.727272727272727
Monitor2026,robustness,19,HIGH,14,44,31.818181818181817
Monitor2026,robustness,19,INSUFFICIENT_VOL_HISTORY,0,44,0.0
Monitor2026,robustness,20,LOW,23,54,42.592592592592595
Monitor2026,robustness,20,NORMAL,16,54,29.629629629629626
Monitor2026,robustness,20,HIGH,15,54,27.77777777777778
Monitor2026,robustness,20,INSUFFICIENT_VOL_HISTORY,0,54,0.0
Monitor2026,robustness,21,LOW,18,35,51.42857142857142
Monitor2026,robustness,21,NORMAL,13,35,37.142857142857146
Monitor2026,robustness,21,HIGH,4,35,11.428571428571429
Monitor2026,robustness,21,INSUFFICIENT_VOL_HISTORY,0,35,0.0
Monitor2026,robustness,22,LOW,15,29,51.724137931034484
Monitor2026,robustness,22,NORMAL,6,29,20.689655172413794
Monitor2026,robustness,22,HIGH,8,29,27.586206896551722
Monitor2026,robustness,22,INSUFFICIENT_VOL_HISTORY,0,29,0.0
Monitor2026,robustness,23,LOW,13,27,48.148148148148145
Monitor2026,robustness,23,NORMAL,9,27,33.33333333333333
Monitor2026,robustness,23,HIGH,5,27,18.51851851851852
Monitor2026,robustness,23,INSUFFICIENT_VOL_HISTORY,0,27,0.0
Monitor2026,robustness,24,LOW,13,27,48.148148148148145
Monitor2026,robustness,24,NORMAL,9,27,33.33333333333333
Monitor2026,robustness,24,HIGH,5,27,18.51851851851852
Monitor2026,robustness,24,INSUFFICIENT_VOL_HISTORY,0,27,0.0
Monitor2026,robustness,25,LOW,18,61,29.508196721311474
Monitor2026,robustness,25,NORMAL,9,61,14.754098360655737
Monitor2026,robustness,25,HIGH,34,61,55.73770491803278
Monitor2026,robustness,25,INSUFFICIENT_VOL_HISTORY,0,61,0.0
Monitor2026,robustness,26,LOW,19,30,63.33333333333333
Monitor2026,robustness,26,NORMAL,6,30,20.0
Monitor2026,robustness,26,HIGH,5,30,16.666666666666664
Monitor2026,robustness,26,INSUFFICIENT_VOL_HISTORY,0,30,0.0
Monitor2026,robustness,27,LOW,15,35,42.857142857142854
Monitor2026,robustness,27,NORMAL,11,35,31.428571428571427
Monitor2026,robustness,27,HIGH,9,35,25.71428571428571
Monitor2026,robustness,27,INSUFFICIENT_VOL_HISTORY,0,35,0.0
Monitor2026,robustness,28,LOW,18,35,51.42857142857142
Monitor2026,robustness,28,NORMAL,10,35,28.57142857142857
Monitor2026,robustness,28,HIGH,7,35,20.0
Monitor2026,robustness,28,INSUFFICIENT_VOL_HISTORY,0,35,0.0
