StrategyNo,Strategy,Year,Trades,TotalR,AvgR,PF,WinRate,AvgWinR,AvgLossR,MaxDDR,MaxLosingStreak,SLCount,SLRate,TPCount,TPRate,TimeCount,TimeRate,OtherCount,OtherRate
1,1_EJ_Log1,2015,71,9.355714284,0.1317706237183098591549295775,1.428319162789862099259249003,0.5070422535211267605633802817,0.8666269840555555555555555556,-0.6240816326285714285714285714,6.930000001,5,16,0.2253521126760563380281690141,1,0.01408450704225352112676056338,54,0.7605633802816901408450704225,0,0
1,1_EJ_Log1,2016,75,19.869999995,0.2649333332666666666666666667,2.239882331555010331752584302,0.6533333333333333333333333333,0.7325655975918367346938775510,-0.6163736264230769230769230769,3.144285715,3,9,0.12,1,0.01333333333333333333333333333,65,0.8666666666666666666666666667,0,0
1,1_EJ_Log1,2017,76,-5.080000002,-0.06684210528947368421052631579,0.7964160988749003596768316946,0.4868421052631578947368421053,0.5371042471351351351351351351,-0.6398168498974358974358974359,8.897142861,4,15,0.1973684210526315789473684211,0,0,61,0.8026315789473684210526315789,0,0
1,1_EJ_Log1,2018,72,12.797142857,0.1777380952361111111111111111,1.805141110916863942313803055,0.6388888888888888888888888889,0.6237267080652173913043478261,-0.6113186813076923076923076923,4.128571428,3,12,0.1666666666666666666666666667,0,0,60,0.8333333333333333333333333333,0,0
1,1_EJ_Log1,2019,72,8.442857144,0.1172619047777777777777777778,1.879333432683201908913102302,0.5694444444444444444444444444,0.4401045296341463414634146341,-0.3097235022903225806451612903,3.012857143,5,5,0.06944444444444444444444444444,0,0,67,0.9305555555555555555555555556,0,0
1,1_EJ_Log1,2020,73,11.170000001,0.1530136986438356164383561644,1.625520000025975039998753198,0.5479452054794520547945205479,0.725678571475,-0.5411255411515151515151515152,4.042857142,6,9,0.1232876712328767123287671233,0,0,64,0.8767123287671232876712328767,0,0
1,1_EJ_Log1,2021,71,0.551428575,0.007766599647887323943661971831,1.036332831560959458128397585,0.5774647887323943661971830986,0.3836236934634146341463414634,-0.5059047619,5.685714284,6,7,0.09859154929577464788732394366,0,0,64,0.9014084507042253521126760563,0,0
1,1_EJ_Log1,2022,73,22.627142856,0.3099608610410958904109589041,2.014865124513783647590029776,0.5753424657534246575342465753,1.069591836738095238095238095,-0.7192165899032258064516129032,3.557142857,5,18,0.2465753424657534246575342466,1,0.01369863013698630136986301370,54,0.7397260273972602739726027397,0,0
1,1_EJ_Log1,2023,74,21.097142856,0.2850965250810810810810810811,2.113137860730345195704810722,0.6351351351351351351351351351,0.8521276595744680851063829787,-0.701957672,3.000000000,4,14,0.1891891891891891891891891892,0,0,60,0.8108108108108108108108108108,0,0
1,1_EJ_Log1,2024,74,15.137142857,0.2045559845540540540540540541,1.769498910684883781641645979,0.5945945945945945945945945946,0.7911038960909090909090909091,-0.6557142857,6.019999999,4,16,0.2162162162162162162162162162,1,0.01351351351351351351351351351,57,0.7702702702702702702702702703,0,0
1,1_EJ_Log1,2025,73,12.602857144,0.1726418786849315068493150685,1.622802682685455530221185318,0.5342465753424657534246575342,0.8420146520769230769230769231,-0.5951680672647058823529411765,6.654285714,7,16,0.2191780821917808219178082192,0,0,57,0.7808219178082191780821917808,0,0
1,1_EJ_Log1,2026,48,1.291428568,0.02690476183333333333333333333,1.094107849003197347574166367,0.625,0.5004761904,-0.7623809524444444444444444444,4.460000001,4,12,0.25,0,0,36,0.75,0,0
2,2_EJ_NightBlitz_20,2015,86,10.904444450,0.1267958656976744186046511628,1.344278397687630056951819088,0.5232558139534883720930232558,0.9461728396666666666666666667,-0.791833333375,6.257777780,5,28,0.3255813953488372093023255814,19,0.2209302325581395348837209302,39,0.4534883720930232558139534884,0,0
2,2_EJ_NightBlitz_20,2016,93,14.811111120,0.1592592593548387096774193548,1.587742504785227877174016979,0.6129032258064516129032258065,0.7019493178771929824561403509,-0.6999999999722222222222222222,4.153333334,4,20,0.2150537634408602150537634409,13,0.1397849462365591397849462366,60,0.6451612903225806451612903226,0,0
2,2_EJ_NightBlitz_20,2017,90,5.153333338,0.05725925931111111111111111111,1.181811054655928044761363043,0.5111111111111111111111111111,0.7282125604782608695652173913,-0.6441919191818181818181818182,4.775555555,4,19,0.2111111111111111111111111111,6,0.06666666666666666666666666667,65,0.7222222222222222222222222222,0,0
2,2_EJ_NightBlitz_20,2018,87,8.602222223,0.09887611750574712643678160920,1.356347233746630189157140423,0.5057471264367816091954022989,0.7441414141818181818181818182,-0.5747619047857142857142857143,5.800000000,4,17,0.1954022988505747126436781609,9,0.1034482758620689655172413793,61,0.7011494252873563218390804598,0,0
2,2_EJ_NightBlitz_20,2019,88,12.833333332,0.1458333333181818181818181818,1.921346521781225399538582621,0.625,0.4865858586,-0.4220875421515151515151515152,2.793333334,4,5,0.05681818181818181818181818182,2,0.02272727272727272727272727273,81,0.9204545454545454545454545455,0,0
2,2_EJ_NightBlitz_20,2020,91,2.331111112,0.02561660562637362637362637363,1.083346575591596430257462274,0.4835164835164835164835164835,0.6886363636590909090909090909,-0.5950827423191489361702127660,5.637777778,9,17,0.1868131868131868131868131868,10,0.1098901098901098901098901099,64,0.7032967032967032967032967033,0,0
2,2_EJ_NightBlitz_20,2021,87,3.626666669,0.04168582378160919540229885057,1.206634591169958436257090140,0.6206896551724137931034482759,0.392181070,-0.5318518518484848484848484848,5.195555554,3,9,0.1034482758620689655172413793,2,0.02298850574712643678160919540,76,0.8735632183908045977011494253,0,0
2,2_EJ_NightBlitz_20,2022,89,12.102222232,0.1359800250786516853932584270,1.369696558572130927179795928,0.5505617977528089887640449438,0.9150566895510204081632653061,-0.8183888889,7.115555552,6,31,0.3483146067415730337078651685,20,0.2247191011235955056179775281,38,0.4269662921348314606741573034,0,0
2,2_EJ_NightBlitz_20,2023,88,17.342222227,0.197070707125,1.653327752388502766888045254,0.5795454545454545454545454545,0.8605228759019607843137254902,-0.7174174174054054054054054054,3.762222223,5,22,0.25,12,0.1363636363636363636363636364,54,0.6136363636363636363636363636,0,0
2,2_EJ_NightBlitz_20,2024,87,19.351111118,0.2224265645747126436781609195,1.814745509310195804140634160,0.6321839080459770114942528736,0.7836767677818181818181818182,-0.7422222221875,4.313333333,3,19,0.2183908045977011494252873563,11,0.1264367816091954022988505747,57,0.6551724137931034482758620690,0,0
2,2_EJ_NightBlitz_20,2025,85,3.013333336,0.03545098042352941176470588235,1.099464534675043360497965293,0.5176470588235294117647058824,0.7570202020681818181818181818,-0.7389159891463414634146341463,7.251111111,8,26,0.3058823529411764705882352941,8,0.09411764705882352941176470588,51,0.6,0,0
2,2_EJ_NightBlitz_20,2026,58,2.880000002,0.04965517244827586206896551724,1.198104555330072851477457276,0.5689655172413793103448275862,0.5278114478484848484848484848,-0.58151111108,2.699999999,4,10,0.1724137931034482758620689655,2,0.03448275862068965517241379310,46,0.7931034482758620689655172414,0,0
3,3_EJ_NightBlitz_21,2015,86,5.727999993,0.06660465108139534883720930233,1.294165981563270336894001643,0.5465116279069767441860465116,0.5361702126170212765957446809,-0.5124210526315789473684210526,5.096000000,5,9,0.1046511627906976744186046512,17,0.1976744186046511627906976744,60,0.6976744186046511627906976744,0,0
3,3_EJ_NightBlitz_21,2016,93,8.422666665,0.09056630822580645161290322581,1.551365977022780832678711705,0.5698924731182795698924731183,0.4471446540566037735849056604,-0.3916923076923076923076923077,2.682666667,4,5,0.05376344086021505376344086022,13,0.1397849462365591397849462366,75,0.8064516129032258064516129032,0,0
3,3_EJ_NightBlitz_21,2017,89,2.204000001,0.02476404495505617977528089888,1.140477606933383139435144539,0.4831460674157303370786516854,0.4161240310232558139534883721,-0.3486518518444444444444444444,2.666666669,4,4,0.04494382022471910112359550562,4,0.04494382022471910112359550562,81,0.9101123595505617977528089888,0,0
3,3_EJ_NightBlitz_21,2018,87,4.690666665,0.05391570879310344827586206897,1.311547998513755047624037599,0.6206896551724137931034482759,0.3656790122777777777777777778,-0.4562424241818181818181818182,3.194666666,4,6,0.06896551724137931034482758621,9,0.1034482758620689655172413793,72,0.8275862068965517241379310345,0,0
3,3_EJ_NightBlitz_21,2019,88,5.721333334,0.06501515152272727272727272727,1.776932826242006293796304646,0.6022727272727272727272727273,0.2468930818113207547169811321,-0.2104000000571428571428571429,1.581333334,4,0,0,2,0.02272727272727272727272727273,86,0.9772727272727272727272727273,0,0
3,3_EJ_NightBlitz_21,2020,91,0.821333331,0.009025641,1.053978268335962145110410095,0.4505494505494505494505494505,0.3911544714878048780487804878,-0.304320000,2.665333332,11,3,0.03296703296703296703296703297,7,0.07692307692307692307692307692,81,0.8901098901098901098901098901,0,0
3,3_EJ_NightBlitz_21,2021,87,0.747999999,0.008597701137931034482758620690,1.075322234068763801367609392,0.5517241379310344827586206897,0.2224722221666666666666666667,-0.2546324785897435897435897436,2.505333333,5,2,0.02298850574712643678160919540,0,0,85,0.9770114942528735632183908046,0,0
3,3_EJ_NightBlitz_21,2022,89,6.875999993,0.07725842688764044943820224719,1.378356565977773609136301026,0.5505617977528089887640449438,0.5112108842448979591836734694,-0.454333333375,3.536000000,7,9,0.1011235955056179775280898876,15,0.1685393258426966292134831461,65,0.7303370786516853932584269663,0,0
3,3_EJ_NightBlitz_21,2023,88,12.433333332,0.1412878787727272727272727273,2.026304204301439605478406285,0.6363636363636363636363636364,0.4383571428035714285714285714,-0.37858333328125,2.034666666,5,4,0.04545454545454545454545454545,9,0.1022727272727272727272727273,75,0.8522727272727272727272727273,0,0
3,3_EJ_NightBlitz_21,2024,88,11.977333330,0.1361060605681818181818181818,1.899649473848316290204266864,0.6136363636363636363636363636,0.4683456789814814814814814815,-0.41604166671875,2.078666667,4,7,0.07954545454545454545454545455,12,0.1363636363636363636363636364,69,0.7840909090909090909090909091,0,0
3,3_EJ_NightBlitz_21,2025,85,6.021333333,0.07083921568235294117647058824,1.389310344847986028539653667,0.6235294117647058823529411765,0.4054339622264150943396226415,-0.48333333328125,4.867999999,7,6,0.07058823529411764705882352941,10,0.1176470588235294117647058824,69,0.8117647058823529411764705882,0,0
3,3_EJ_NightBlitz_21,2026,58,3.417333333,0.05891954022413793103448275862,1.492979418999858710473188299,0.5689655172413793103448275862,0.3136161616363636363636363636,-0.27728000004,1.646666668,4,3,0.05172413793103448275862068966,0,0,55,0.9482758620689655172413793103,0,0
4,4_GJ_Port_Log1,2015,83,3.309230767,0.03987025020481927710843373494,1.330262551563846052738139116,0.5542168674698795180722891566,0.2897658862608695652173913043,-0.2708108108378378378378378378,2.220769231,5,3,0.03614457831325301204819277108,8,0.09638554216867469879518072289,72,0.8674698795180722891566265060,0,0
4,4_GJ_Port_Log1,2016,81,2.366923074,0.02922127251851851851851851852,1.193777945500783026988578900,0.5925925925925925925925925926,0.3037820511875,-0.3701398600909090909090909091,2.578461540,3,6,0.07407407407407407407407407407,9,0.1111111111111111111111111111,66,0.8148148148148148148148148148,0,0
4,4_GJ_Port_Log1,2017,81,3.693846154,0.04560303893827160493827160494,1.426086956599976852755986066,0.6049382716049382716049382716,0.2523076922857142857142857143,-0.2709134615,1.509230768,4,1,0.01234567901234567901234567901,5,0.06172839506172839506172839506,75,0.9259259259259259259259259259,0,0
4,4_GJ_Port_Log1,2018,82,3.205384613,0.03909005625609756097560975610,1.396932748769523128308666555,0.5487804878048780487804878049,0.2506837606444444444444444444,-0.2182536382702702702702702703,2.307692308,5,1,0.01219512195121951219512195122,3,0.03658536585365853658536585366,78,0.9512195121951219512195121951,0,0
4,4_GJ_Port_Log1,2019,81,1.374615384,0.01697056029629629629629629630,1.188502109654056285486486887,0.5061728395061728395061728395,0.2113883676829268292682926829,-0.182307692275,2.430769228,4,1,0.01234567901234567901234567901,7,0.08641975308641975308641975309,73,0.9012345679012345679012345679,0,0
4,4_GJ_Port_Log1,2020,82,0.580769229,0.007082551573170731707317073171,1.059589581496210339732367418,0.5365853658536585365853658537,0.2347027972045454545454545455,-0.2564777328421052631578947368,1.960769230,6,1,0.01219512195121951219512195122,5,0.06097560975609756097560975610,76,0.9268292682926829268292682927,0,0
4,4_GJ_Port_Log1,2021,82,2.957692308,0.03606941839024390243902439024,1.731405744588718163042975605,0.5975609756097560975609756098,0.1428885400612244897959183673,-0.12637019234375,1.047692309,3,0,0,0,0,82,1,0,0
4,4_GJ_Port_Log1,2022,80,6.372307692,0.07965384615,1.729932152744543448509631947,0.65,0.2904289940384615384615384615,-0.3233333332592592592592592593,2.483846154,4,3,0.0375,9,0.1125,68,0.85,0,0
4,4_GJ_Port_Log1,2023,81,3.768461533,0.04652421645679012345679012346,1.650770455654458566186407282,0.5679012345679012345679012346,0.2078093645,-0.1654505495428571428571428571,0.849230769,3,0,0,2,0.02469135802469135802469135802,79,0.9753086419753086419753086420,0,0
4,4_GJ_Port_Log1,2024,80,3.158461534,0.039480769175,1.451556141230963705991835444,0.5625,0.2256239316,-0.1998461539428571428571428571,1.343076925,6,1,0.0125,4,0.05,75,0.9375,0,0
4,4_GJ_Port_Log1,2025,81,5.056923072,0.06243114903703703703703703704,1.589649295268758254121837467,0.5308641975308641975308641975,0.3170483004418604651162790698,-0.2256882591315789473684210526,2.152307692,5,3,0.03703703703703703703703703704,11,0.1358024691358024691358024691,67,0.8271604938271604938271604938,0,0
4,4_GJ_Port_Log1,2026,62,3.377692307,0.05447890817741935483870967742,1.778822277229889636799753642,0.5161290322580645161290322581,0.24108173075,-0.1445641025666666666666666667,0.655384616,7,0,0,3,0.04838709677419354838709677419,59,0.9516129032258064516129032258,0,0
5,5_GJ_Port_Log2,2015,101,11.527777781,0.1141364136732673267326732673,1.321078203920567382932710700,0.5049504950495049504950495050,0.9300217865294117647058823529,-0.71806666664,9.450000000,5,27,0.2673267326732673267326732673,0,0,74,0.7326732673267326732673267327,0,0
5,5_GJ_Port_Log2,2016,104,31.944444448,0.3071581196923076923076923077,1.762478120288050683184215386,0.5384615384615384615384615385,1.318571428625,-0.8728240740625,6.727777777,7,39,0.375,0,0,65,0.625,0,0
5,5_GJ_Port_Log2,2017,107,8.249999992,0.07710280366355140186915887850,1.288809366054871483341627383,0.5514018691588785046728971963,0.6239924669661016949152542373,-0.5951157408125,5.584444446,5,17,0.1588785046728971962616822430,0,0,90,0.8411214953271028037383177570,0,0
5,5_GJ_Port_Log2,2018,107,12.267777779,0.1146521287757009345794392523,1.504800658430914417140004704,0.5607476635514018691588785047,0.6095000000166666666666666667,-0.5170685579148936170212765957,5.832222223,6,15,0.1401869158878504672897196262,0,0,92,0.8598130841121495327102803738,0,0
5,5_GJ_Port_Log2,2019,108,4.778888891,0.04424897121296296296296296296,1.170302910390696111306239145,0.5277777777777777777777777778,0.5761403509122807017543859649,-0.5502178649215686274509803922,6.655555556,4,17,0.1574074074074074074074074074,0,0,91,0.8425925925925925925925925926,0,0
5,5_GJ_Port_Log2,2020,106,1.374444442,0.012966457,1.042987211490533244849480119,0.4905660377358490566037735849,0.6413034187307692307692307692,-0.6032704402264150943396226415,7.448888891,6,22,0.2075471698113207547169811321,0,0,84,0.7924528301886792452830188679,0,0
5,5_GJ_Port_Log2,2021,110,1.297777778,0.0117979798,1.045814701507315008272706872,0.5272727272727272727272727273,0.5107662835172413793103448276,-0.5447435897307692307692307692,5.436666669,7,11,0.1,0,0,99,0.9,0,0
5,5_GJ_Port_Log2,2022,106,17.443333335,0.1645597484433962264150943396,1.511251506263368414898386618,0.4811320754716981132075471698,1.011023965117647058823529412,-0.6203434342909090909090909091,4.468888888,6,25,0.2358490566037735849056603774,0,0,81,0.7641509433962264150943396226,0,0
5,5_GJ_Port_Log2,2023,105,6.969999997,0.06638095235238095238095238095,1.208724296160213671698126279,0.4571428571428571428571428571,0.8409027777708333333333333333,-0.5858479532631578947368421053,7.455555557,6,23,0.2190476190476190476190476190,0,0,82,0.7809523809523809523809523810,0,0
5,5_GJ_Port_Log2,2024,108,5.082222220,0.04705761314814814814814814815,1.135981211093880551907113662,0.3981481481481481481481481481,0.9873643411162790697674418605,-0.5749914530461538461538461538,7.994444445,5,24,0.2222222222222222222222222222,0,0,84,0.7777777777777777777777777778,0,0
5,5_GJ_Port_Log2,2025,111,6.558888894,0.05908908913513513513513513514,1.197029372655461398468770665,0.5405405405405405405405405405,0.6641296297,-0.6527233115294117647058823529,8.442222219,5,23,0.2072072072072072072072072072,0,0,88,0.7927927927927927927927927928,0,0
5,5_GJ_Port_Log2,2026,79,-2.641111109,-0.03343178618987341772151898734,0.8942521577432134985692899234,0.4050632911392405063291139241,0.69795138890625,-0.5313947990212765957446808511,7.303333330,6,13,0.1645569620253164556962025316,0,0,66,0.8354430379746835443037974684,0,0
6,6_GJ_Old_Mon,2015,42,-0.678,-0.01614285714285714285714285714,0.9650911337658325610132839049,0.4047619047619047619047619048,1.102588235294117647058823529,-0.77688,5.612,7,16,0.3809523809523809523809523810,1,0.02380952380952380952380952381,25,0.5952380952380952380952380952,0,0
6,6_GJ_Old_Mon,2016,42,0.112,0.002666666666666666666666666667,1.005080286673319423024584959,0.3571428571428571428571428571,1.4772,-0.8165185185185185185185185185,12.490,6,20,0.4761904761904761904761904762,1,0.02380952380952380952380952381,21,0.5,0,0
6,6_GJ_Old_Mon,2017,41,0.874,0.02131707317073170731707317073,1.070144462279293739967897271,0.5853658536585365853658536585,0.5555833333333333333333333333,-0.7329411764705882352941176471,5.004,3,11,0.2682926829268292682926829268,0,0,30,0.7317073170731707317073170732,0,0
6,6_GJ_Old_Mon,2018,43,8.866,0.2061860465116279069767441860,1.610942668136714443219404631,0.5348837209302325581395348837,1.016434782608695652173913043,-0.7256,4.230,5,12,0.2790697674418604651162790698,1,0.02325581395348837209302325581,30,0.6976744186046511627906976744,0,0
6,6_GJ_Old_Mon,2019,43,-3.010,-0.070,0.8353571819275790394923968931,0.4418604651162790697674418605,0.8037894736842105263157894737,-0.76175,8.996,6,15,0.3488372093023255813953488372,0,0,28,0.6511627906976744186046511628,0,0
6,6_GJ_Old_Mon,2020,41,4.778,0.1165365853658536585365853659,1.274156529722285976589396374,0.5121951219512195121951219512,1.057428571428571428571428571,-0.8714,6.662,4,16,0.3902439024390243902439024390,0,0,25,0.6097560975609756097560975610,0,0
6,6_GJ_Old_Mon,2021,43,10.636,0.2473488372093023255813953488,2.057256461232604373757455268,0.5813953488372093023255813953,0.82784,-0.5588888888888888888888888889,3.226,4,6,0.1395348837209302325581395349,0,0,37,0.8604651162790697674418604651,0,0
6,6_GJ_Old_Mon,2022,42,16.274,0.3874761904761904761904761905,1.915916253939666816749212067,0.5476190476190476190476190476,1.480086956521739130434782609,-0.9351578947368421052631578947,4.000,4,17,0.4047619047619047619047619048,2,0.04761904761904761904761904762,23,0.5476190476190476190476190476,0,0
6,6_GJ_Old_Mon,2023,42,6.488,0.1544761904761904761904761905,1.419880921563551643800155320,0.5238095238095238095238095238,0.9972727272727272727272727273,-0.7726,5.548,7,14,0.3333333333333333333333333333,0,0,28,0.6666666666666666666666666667,0,0
6,6_GJ_Old_Mon,2024,43,19.824,0.4610232558139534883720930233,2.355394502939969916586900041,0.5813953488372093023255813953,1.378,-0.8125555555555555555555555556,3.900,3,13,0.3023255813953488372093023256,1,0.02325581395348837209302325581,29,0.6744186046511627906976744186,0,0
6,6_GJ_Old_Mon,2025,41,13.132,0.3202926829268292682926829268,2.1725,0.6585365853658536585365853659,0.9011851851851851851851851852,-0.800,2.468,3,10,0.2439024390243902439024390244,0,0,31,0.7560975609756097560975609756,0,0
6,6_GJ_Old_Mon,2026,28,5.684,0.203,1.593071786310517529215358932,0.5714285714285714285714285714,0.95425,-0.7986666666666666666666666667,3.336,4,8,0.2857142857142857142857142857,0,0,20,0.7142857142857142857142857143,0,0
7,7_GJ_Mon_Blitz,2015,50,-4.808461538,-0.09616923076,0.4827044025996223500430571102,0.46,0.1950836120869565217391304348,-0.3442735042962962962962962963,4.808461538,5,2,0.04,0,0,48,0.96,0,0
7,7_GJ_Mon_Blitz,2016,51,4.543846152,0.08909502258823529411764705882,1.647981570537167242926343734,0.5882352941176470588235294118,0.3852051281666666666666666667,-0.3339194139523809523809523810,1.497692308,4,3,0.05882352941176470588235294118,0,0,48,0.9411764705882352941176470588,0,0
7,7_GJ_Mon_Blitz,2017,49,-0.950769232,-0.01940345371428571428571428571,0.8361829024050000856716368286,0.5306122448979591836734693878,0.1866568047307692307692307692,-0.2523411371739130434782608696,2.572307694,4,1,0.02040816326530612244897959184,0,0,48,0.9795918367346938775510204082,0,0
7,7_GJ_Mon_Blitz,2018,51,0.963846150,0.01889894411764705882352941176,1.146566849320245229354044947,0.5686274509803921568627450980,0.2599999998965517241379310345,-0.2989160839545454545454545455,2.295384616,5,0,0,0,0,51,1,0,0
7,7_GJ_Mon_Blitz,2019,51,0.233846151,0.004585218647058823529411764706,1.046590037749268507482724989,0.4509803921568627450980392157,0.2283946486956521739130434783,-0.17925824175,2.166153845,5,0,0,0,0,51,1,0,0
7,7_GJ_Mon_Blitz,2020,49,3.100769228,0.06328100465306122448979591837,1.583864425652780006605871666,0.5918367346938775510204081633,0.2900530503793103448275862069,-0.26553846165,2.181538462,4,1,0.02040816326530612244897959184,0,0,48,0.9795918367346938775510204082,0,0
7,7_GJ_Mon_Blitz,2021,51,2.832307694,0.05553544498039215686274509804,1.685278243323593171042562478,0.5098039215686274509803921569,0.2678994083846153846153846154,-0.16532307696,1.198461539,4,0,0,0,0,51,1,0,0
7,7_GJ_Mon_Blitz,2022,50,2.514615384,0.05029230768,1.338896951975889898655540445,0.54,0.3679487179629629629629629630,-0.3226086956956521739130434783,2.726923078,5,2,0.04,1,0.02,47,0.94,0,0
7,7_GJ_Mon_Blitz,2023,50,3.216153848,0.06432307696,1.510625305736466546274949492,0.6,0.3171538461666666666666666667,-0.31492307685,2.614615384,4,2,0.04,0,0,48,0.96,0,0
7,7_GJ_Mon_Blitz,2024,51,6.730000003,0.1319607843725490196078431373,2.355593430929997410061202556,0.6274509803921568627450980392,0.365456730875,-0.2612955465789473684210526316,1.538461538,6,0,0,0,0,51,1,0,0
7,7_GJ_Mon_Blitz,2025,50,4.229230765,0.0845846153,1.834167803418474239282653160,0.56,0.3321153845357142857142857143,-0.2304545455454545454545454545,1.430000001,4,0,0,1,0.02,49,0.98,0,0
7,7_GJ_Mon_Blitz,2026,36,2.229230770,0.06192307694444444444444444444,1.767885532876732526043368641,0.6666666666666666666666666667,0.213846153875,-0.2419230769166666666666666667,0.877692307,4,0,0,0,0,36,1,0,0
8,8_AJ_Core1,2015,51,1.961428573,0.03845938378431372549019607843,1.177458963578450998855767171,0.5294117647058823529411764706,0.4820105820370370370370370370,-0.46053571425,3.297142856,6,3,0.05882352941176470588235294118,1,0.01960784313725490196078431373,47,0.9215686274509803921568627451,0,0
8,8_AJ_Core1,2016,51,7.871428569,0.1543417366470588235294117647,1.555387561560776256813216649,0.5294117647058823529411764706,0.8164550263703703703703703704,-0.5905357142916666666666666667,2.268571428,3,9,0.1764705882352941176470588235,4,0.07843137254901960784313725490,38,0.7450980392156862745098039216,0,0
8,8_AJ_Core1,2017,50,-1.949999999,-0.03899999998,0.7967842788061103385795411541,0.46,0.3324223603043478260869565217,-0.3553968254074074074074074074,3.857142857,6,3,0.06,0,0,47,0.94,0,0
8,8_AJ_Core1,2018,51,2.239999999,0.04392156860784313725490196078,1.294681450740162457286609423,0.4901960784313725490196078431,0.3936571428,-0.2923626373461538461538461538,2.002857144,4,0,0,0,0,51,1,0,0
8,8_AJ_Core1,2019,51,-1.444285716,-0.02831932776470588235294117647,0.8501334122279750893363793280,0.5294117647058823529411764706,0.3034391534074074074074074074,-0.4015476190833333333333333333,4.112857144,4,5,0.09803921568627450980392156863,1,0.01960784313725490196078431373,45,0.8823529411764705882352941176,0,0
8,8_AJ_Core1,2020,49,9.377142858,0.1913702624081632653061224490,2.281780902409859490569211042,0.6326530612244897959183673469,0.5384792626774193548387096774,-0.4064285713888888888888888889,1.484285714,4,4,0.08163265306122448979591836735,3,0.06122448979591836734693877551,42,0.8571428571428571428571428571,0,0
8,8_AJ_Core1,2021,51,2.595714284,0.05089635850980392156862745098,1.313871134665795509713930410,0.6078431372549019607843137255,0.3505069124193548387096774194,-0.41350000005,2.888571427,5,4,0.07843137254901960784313725490,1,0.01960784313725490196078431373,46,0.9019607843137254901960784314,0,0
8,8_AJ_Core1,2022,50,6.288571427,0.12577142854,1.428460190669928559379695625,0.62,0.676313364,-0.772481203,3.387142857,5,12,0.24,2,0.04,36,0.72,0,0
8,8_AJ_Core1,2023,50,9.739999999,0.19479999998,1.976930792374817531832980695,0.6,0.6569999999333333333333333333,-0.49849999995,3.301428571,4,5,0.1,3,0.06,42,0.84,0,0
8,8_AJ_Core1,2024,51,6.310000003,0.1237254902549019607843137255,1.664510305906810528241754175,0.5686274509803921568627450980,0.5450246305517241379310344828,-0.4316233765,2.581428571,5,4,0.07843137254901960784313725490,3,0.05882352941176470588235294118,44,0.8627450980392156862745098039,0,0
8,8_AJ_Core1,2025,49,8.974285712,0.183148688,2.109697932964311922504227379,0.5918367346938775510204081633,0.5883251230689655172413793103,-0.40435714285,1.698571429,3,2,0.04081632653061224489795918367,3,0.06122448979591836734693877551,44,0.8979591836734693877551020408,0,0
8,8_AJ_Core1,2026,36,2.785714285,0.07738095236111111111111111111,1.276399716430486192072410226,0.6666666666666666666666666667,0.53601190475,-0.8398809524166666666666666667,3.008571429,3,9,0.25,0,0,27,0.75,0,0
9,9_AJ_Core2,2015,28,2.819999999,0.1007142856785714285714285714,1.215816326448576114121209793,0.5,1.134761904714285714285714286,-0.9333333333571428571428571429,6.146666668,3,13,0.4642857142857142857142857143,3,0.1071428571428571428571428571,12,0.4285714285714285714285714286,0,0
9,9_AJ_Core2,2016,30,5.953333337,0.1984444445666666666666666667,1.381705492878038277105280542,0.4,1.795833333583333333333333333,-0.8664814814444444444444444444,5.013333332,6,14,0.4666666666666666666666666667,7,0.2333333333333333333333333333,9,0.3,0,0
9,9_AJ_Core2,2017,31,4.220000000,0.1361290322580645161290322581,1.399495108917575905196286009,0.4838709677419354838709677419,0.9855555554666666666666666667,-0.66020833325,4.273333333,5,8,0.2580645161290322580645161290,0,0,23,0.7419354838709677419354838710,0,0
9,9_AJ_Core2,2018,29,18.980000000,0.6544827586206896551724137931,3.976476737952092172610972704,0.7241379310344827586206896552,1.207460317476190476190476190,-0.797083333375,2.000000000,2,6,0.2068965517241379310344827586,2,0.06896551724137931034482758621,21,0.7241379310344827586206896552,0,0
9,9_AJ_Core2,2019,30,0.986666670,0.032888889,1.105001774040794733880155710,0.5666666666666666666666666667,0.6107843138823529411764705882,-0.7228205127692307692307692308,4.309999999,3,6,0.2,0,0,24,0.8,0,0
9,9_AJ_Core2,2020,26,4.566666664,0.1756410255384615384615384615,1.474541045758604707602452047,0.5384615384615384615384615385,1.013571428428571428571428571,-0.8019444445,4.493333335,4,8,0.3076923076923076923076923077,2,0.07692307692307692307692307692,16,0.6153846153846153846153846154,0,0
9,9_AJ_Core2,2021,32,3.426666668,0.107083333375,1.396604938425925925925925926,0.53125,0.7098039216470588235294117647,-0.576000000,2.476666666,3,6,0.1875,1,0.03125,25,0.78125,0,0
9,9_AJ_Core2,2022,27,9.946666667,0.3683950617407407407407407407,1.956410256442307692307692308,0.5555555555555555555555555556,1.356444444466666666666666667,-0.8666666666666666666666666667,4.000000000,4,10,0.3703703703703703703703703704,5,0.1851851851851851851851851852,12,0.4444444444444444444444444444,0,0
9,9_AJ_Core2,2023,30,11.870000000,0.3956666666666666666666666667,2.280474649268557211513639999,0.6333333333333333333333333333,1.112631579,-0.8427272728181818181818181818,4.010000000,3,8,0.2666666666666666666666666667,2,0.06666666666666666666666666667,20,0.6666666666666666666666666667,0,0
9,9_AJ_Core2,2024,30,0.190000001,0.006333333366666666666666666667,1.012510974605465802221486646,0.4333333333333333333333333333,1.182820512846153846153846154,-0.8933333332941176470588235294,7.590000000,4,15,0.5,3,0.1,12,0.4,0,0
9,9_AJ_Core2,2025,27,2.646666667,0.09802469137037037037037037037,1.265729585040160642570281124,0.5185185185185185185185185185,0.9004761905,-0.7661538461538461538461538462,6.510000000,4,8,0.2962962962962962962962962963,2,0.07407407407407407407407407407,17,0.6296296296296296296296296296,0,0
9,9_AJ_Core2,2026,20,-2.636666666,-0.1318333333,0.7432651737098344693281402142,0.35,1.090476190571428571428571429,-0.790000000,3.836666667,3,8,0.4,1,0.05,11,0.55,0,0
10,10_AJ_SatA,2015,32,2.172,0.067875,1.762640449438202247191011236,0.5,0.31375,-0.178,1.182,3,0,0,7,0.21875,25,0.78125,0,0
10,10_AJ_SatA,2016,34,2.342,0.06888235294117647058823529412,1.681210005817335660267597440,0.5,0.340,-0.2022352941176470588235294118,0.812,3,0,0,9,0.2647058823529411764705882353,25,0.7352941176470588235294117647,0,0
10,10_AJ_SatA,2017,33,-0.268,-0.008121212121212121212121212121,0.9294736842105263157894736842,0.4545454545454545454545454545,0.2354666666666666666666666667,-0.2111111111111111111111111111,1.518,4,0,0,4,0.1212121212121212121212121212,29,0.8787878787878787878787878788,0,0
10,10_AJ_SatA,2018,35,-2.350,-0.06714285714285714285714285714,0.5576054216867469879518072289,0.4857142857142857142857142857,0.1742352941176470588235294118,-0.2951111111111111111111111111,3.736,5,2,0.05714285714285714285714285714,2,0.05714285714285714285714285714,31,0.8857142857142857142857142857,0,0
10,10_AJ_SatA,2019,36,-1.536,-0.04266666666666666666666666667,0.5547826086956521739130434783,0.3055555555555555555555555556,0.174,-0.138,1.798,10,0,0,1,0.02777777777777777777777777778,35,0.9722222222222222222222222222,0,0
10,10_AJ_SatA,2020,35,-0.762,-0.02177142857142857142857142857,0.8258683729433272394881170018,0.4571428571428571428571428571,0.225875,-0.2303157894736842105263157895,1.640,4,2,0.05714285714285714285714285714,3,0.08571428571428571428571428571,30,0.8571428571428571428571428571,0,0
10,10_AJ_SatA,2021,34,-0.042,-0.001235294117647058823529411765,0.9877121123464014043300175541,0.5,0.1985882352941176470588235294,-0.213625,2.068,7,0,0,4,0.1176470588235294117647058824,30,0.8823529411764705882352941176,0,0
10,10_AJ_SatA,2022,35,1.896,0.05417142857142857142857142857,1.419654714475431606905710491,0.5428571428571428571428571429,0.3375789473684210526315789474,-0.282375,1.394,3,1,0.02857142857142857142857142857,11,0.3142857142857142857142857143,23,0.6571428571428571428571428571,0,0
10,10_AJ_SatA,2023,35,1.138,0.03251428571428571428571428571,1.280295566502463054187192118,0.5142857142857142857142857143,0.2887777777777777777777777778,-0.2388235294117647058823529412,1.508,3,0,0,5,0.1428571428571428571428571429,30,0.8571428571428571428571428571,0,0
10,10_AJ_SatA,2024,36,1.988,0.05522222222222222222222222222,1.550692520775623268698060942,0.4722222222222222222222222222,0.3292941176470588235294117647,-0.190,1.184,5,0,0,8,0.2222222222222222222222222222,28,0.7777777777777777777777777778,0,0
10,10_AJ_SatA,2025,33,-0.764,-0.02315151515151515151515151515,0.8382726502963590177815410669,0.4545454545454545454545454545,0.264,-0.2624444444444444444444444444,2.950,6,0,0,5,0.1515151515151515151515151515,28,0.8484848484848484848484848485,0,0
10,10_AJ_SatA,2026,25,-0.940,-0.0376,0.7269029633933759442184776293,0.44,0.2274545454545454545454545455,-0.2647692307692307692307692308,2.446,3,0,0,3,0.12,22,0.88,0,0
11,11_AJ_SatB,2015,31,4.509090909,0.1454545454516129032258064516,1.814182534628765150199834980,0.5161290322580645161290322581,0.627954545375,-0.3692121211333333333333333333,2.063636363,6,1,0.03225806451612903225806451613,2,0.06451612903225806451612903226,28,0.9032258064516129032258064516,0,0
11,11_AJ_SatB,2016,34,7.250909088,0.213262032,2.354159591618564457285279604,0.5882352941176470588235294118,0.6302727272,-0.3824675325714285714285714286,1.347272727,2,3,0.08823529411764705882352941176,2,0.05882352941176470588235294118,29,0.8529411764705882352941176471,0,0
11,11_AJ_SatB,2017,33,-0.972727276,-0.02947658412121212121212121212,0.8503496498922001077254768899,0.3939393939393939393939393939,0.4251748250769230769230769231,-0.3250000001,1.849090911,5,1,0.03030303030303030303030303030,0,0,32,0.9696969696969696969696969697,0,0
11,11_AJ_SatB,2018,35,1.681818180,0.048051948,1.219506406942885817628648367,0.6,0.4449350649047619047619047619,-0.5472727273571428571428571429,3.412727275,3,4,0.1142857142857142857142857143,0,0,31,0.8857142857142857142857142857,0,0
11,11_AJ_SatB,2019,36,1.285454544,0.03570707066666666666666666667,1.199323371609906488354961025,0.4444444444444444444444444444,0.483409090875,-0.3224545455,2.572727273,5,1,0.02777777777777777777777777778,1,0.02777777777777777777777777778,34,0.9444444444444444444444444444,0,0
11,11_AJ_SatB,2020,35,3.123636363,0.08924675322857142857142857143,1.418412079767286014629764782,0.5428571428571428571428571429,0.5573205741578947368421052632,-0.466590909125,2.060000000,2,3,0.08571428571428571428571428571,2,0.05714285714285714285714285714,30,0.8571428571428571428571428571,0,0
11,11_AJ_SatB,2021,34,0.414545454,0.01219251335294117647058823529,1.056047197546394189665124982,0.4705882352941176470588235294,0.4881818183125,-0.4109090910555555555555555556,2.099999999,4,1,0.02941176470588235294117647059,0,0,33,0.9705882352941176470588235294,0,0
11,11_AJ_SatB,2022,35,5.434545454,0.1552727272571428571428571429,1.575804276585933428560699931,0.5428571428571428571428571429,0.7827751195789473684210526316,-0.589886363625,2.507272727,4,7,0.2,2,0.05714285714285714285714285714,26,0.7428571428571428571428571429,0,0
11,11_AJ_SatB,2023,35,0.330909089,0.0094545454,1.042473745373282556073752734,0.4857142857142857142857142857,0.4777540106470588235294117647,-0.4328282828888888888888888889,3.009090908,5,2,0.05714285714285714285714285714,2,0.05714285714285714285714285714,31,0.8857142857142857142857142857,0,0
11,11_AJ_SatB,2024,36,3.721818180,0.1033838383333333333333333333,1.570990236660811649466998145,0.5277777777777777777777777778,0.5389473684210526315789473684,-0.383422460,1.965454545,4,1,0.02777777777777777777777777778,2,0.05555555555555555555555555556,33,0.9166666666666666666666666667,0,0
11,11_AJ_SatB,2025,34,-1.129090908,-0.03320855611764705882352941176,0.8711083438061891195904541369,0.4117647058823529411764705882,0.545064935,-0.4379999999,2.701818181,5,3,0.08823529411764705882352941176,1,0.02941176470588235294117647059,30,0.8823529411764705882352941176,0,0
11,11_AJ_SatB,2026,25,-2.545454546,-0.10181818184,0.6185286102880710377266455979,0.36,0.4585858585555555555555555556,-0.4170454545625,5.085454546,6,2,0.08,0,0,23,0.92,0,0
12,12_UJ_Short_Core,2015,49,7.776,0.1586938775510204081632653061,1.800658978583196046128500824,0.6734693877551020408163265306,0.5299393939393939393939393939,-0.607,3.207,4,5,0.1020408163265306122448979592,0,0,44,0.8979591836734693877551020408,0,0
12,12_UJ_Short_Core,2016,42,10.061,0.2395476190476190476190476190,1.897582299937550182888750112,0.5476190476190476190476190476,0.9247826086956521739130434783,-0.5899473684210526315789473684,4.090,3,7,0.1666666666666666666666666667,2,0.04761904761904761904761904762,33,0.7857142857142857142857142857,0,0
12,12_UJ_Short_Core,2017,49,8.662,0.1767755102040816326530612245,2.075490439533151229202880556,0.6122448979591836734693877551,0.5572,-0.4238947368421052631578947368,2.513,3,4,0.08163265306122448979591836735,1,0.02040816326530612244897959184,44,0.8979591836734693877551020408,0,0
12,12_UJ_Short_Core,2018,48,6.034,0.1257083333333333333333333333,1.561981931638260221663406911,0.5625,0.6211481481481481481481481481,-0.53685,3.176,4,8,0.1666666666666666666666666667,1,0.02083333333333333333333333333,39,0.8125,0,0
12,12_UJ_Short_Core,2019,43,3.746,0.08711627906976744186046511628,1.786644267114657706845863083,0.5116279069767441860465116279,0.3867272727272727272727272727,-0.2267619047619047619047619048,1.228,4,0,0,1,0.02325581395348837209302325581,42,0.9767441860465116279069767442,0,0
12,12_UJ_Short_Core,2020,50,18.594,0.37188,4.082559681697612732095490716,0.64,0.7695625,-0.3351111111111111111111111111,1.514,3,3,0.06,2,0.04,45,0.9,0,0
12,12_UJ_Short_Core,2021,46,5.481,0.1191521739130434782608695652,2.070298769771528998242530756,0.6521739130434782608695652174,0.3534,-0.3200625,1.428,2,0,0,0,0,46,1,0,0
12,12_UJ_Short_Core,2022,43,27.760,0.6455813953488372093023255814,4.668076109936575052854122622,0.6744186046511627906976744186,1.218206896551724137931034483,-0.5405714285714285714285714286,1.650,2,4,0.09302325581395348837209302326,7,0.1627906976744186046511627907,32,0.7441860465116279069767441860,0,0
12,12_UJ_Short_Core,2023,49,15.976,0.3260408163265306122448979592,2.486416077409750651283959806,0.5918367346938775510204081633,0.9215172413793103448275862069,-0.5656842105263157894736842105,2.265,4,7,0.1428571428571428571428571429,4,0.08163265306122448979591836735,38,0.7755102040816326530612244898,0,0
12,12_UJ_Short_Core,2024,46,11.372,0.2472173913043478260869565217,1.873626795728662518245371437,0.5434782608695652173913043478,0.97556,-0.6198571428571428571428571429,3.498,5,9,0.1956521739130434782608695652,6,0.1304347826086956521739130435,31,0.6739130434782608695652173913,0,0
12,12_UJ_Short_Core,2025,48,17.016,0.3545,2.174975832067394006352713714,0.5625,1.166592592592592592592592593,-0.6896190476190476190476190476,5.000,5,10,0.2083333333333333333333333333,5,0.1041666666666666666666666667,33,0.6875,0,0
12,12_UJ_Short_Core,2026,33,-3.125,-0.09469696969696969696969696970,0.6426529445397369925671812464,0.3939393939393939393939393939,0.4323076923076923076923076923,-0.4602631578947368421052631579,4.376,6,5,0.1515151515151515151515151515,0,0,28,0.8484848484848484848484848485,0,0
13,13_UJ_Fix_MidWeek,2015,18,2.695789475,0.1497660819444444444444444444,5.725092259767194086393718754,0.7222222222222222222222222222,0.2512550607692307692307692308,-0.114105263,0.393684211,2,0,0,0,0,18,1,0,0
13,13_UJ_Fix_MidWeek,2016,19,2.466315788,0.1298060941052631578947368421,4.695583594297758958540832725,0.7368421052631578947368421053,0.2238345863571428571428571429,-0.1334736842,0.231578947,2,0,0,0,0,19,1,0,0
13,13_UJ_Fix_MidWeek,2017,19,1.675789475,0.08819944605263157894736842105,2.690021233377396424290964701,0.5263157894736842105263157895,0.2667368422,-0.1101754385555555555555555556,0.394736842,2,0,0,0,0,19,1,0,0
13,13_UJ_Fix_MidWeek,2018,20,0.430526317,0.02152631585,1.227474972944787250083597622,0.5,0.2323157895,-0.1892631578,0.414736842,2,0,0,0,0,20,1,0,0
13,13_UJ_Fix_MidWeek,2019,19,0.890526316,0.04686980610526315789473684211,2.766179538730654070616022660,0.5789473684210526315789473684,0.1267942584545454545454545455,-0.063026315875,0.100000000,2,0,0,0,0,19,1,0,0
13,13_UJ_Fix_MidWeek,2020,19,0.276842107,0.01457063721052631578947368421,1.301951781544762279433054615,0.5789473684210526315789473684,0.1085167465454545454545454545,-0.114605263125,0.531578947,1,0,0,0,0,19,1,0,0
13,13_UJ_Fix_MidWeek,2021,18,1.461052630,0.08116959055555555555555555556,10.63888883831018539592978307,0.6666666666666666666666666667,0.1343859648333333333333333333,-0.025263158,0.071578948,2,0,0,0,0,18,1,0,0
13,13_UJ_Fix_MidWeek,2022,18,2.658947367,0.1477192981666666666666666667,2.854625549056841778945977386,0.7222222222222222222222222222,0.3148178136923076923076923077,-0.2867368422,0.555789474,2,0,0,1,0.05555555555555555555555555556,17,0.9444444444444444444444444444,0,0
13,13_UJ_Fix_MidWeek,2023,20,2.158947368,0.1079473684,2.386747801642512872785828931,0.65,0.2858299595384615384615384615,-0.2224060151428571428571428571,0.684210526,2,0,0,0,0,20,1,0,0
13,13_UJ_Fix_MidWeek,2024,19,2.229473682,0.1173407201052631578947368421,2.251033665511335549530515528,0.5263157894736842105263157895,0.4011578947,-0.1980116961111111111111111111,0.840000001,3,0,0,1,0.05263157894736842105263157895,18,0.9473684210526315789473684211,0,0
13,13_UJ_Fix_MidWeek,2025,19,2.668421051,0.1404432132105263157894736842,2.531722053582935533557365758,0.6315789473684210526315789474,0.3675438595,-0.2488721804285714285714285714,0.814736842,1,0,0,0,0,19,1,0,0
13,13_UJ_Fix_MidWeek,2026,15,-0.528421054,-0.03522807026666666666666666667,0.7609523803560997732994190692,0.6666666666666666666666666667,0.1682105262,-0.4421052632,1.892631579,2,2,0.1333333333333333333333333333,0,0,13,0.8666666666666666666666666667,0,0
14,14_UJ_Sat_3rd,2015,8,3.793333334,0.47416666675,9.286407764424073900765012670,0.875,0.6073015874285714285714285714,-0.457777778,0.457777778,1,0,0,1,0.125,7,0.875,0,0
14,14_UJ_Sat_3rd,2016,6,1.202222223,0.2003703705,1.800295858624304121098269840,0.5,0.9014814816666666666666666667,-0.5007407406666666666666666667,1.502222222,3,1,0.1666666666666666666666666667,1,0.1666666666666666666666666667,4,0.6666666666666666666666666667,0,0
14,14_UJ_Sat_3rd,2017,5,1.493333334,0.2986666668,2.493333334,0.8,0.6233333335,-1.0,1.000000000,1,1,0.2,0,0,4,0.8,0,0
14,14_UJ_Sat_3rd,2018,6,-0.848888889,-0.1414814815,0.5599078340691297330605340016,0.3333333333333333333333333333,0.540000000,-0.48222222225,1.211111111,3,1,0.1666666666666666666666666667,0,0,5,0.8333333333333333333333333333,0,0
14,14_UJ_Sat_3rd,2019,6,1.675555555,0.2792592591666666666666666667,4.442922370929505225390749846,0.8333333333333333333333333333,0.4324444444,-0.486666667,0.486666667,1,0,0,0,0,6,1,0,0
14,14_UJ_Sat_3rd,2020,7,1.271111112,0.1815873017142857142857142857,2.317972351759434263483610260,0.4285714285714285714285714286,0.7451851853333333333333333333,-0.241111111,0.964444444,4,0,0,0,0,7,1,0,0
14,14_UJ_Sat_3rd,2021,5,-0.124444445,-0.024888889,0.875555555,0.8,0.21888888875,-1.0,1.000000000,1,1,0.2,0,0,4,0.8,0,0
14,14_UJ_Sat_3rd,2022,6,2.362222223,0.3937037038333333333333333333,2.964879853135837311115681573,0.5,1.188148148333333333333333333,-0.4007407406666666666666666667,1.028888889,2,1,0.1666666666666666666666666667,2,0.3333333333333333333333333333,3,0.5,0,0
14,14_UJ_Sat_3rd,2023,5,6.608888891,1.3217777782,Infinity,1,1.3217777782,,0,0,0,0,4,0.8,1,0.2,0,0
14,14_UJ_Sat_3rd,2024,6,6.628888891,1.104814815166666666666666667,Infinity,1,1.104814815166666666666666667,,0,0,0,0,4,0.6666666666666666666666666667,2,0.3333333333333333333333333333,0,0
14,14_UJ_Sat_3rd,2025,7,3.535555557,0.5050793652857142857142857143,2.7677777785,0.7142857142857142857142857143,1.1071111114,-1.0,1.000000000,1,2,0.2857142857142857142857142857,3,0.4285714285714285714285714286,2,0.2857142857142857142857142857,0,0
14,14_UJ_Sat_3rd,2026,6,0.635555556,0.105925926,1.412698412987012987012987013,0.5,0.7251851853333333333333333333,-0.5133333333333333333333333333,1.540000000,3,0,0,1,0.1666666666666666666666666667,5,0.8333333333333333333333333333,0,0
15,15_UJ_Sat_Aug,2015,5,2.500,0.500,6.376344086021505376344086022,0.8,0.74125,-0.465,0.465,1,0,0,1,0.2,4,0.8,0,0
15,15_UJ_Sat_Aug,2016,7,4.00,0.5714285714285714285714285714,2.333333333333333333333333333,0.5714285714285714285714285714,1.75,-1.0,1.0,1,3,0.4285714285714285714285714286,4,0.5714285714285714285714285714,0,0,0,0
15,15_UJ_Sat_Aug,2017,7,0.545,0.07785714285714285714285714286,1.165151515151515151515151515,0.4285714285714285714285714286,1.281666666666666666666666667,-0.825,2.0,2,3,0.4285714285714285714285714286,2,0.2857142857142857142857142857,2,0.2857142857142857142857142857,0,0
15,15_UJ_Sat_Aug,2018,6,-0.125,-0.02083333333333333333333333333,0.9462365591397849462365591398,0.5,0.7333333333333333333333333333,-0.775,2.325,3,2,0.3333333333333333333333333333,0,0,4,0.6666666666666666666666666667,0,0
15,15_UJ_Sat_Aug,2019,6,3.930,0.655,3.988593155893536121673003802,0.6666666666666666666666666667,1.31125,-0.6575,1.000,1,1,0.1666666666666666666666666667,2,0.3333333333333333333333333333,3,0.5,0,0
15,15_UJ_Sat_Aug,2020,5,-0.945,-0.189,0.685,0.4,1.0275,-1.0,2.0,2,3,0.6,1,0.2,1,0.2,0,0
15,15_UJ_Sat_Aug,2021,6,3.670,0.6116666666666666666666666667,6.437037037037037037037037037,0.6666666666666666666666666667,1.08625,-0.3375,0.620,1,0,0,1,0.1666666666666666666666666667,5,0.8333333333333333333333333333,0,0
15,15_UJ_Sat_Aug,2022,6,-0.50,-0.08333333333333333333333333333,0.875,0.3333333333333333333333333333,1.75,-1.0,3.0,3,4,0.6666666666666666666666666667,2,0.3333333333333333333333333333,0,0,0,0
15,15_UJ_Sat_Aug,2023,6,-0.50,-0.08333333333333333333333333333,0.875,0.3333333333333333333333333333,1.75,-1.0,2.0,2,4,0.6666666666666666666666666667,2,0.3333333333333333333333333333,0,0,0,0
15,15_UJ_Sat_Aug,2024,6,5.00,0.8333333333333333333333333333,3.5,0.6666666666666666666666666667,1.75,-1.0,1.0,1,2,0.3333333333333333333333333333,4,0.6666666666666666666666666667,0,0,0,0
15,15_UJ_Sat_Aug,2025,5,0.50,0.10,1.166666666666666666666666667,0.4,1.75,-1.0,2.00,2,3,0.6,2,0.4,0,0,0,0
15,15_UJ_Sat_Aug,2026,5,6.00,1.20,7.0,0.8,1.75,-1.0,1.00,1,1,0.2,4,0.8,0,0,0,0
16,16_UJ_T10A,2015,7,-0.331111111,-0.04730158728571428571428571429,0.7950481431788038120553497078,0.5714285714285714285714285714,0.32111111125,-0.5385185186666666666666666667,1.000000000,1,1,0.1428571428571428571428571429,0,0,6,0.8571428571428571428571428571,0,0
16,16_UJ_T10A,2016,4,2.064444445,0.51611111125,Infinity,1,0.51611111125,,0,0,0,0,0,0,4,1,0,0
16,16_UJ_T10A,2017,6,2.035555555,0.3392592591666666666666666667,3.035555555,0.8333333333333333333333333333,0.607111111,-1.0,1.0,1,1,0.1666666666666666666666666667,0,0,5,0.8333333333333333333333333333,0,0
16,16_UJ_T10A,2018,4,0.337777778,0.0844444445,1.527777778125,0.5,0.488888889,-0.320000000,0.506666667,1,0,0,0,0,4,1,0,0
16,16_UJ_T10A,2019,5,-0.495555556,-0.0991111112,0.6553323026807832607912236073,0.4,0.471111111,-0.4792592593333333333333333333,1.028888889,2,1,0.2,0,0,4,0.8,0,0
16,16_UJ_T10A,2020,7,1.873333333,0.2676190475714285714285714286,2.713414634363845925110928636,0.5714285714285714285714285714,0.7416666665,-0.3644444443333333333333333333,1.071111111,2,0,0,1,0.1428571428571428571428571429,6,0.8571428571428571428571428571,0,0
16,16_UJ_T10A,2021,4,0.157777778,0.0394444445,1.449367089382711104235035160,0.5,0.2544444445,-0.1755555555,0.317777778,1,0,0,0,0,4,1,0,0
16,16_UJ_T10A,2022,5,0.091111111,0.0182222222,1.126153846038816568011943559,0.6,0.271111111,-0.361111111,0.722222222,2,0,0,0,0,5,1,0,0
16,16_UJ_T10A,2023,5,2.706666667,0.5413333334,Infinity,1,0.5413333334,,0,0,0,0,0,0,5,1,0,0
16,16_UJ_T10A,2024,4,1.122222222,0.2805555555,6.61111111,0.5,0.661111111,-0.100000000,0.168888889,1,0,0,0,0,4,1,0,0
16,16_UJ_T10A,2025,5,1.906666666,0.3813333332,2.906666666,0.8,0.7266666665,-1.0,1.000000000,1,1,0.2,1,0.2,3,0.6,0,0
16,16_UJ_T10A,2026,4,0.275555556,0.068888889,1.207357859848883122086213786,0.5,0.8022222225,-0.6644444445,1.000000000,1,1,0.25,0,0,3,0.75,0,0
17,17_EA_1B_Wed_Short,2015,32,2.142857142,0.0669642856875,1.180505415096769148559450150,0.5625,0.7785714285,-0.8479591836428571428571428571,3.977142858,3,11,0.34375,0,0,21,0.65625,0,0
17,17_EA_1B_Wed_Short,2016,33,5.291428570,0.1603463203030303030303030303,1.546312684145769702694514346,0.5757575757575757575757575758,0.7882706766842105263157894737,-0.6918367347857142857142857143,3.000000000,3,8,0.2424242424242424242424242424,2,0.06060606060606060606060606061,23,0.6969696969696969696969696970,0,0
17,17_EA_1B_Wed_Short,2017,28,7.120000001,0.2542857143214285714285714286,2.198076923216392381653452106,0.7142857142857142857142857143,0.6531428572,-0.742857142875,2.697142857,3,4,0.1428571428571428571428571429,1,0.03571428571428571428571428571,23,0.8214285714285714285714285714,0,0
17,17_EA_1B_Wed_Short,2018,28,2.301428571,0.08219387753571428571428571429,1.347048685869046662163014649,0.5,0.6380612244285714285714285714,-0.4736734693571428571428571429,2.678571429,4,3,0.1071428571428571428571428571,0,0,25,0.8928571428571428571428571429,0,0
17,17_EA_1B_Wed_Short,2019,28,0.519999999,0.01857142853571428571428571429,1.090795709465084204120965198,0.5,0.4462244897857142857142857143,-0.4090816327142857142857142857,2.364285715,4,2,0.07142857142857142857142857143,0,0,26,0.9285714285714285714285714286,0,0
17,17_EA_1B_Wed_Short,2020,35,10.787142857,0.3082040816285714285714285714,2.066676084268965341229181976,0.6,0.9952380951904761904761904762,-0.7223469387142857142857142857,2.084285714,2,9,0.2571428571428571428571428571,1,0.02857142857142857142857142857,25,0.7142857142857142857142857143,0,0
17,17_EA_1B_Wed_Short,2021,31,7.462857143,0.2407373271935483870967741935,2.608374384267241379310344828,0.6451612903225806451612903226,0.60514285715,-0.4218181818181818181818181818,1.280000000,2,3,0.09677419354838709677419354839,0,0,28,0.9032258064516129032258064516,0,0
17,17_EA_1B_Wed_Short,2022,33,6.062857144,0.1837229437575757575757575758,1.706273922688574892730856616,0.6060606060606060606060606061,0.73235714285,-0.6603296702307692307692307692,2.658571428,4,5,0.1515151515151515151515151515,0,0,28,0.8484848484848484848484848485,0,0
17,17_EA_1B_Wed_Short,2023,30,5.888571427,0.1962857142333333333333333333,1.735808639470073739454470012,0.6666666666666666666666666667,0.69457142855,-0.8002857144,4.347142859,3,7,0.2333333333333333333333333333,1,0.03333333333333333333333333333,22,0.7333333333333333333333333333,0,0
17,17_EA_1B_Wed_Short,2024,27,-0.185714287,-0.006878306925925925925925925926,0.9686822450305763499105267538,0.4074074074074074074074074074,0.5222077921818181818181818182,-0.3706250000625,1.787142857,4,2,0.07407407407407407407407407407,0,0,25,0.9259259259259259259259259259,0,0
17,17_EA_1B_Wed_Short,2025,27,5.727142860,0.2121164022222222222222222222,2.003504381001339283629570445,0.7407407407407407407407407407,0.57171428585,-0.8153061224285714285714285714,2.714285714,2,5,0.1851851851851851851851851852,0,0,22,0.8148148148148148148148148148,0,0
17,17_EA_1B_Wed_Short,2026,19,-0.337142859,-0.017744361,0.9096131745308310991957104558,0.5263157894736842105263157895,0.3392857141,-0.4144444444444444444444444444,2.178571429,3,1,0.05263157894736842105263157895,0,0,18,0.9473684210526315789473684211,0,0
18,18_EA_2_MonWed_Short,2015,83,-3.982222224,-0.04797858101204819277108433735,0.8755728370525695591401789759,0.4337349397590361445783132530,0.7783950616944444444444444444,-0.6809456264893617021276595745,9.592222224,6,27,0.3253012048192771084337349398,2,0.02409638554216867469879518072,54,0.6506024096385542168674698795,0,0
18,18_EA_2_MonWed_Short,2016,85,16.794444443,0.1975816993294117647058823529,1.655066308311494628623444392,0.5647058823529411764705882353,0.884004629625,-0.6929129129459459459459459459,3.203333333,5,20,0.2352941176470588235294117647,5,0.05882352941176470588235294118,60,0.7058823529411764705882352941,0,0
18,18_EA_2_MonWed_Short,2017,79,3.085555557,0.03905766527848101265822784810,1.140096862140855551652524580,0.5569620253164556962025316456,0.5706818182045454545454545455,-0.6477777777647058823529411765,7.820000000,8,14,0.1772151898734177215189873418,2,0.02531645569620253164556962025,63,0.7974683544303797468354430380,0,0
18,18_EA_2_MonWed_Short,2018,77,2.758888890,0.03582972584415584415584415584,1.138583468282733356546987407,0.5454545454545454545454545455,0.5396825396666666666666666667,-0.5687936507428571428571428571,3.577777780,4,11,0.1428571428571428571428571429,0,0,66,0.8571428571428571428571428571,0,0
18,18_EA_2_MonWed_Short,2019,81,0.465555558,0.005747599481481481481481481481,1.029509120518646642776108878,0.5061728395061728395061728395,0.3961517615365853658536585366,-0.394416666625,4.356666665,5,7,0.08641975308641975308641975309,0,0,74,0.9135802469135802469135802469,0,0
18,18_EA_2_MonWed_Short,2020,88,15.744444442,0.1789141413863636363636363636,1.569969027692289875040610839,0.5454545454545454545454545455,0.9034953703333333333333333333,-0.69058333335,7.945555556,6,22,0.25,8,0.09090909090909090909090909091,58,0.6590909090909090909090909091,0,0
18,18_EA_2_MonWed_Short,2021,80,3.878888892,0.04848611115,1.233044058938132017595143712,0.5375,0.4772868217674418604651162791,-0.4498498498378378378378378378,2.991111110,6,7,0.0875,0,0,73,0.9125,0,0
18,18_EA_2_MonWed_Short,2022,79,-10.105555551,-0.1279184246962025316455696203,0.7108567796401062534844123750,0.4430379746835443037974683544,0.7098412699142857142857142857,-0.7943181817727272727272727273,16.327777775,7,29,0.3670886075949367088607594937,1,0.01265822784810126582278481013,49,0.6202531645569620253164556962,0,0
18,18_EA_2_MonWed_Short,2023,73,-3.360000000,-0.04602739726027397260273972603,0.8675078864353312302839116719,0.4794520547945205479452054795,0.6285714285714285714285714286,-0.6673684210526315789473684211,8.984444445,4,17,0.2328767123287671232876712329,3,0.04109589041095890410958904110,53,0.7260273972602739726027397260,0,0
18,18_EA_2_MonWed_Short,2024,81,-0.684444443,-0.008449931395061728395061728395,0.9613259669263758737641850631,0.4938271604938271604938271605,0.4253333333,-0.4316531164634146341463414634,5.782222221,6,8,0.09876543209876543209876543210,0,0,73,0.9012345679012345679012345679,0,0
18,18_EA_2_MonWed_Short,2025,86,9.532222224,0.1108397933023255813953488372,1.501872001974409828044478937,0.5465116279069767441860465116,0.6069267139787234042553191489,-0.487008547,5.406666667,6,11,0.1279069767441860465116279070,4,0.04651162790697674418604651163,71,0.8255813953488372093023255814,0,0
18,18_EA_2_MonWed_Short,2026,61,4.925555555,0.08074681237704918032786885246,1.408835193158556945620980228,0.5737704918032786885245901639,0.4849523809428571428571428571,-0.4633760683846153846153846154,2.508888890,4,6,0.09836065573770491803278688525,0,0,55,0.9016393442622950819672131148,0,0
19,19_EA_3_WedThu_Long,2015,64,10.702222228,0.1672222223125,1.609080561929761797626568067,0.515625,0.8567676768787878787878787879,-0.5668100357741935483870967742,3.646666666,5,10,0.15625,0,0,54,0.84375,0,0
19,19_EA_3_WedThu_Long,2016,62,2.243333334,0.03618279570967741935483870968,1.122959805148509141134332852,0.5322580645161290322580645161,0.6208417508787878787878787879,-0.6291187739655172413793103448,3.000000000,4,13,0.2096774193548387096774193548,0,0,49,0.7903225806451612903225806452,0,0
19,19_EA_3_WedThu_Long,2017,62,10.380000005,0.1674193549193548387096774194,2.325670499061473946120427572,0.6612903225806451612903225806,0.4441463415365853658536585366,-0.3728571427619047619047619048,2.091111111,5,2,0.03225806451612903225806451613,0,0,60,0.9677419354838709677419354839,0,0
19,19_EA_3_WedThu_Long,2018,59,2.043333333,0.03463276835593220338983050847,1.182531017347197261234628179,0.5254237288135593220338983051,0.4270250895806451612903225806,-0.3998015872857142857142857143,3.445555558,5,3,0.05084745762711864406779661017,0,0,56,0.9491525423728813559322033898,0,0
19,19_EA_3_WedThu_Long,2019,58,0.004444447,0.00007662839655172413793103448276,1.000413907522794881546560060,0.4827586206896551724137931034,0.3836507937142857142857142857,-0.3579259259,3.054444444,6,4,0.06896551724137931034482758621,0,0,54,0.9310344827586206896551724138,0,0
19,19_EA_3_WedThu_Long,2020,64,10.242222221,0.160034722203125,1.618491680012077294685990338,0.546875,0.7657777777428571428571428571,-0.5710344827586206896551724138,7.234444444,5,11,0.171875,0,0,53,0.828125,0,0
19,19_EA_3_WedThu_Long,2021,63,2.313333336,0.03671957676190476190476190476,1.228967337829190741168074404,0.5555555555555555555555555556,0.3547619047714285714285714286,-0.36083333325,3.634444445,7,1,0.01587301587301587301587301587,0,0,62,0.9841269841269841269841269841,0,0
19,19_EA_3_WedThu_Long,2022,60,6.720000000,0.112000000,1.543933807016599831172465144,0.55,0.578013468,-0.4575720164444444444444444444,2.188888889,3,5,0.08333333333333333333333333333,0,0,55,0.9166666666666666666666666667,0,0
19,19_EA_3_WedThu_Long,2023,60,10.706666673,0.17844444455,1.924937608657603441363087427,0.6666666666666666666666666667,0.557055555675,-0.609239766,2.177777777,2,6,0.1,0,0,54,0.9,0,0
19,19_EA_3_WedThu_Long,2024,55,2.815555554,0.05119191916363636363636363636,1.264979608726919011675729926,0.5818181818181818181818181818,0.42003472221875,-0.4619806763913043478260869565,2.026666668,3,4,0.07272727272727272727272727273,0,0,51,0.9272727272727272727272727273,0,0
19,19_EA_3_WedThu_Long,2025,52,5.818888891,0.1119017094423076923076923077,1.482361610169529615353991179,0.5576923076923076923076923077,0.6166283525862068965517241379,-0.5244927536521739130434782609,4.000000000,6,6,0.1153846153846153846153846154,0,0,46,0.8846153846153846153846153846,0,0
19,19_EA_3_WedThu_Long,2026,44,-0.854444446,-0.01941919195454545454545454545,0.8988956085684824435226899613,0.3863636363636363636363636364,0.4468627451176470588235294118,-0.3130041152962962962962962963,2.522222222,8,2,0.04545454545454545454545454545,0,0,42,0.9545454545454545454545454545,0,0
20,20_EA_1A_MonTue_Short,2015,65,3.642,0.05603076923076923076923076923,1.173379034561553841759497286,0.5538461538461538461538461538,0.6846666666666666666666666667,-0.7243448275862068965517241379,5.048,4,18,0.2769230769230769230769230769,1,0.01538461538461538461538461538,46,0.7076923076923076923076923077,0,0
20,20_EA_1A_MonTue_Short,2016,66,7.716,0.1169090909090909090909090909,1.376060044838678233745979140,0.5303030303030303030303030303,0.8066857142857142857142857143,-0.6618709677419354838709677419,2.898,4,15,0.2272727272727272727272727273,2,0.03030303030303030303030303030,49,0.7424242424242424242424242424,0,0
20,20_EA_1A_MonTue_Short,2017,64,6.350,0.09921875,1.476869930910183238209672574,0.546875,0.5618857142857142857142857143,-0.4755714285714285714285714286,6.718,8,7,0.109375,1,0.015625,56,0.875,0,0
20,20_EA_1A_MonTue_Short,2018,63,5.450,0.08650793650793650793650793651,1.485480135399964368430429360,0.5396825396825396825396825397,0.4904705882352941176470588235,-0.3871034482758620689655172414,2.196,3,3,0.04761904761904761904761904762,0,0,60,0.9523809523809523809523809524,0,0
20,20_EA_1A_MonTue_Short,2019,68,-2.064,-0.03035294117647058823529411765,0.8474951972809221220629525639,0.5441176470588235294117647059,0.310,-0.4365806451612903225806451613,4.774,5,5,0.07352941176470588235294117647,0,0,63,0.9264705882352941176470588235,0,0
20,20_EA_1A_MonTue_Short,2020,65,2.576,0.03963076923076923076923076923,1.119170984455958549222797927,0.4923076923076923076923076923,0.756,-0.6550303030303030303030303030,5.000,5,14,0.2153846153846153846153846154,2,0.03076923076923076923076923077,49,0.7538461538461538461538461538,0,0
20,20_EA_1A_MonTue_Short,2021,64,-0.026,-0.00040625,0.9980170835875533862111043319,0.5625,0.3635,-0.4682857142857142857142857143,4.238,3,5,0.078125,0,0,59,0.921875,0,0
20,20_EA_1A_MonTue_Short,2022,61,0.786,0.01288524590163934426229508197,1.039182452642073778664007976,0.4590163934426229508196721311,0.7445,-0.6078787878787878787878787879,4.622,8,13,0.2131147540983606557377049180,1,0.01639344262295081967213114754,47,0.7704918032786885245901639344,0,0
20,20_EA_1A_MonTue_Short,2023,59,2.718,0.04606779661016949152542372881,1.150248756218905472636815920,0.4745762711864406779661016949,0.7431428571428571428571428571,-0.5835483870967741935483870968,4.178,4,12,0.2033898305084745762711864407,0,0,47,0.7966101694915254237288135593,0,0
20,20_EA_1A_MonTue_Short,2024,68,-6.458,-0.09497058823529411764705882353,0.6388143176733780760626398210,0.4117647058823529411764705882,0.4079285714285714285714285714,-0.447,8.894,5,7,0.1029411764705882352941176471,0,0,61,0.8970588235294117647058823529,0,0
20,20_EA_1A_MonTue_Short,2025,73,4.816,0.06597260273972602739726027397,1.228897338403041825095057034,0.4520547945205479452054794521,0.7835151515151515151515151515,-0.526,5.664,8,13,0.1780821917808219178082191781,4,0.05479452054794520547945205479,56,0.7671232876712328767123287671,0,0
20,20_EA_1A_MonTue_Short,2026,54,-1.192,-0.02207407407407407407407407407,0.8928443006112909025530384754,0.5555555555555555555555555556,0.3310666666666666666666666667,-0.4635,4.662,5,6,0.1111111111111111111111111111,0,0,48,0.8888888888888888888888888889,0,0
21,21_GA_B_3,2015,50,4.956818188,0.09913636376,2.124110917941339356925018784,0.68,0.2754812835882352941176470588,-0.275596590875,0.910909091,2,0,0,15,0.3,35,0.7,0,0
21,21_GA_B_3,2016,51,3.840454549,0.07530303037254901960784313725,1.820211630568649780709655407,0.6078431372549019607843137255,0.2749266863548387096774193548,-0.2341136364,1.395454546,3,0,0,14,0.2745098039215686274509803922,37,0.7254901960784313725490196078,0,0
21,21_GA_B_3,2017,50,-0.959545451,-0.01919090902,0.7788602563149756106273714445,0.5,0.13518181824,-0.17356363628,1.903636363,8,0,0,2,0.04,48,0.96,0,0
21,21_GA_B_3,2018,49,1.138636368,0.02323747689795918367346938776,1.283242877752857153110874206,0.5714285714285714285714285714,0.1842370130714285714285714286,-0.1914285713333333333333333333,1.759999998,5,0,0,5,0.1020408163265306122448979592,44,0.8979591836734693877551020408,0,0
21,21_GA_B_3,2019,50,0.091818180,0.0018363636,1.018761028687650173344389235,0.38,0.262416268,-0.1578739003870967741935483871,1.804090912,7,0,0,3,0.06,47,0.94,0,0
21,21_GA_B_3,2020,50,-1.183181817,-0.02366363634,0.8232858114868179389643461648,0.52,0.2120104896153846153846153846,-0.2789772727916666666666666667,3.508636363,3,3,0.06,6,0.12,41,0.82,0,0
21,21_GA_B_3,2021,51,-2.508181818,-0.04918003564705882352941176471,0.4869363088739368733963913882,0.3725490196078431372549019608,0.1252870814210526315789473684,-0.15276988640625,2.923181817,6,0,0,2,0.03921568627450980392156862745,49,0.9607843137254901960784313725,0,0
21,21_GA_B_3,2022,49,1.665909093,0.03399814475510204081632653061,1.330626973844192851906348218,0.5306122448979591836734693878,0.2578671329230769230769230769,-0.2190711462173913043478260870,1.018636363,6,0,0,8,0.1632653061224489795918367347,41,0.8367346938775510204081632653,0,0
21,21_GA_B_3,2023,50,-0.239090907,-0.00478181814,0.9359941596976370541533753435,0.48,0.1456818182083333333333333333,-0.14941818176,1.740909089,5,0,0,0,0,50,1,0,0
21,21_GA_B_3,2024,51,1.741818184,0.03415329772549019607843137255,1.552161384072419835862666254,0.6078431372549019607843137255,0.1579472141290322580645161290,-0.1577272727,1.197727273,4,1,0.01960784313725490196078431373,3,0.05882352941176470588235294118,47,0.9215686274509803921568627451,0,0
21,21_GA_B_3,2025,51,-0.675454545,-0.01324420676470588235294117647,0.8765473125055779627412755577,0.4901960784313725490196078431,0.1918363636,-0.2104370628846153846153846154,2.746818182,5,1,0.01960784313725490196078431373,3,0.05882352941176470588235294118,47,0.9215686274509803921568627451,0,0
21,21_GA_B_3,2026,35,1.024545457,0.02927272734285714285714285714,1.567615212577753815918704403,0.6,0.1347402597142857142857142857,-0.1289285712142857142857142857,0.743636362,3,0,0,1,0.02857142857142857142857142857,34,0.9714285714285714285714285714,0,0
22,22_GA_C_2,2015,35,3.424285715,0.09783673471428571428571428571,1.227743467961523123879774745,0.5142857142857142857142857143,1.025555555666666666666666667,-0.8844537815882352941176470588,4.857142857,3,14,0.4,15,0.4285714285714285714285714286,6,0.1714285714285714285714285714,0,0
22,22_GA_C_2,2016,38,5.844285718,0.1537969925789473684210526316,1.409140914359618780165208896,0.5263157894736842105263157895,1.0064285716,-0.7935714285555555555555555556,4.150000000,5,13,0.3421052631578947368421052632,16,0.4210526315789473684210526316,9,0.2368421052631578947368421053,0,0
22,22_GA_C_2,2017,43,5.527142859,0.1285382060232558139534883721,1.420772158914175700730523639,0.5581395348837209302325581395,0.7776190477083333333333333333,-0.6913533834736842105263157895,4.920000000,5,9,0.2093023255813953488372093023,13,0.3023255813953488372093023256,21,0.4883720930232558139534883721,0,0
22,22_GA_C_2,2018,40,4.434285717,0.110857142925,1.362913597807221494110006851,0.55,0.7569480520454545454545454545,-0.6788095237777777777777777778,3.471428571,5,10,0.25,10,0.25,20,0.5,0,0
22,22_GA_C_2,2019,38,3.460000001,0.09105263160526315789473684211,1.284606345561511237903190496,0.6052631578947368421052631579,0.6790062112173913043478260870,-0.8104761904666666666666666667,3.141428571,3,11,0.2894736842105263157894736842,10,0.2631578947368421052631578947,17,0.4473684210526315789473684211,0,0
22,22_GA_C_2,2020,38,5.354285716,0.1409022556842105263157894737,1.387350144807902540876313533,0.5789473684210526315789473684,0.8716883117727272727272727273,-0.8639285714375,3.884285714,3,11,0.2894736842105263157894736842,12,0.3157894736842105263157894737,15,0.3947368421052631578947368421,0,0
22,22_GA_C_2,2021,42,11.332857146,0.2698299320476190476190476190,2.393220934923410404185294936,0.5952380952380952380952380952,0.77868571436,-0.4784873948823529411764705882,2.707142857,4,4,0.09523809523809523809523809524,14,0.3333333333333333333333333333,24,0.5714285714285714285714285714,0,0
22,22_GA_C_2,2022,39,-2.277142856,-0.05838827835897435897435897436,0.8627636677411729344146261478,0.4615384615384615384615384615,0.7953174603888888888888888889,-0.7901360544285714285714285714,6.845714285,7,15,0.3846153846153846153846153846,9,0.2307692307692307692307692308,15,0.3846153846153846153846153846,0,0
22,22_GA_C_2,2023,40,-0.034285713,-0.000857142825,0.9975804013408609738884968243,0.525,0.6731292517619047619047619048,-0.7457894736842105263157894737,5.592857143,3,12,0.3,7,0.175,21,0.525,0,0
22,22_GA_C_2,2024,40,-3.221428570,-0.08053571425,0.7479038570038190657128594328,0.4,0.597321428625,-0.5324404761666666666666666667,5.839999999,5,8,0.2,4,0.1,28,0.7,0,0
22,22_GA_C_2,2025,39,-1.547142857,-0.03967032966666666666666666667,0.8735256335528024566909634187,0.4102564102564102564102564103,0.667857142875,-0.5560389610454545454545454545,4.295714287,6,8,0.2051282051282051282051282051,5,0.1282051282051282051282051282,26,0.6666666666666666666666666667,0,0
22,22_GA_C_2,2026,29,-2.282857144,-0.07871921186206896551724137931,0.7646539027046748553912706335,0.4482758620689655172413793103,0.5705494505384615384615384615,-0.6062500000625,6.694285716,8,5,0.1724137931034482758620689655,4,0.1379310344827586206896551724,20,0.6896551724137931034482758621,0,0
23,23_GA_F_2,2015,35,2.820000000,0.08057142857142857142857142857,1.365864206371277118782124141,0.5142857142857142857142857143,0.5848765432777777777777777778,-0.4533986928823529411764705882,2.122222223,4,4,0.1142857142857142857142857143,1,0.02857142857142857142857142857,30,0.8571428571428571428571428571,0,0
23,23_GA_F_2,2016,36,5.905555555,0.1640432098611111111111111111,1.730986109122115443417382541,0.5833333333333333333333333333,0.6659259259047619047619047619,-0.5385925926,3.348888889,6,3,0.08333333333333333333333333333,1,0.02777777777777777777777777778,32,0.8888888888888888888888888889,0,0
23,23_GA_F_2,2017,33,4.513333334,0.1367676767878787878787878788,2.086386734959160940210459808,0.6363636363636363636363636364,0.4127513227142857142857142857,-0.3462037035833333333333333333,2.178888889,3,1,0.03030303030303030303030303030,0,0,32,0.9696969696969696969696969697,0,0
23,23_GA_F_2,2018,37,6.170000000,0.1667567567567567567567567568,2.926786953036519477055668413,0.5675675675675675675675675676,0.4462962963333333333333333333,-0.2001388889375,1.847777779,8,0,0,0,0,37,1,0,0
23,23_GA_F_2,2019,37,2.838888890,0.07672672675675675675675675676,1.575061895302156522937058979,0.5945945945945945945945945946,0.3534343435,-0.3526190476428571428571428571,2.072222222,3,2,0.05405405405405405405405405405,0,0,35,0.9459459459459459459459459459,0,0
23,23_GA_F_2,2020,37,-0.576666665,-0.01558558554054054054054054054,0.9302794198758431574555783818,0.5135135135135135135135135135,0.4049707603684210526315789474,-0.4595061728888888888888888889,4.401111111,4,4,0.1081081081081081081081081081,1,0.02702702702702702702702702703,32,0.8648648648648648648648648649,0,0
23,23_GA_F_2,2021,37,-2.950000001,-0.07972972975675675675675675676,0.5272435896590955785802731445,0.3783783783783783783783783784,0.235000000,-0.2713043478695652173913043478,3.080000001,6,1,0.02702702702702702702702702703,0,0,36,0.9729729729729729729729729730,0,0
23,23_GA_F_2,2022,38,0.888888886,0.02339181278947368421052631579,1.195646856714729693061361081,0.4473684210526315789473684211,0.3195424835882352941176470588,-0.2163492064285714285714285714,1.434444445,5,0,0,0,0,38,1,0,0
23,23_GA_F_2,2023,39,-4.503333333,-0.1154700854615384615384615385,0.3867453473548120429092317710,0.3846153846153846153846153846,0.1893333334,-0.30597222225,4.690000000,7,0,0,0,0,39,1,0,0
23,23_GA_F_2,2024,39,0.506666665,0.01299145294871794871794871795,1.130884040871209175460112704,0.4615384615384615384615384615,0.2432098765,-0.1843386243809523809523809524,1.346666668,3,0,0,0,0,39,1,0,0
23,23_GA_F_2,2025,39,3.638888886,0.09330484323076923076923076923,2.142309032408440271318112189,0.5897435897435897435897435897,0.2967149757826086956521739130,-0.1990972223125,0.711111111,3,0,0,0,0,39,1,0,0
23,23_GA_F_2,2026,27,0.362222225,0.01341563796296296296296296296,1.144439522698760849055390943,0.4074074074074074074074074074,0.260909091,-0.156736111,0.758888888,4,0,0,0,0,27,1,0,0
24,24_GA_D_1,2015,35,-1.781111113,-0.05088888894285714285714285714,0.7998751558651825667567210599,0.4857142857142857142857142857,0.4187581698823529411764705882,-0.4944444445,3.195555557,7,4,0.1142857142857142857142857143,0,0,31,0.8857142857142857142857142857,0,0
24,24_GA_D_1,2016,36,9.451111111,0.2625308641944444444444444444,2.741605241798723002677975799,0.7222222222222222222222222222,0.5722222221923076923076923077,-0.5426666666,1.981111111,2,3,0.08333333333333333333333333333,0,0,33,0.9166666666666666666666666667,0,0
24,24_GA_D_1,2017,33,3.208888888,0.09723905721212121212121212121,1.746060449308862321087803212,0.5757575757575757575757575758,0.3952631578421052631578947368,-0.3072222222142857142857142857,1.667777778,4,2,0.06060606060606060606060606061,0,0,31,0.9393939393939393939393939394,0,0
24,24_GA_D_1,2018,37,-1.877777777,-0.05075075072972972972972972973,0.7697547684438224353980042792,0.4324324324324324324324324324,0.3923611110625,-0.3883597882857142857142857143,3.123333333,4,3,0.08108108108108108108108108108,0,0,34,0.9189189189189189189189189189,0,0
24,24_GA_D_1,2019,37,2.648888887,0.07159159154054054054054054054,1.425486346197906077091330020,0.5675675675675675675675675676,0.4225925925714285714285714286,-0.3890972223125,2.594444447,4,1,0.02702702702702702702702702703,0,0,36,0.9729729729729729729729729730,0,0
24,24_GA_D_1,2020,37,2.111111110,0.05705705702702702702702702703,1.227136879723422780650124161,0.5135135135135135135135135135,0.6002923976315789473684210526,-0.5163580247222222222222222222,3.985555556,3,5,0.1351351351351351351351351351,2,0.05405405405405405405405405405,30,0.8108108108108108108108108108,0,0
24,24_GA_D_1,2021,37,2.072222225,0.05600600608108108108108108108,1.437280188241459355355959551,0.6216216216216216216216216216,0.2961352657826086956521739130,-0.3384920634285714285714285714,1.782222221,2,1,0.02702702702702702702702702703,0,0,36,0.9729729729729729729729729730,0,0
24,24_GA_D_1,2022,38,6.843333332,0.1800877192631578947368421053,1.922834881395095302283782122,0.5263157894736842105263157895,0.7129444444,-0.4119753086666666666666666667,2.204444445,4,3,0.07894736842105263157894736842,3,0.07894736842105263157894736842,32,0.8421052631578947368421052632,0,0
24,24_GA_D_1,2023,39,2.289999999,0.05871794869230769230769230769,1.498669247217742929336457767,0.5897435897435897435897435897,0.2992270531304347826086956522,-0.2870138889375,2.066666667,4,1,0.02564102564102564102564102564,0,0,38,0.9743589743589743589743589744,0,0
24,24_GA_D_1,2024,39,0.124444445,0.003190883205128205128205128205,1.023814586538480579499172394,0.6153846153846153846153846154,0.2229166667083333333333333333,-0.3483703704,2.428888889,4,1,0.02564102564102564102564102564,0,0,38,0.9743589743589743589743589744,0,0
24,24_GA_D_1,2025,39,-1.342222223,-0.03441595443589743589743589744,0.8440284053224033831712332720,0.5384615384615384615384615385,0.3458730158095238095238095238,-0.4780864197222222222222222222,2.686666666,3,3,0.07692307692307692307692307692,1,0.02564102564102564102564102564,35,0.8974358974358974358974358974,0,0
24,24_GA_D_1,2026,27,0.788888888,0.02921810696296296296296296296,1.205916473091818923233521430,0.4814814814814814814814814815,0.3553846153076923076923076923,-0.2736507936428571428571428571,1.673333333,4,1,0.03703703703703703703703703704,0,0,26,0.9629629629629629629629629630,0,0
25,25_AU_China_Demand,2015,88,-2.8075,-0.03190340909090909090909090909,0.8750139120756816917084028937,0.4545454545454545454545454545,0.491375,-0.4779255319148936170212765957,8.0800,6,12,0.1363636363636363636363636364,10,0.1136363636363636363636363636,66,0.75,0,0
25,25_AU_China_Demand,2016,88,12.0225,0.1366193181818181818181818182,1.725886792452830188679245283,0.5795454545454545454545454545,0.5604901960784313725490196078,-0.4732142857142857142857142857,3.1250,4,6,0.06818181818181818181818181818,15,0.1704545454545454545454545455,67,0.7613636363636363636363636364,0,0
25,25_AU_China_Demand,2017,87,11.6375,0.1337643678160919540229885057,2.245318352059925093632958801,0.6206896551724137931034482759,0.3885648148148148148148148148,-0.2831818181818181818181818182,1.9625,5,3,0.03448275862068965517241379310,6,0.06896551724137931034482758621,78,0.8965517241379310344827586207,0,0
25,25_AU_China_Demand,2018,89,3.4700,0.03898876404494382022471910112,1.244840359851825718821661669,0.4831460674157303370786516854,0.4102906976744186046511627907,-0.3080978260869565217391304348,3.9400,4,0,0,6,0.06741573033707865168539325843,83,0.9325842696629213483146067416,0,0
25,25_AU_China_Demand,2019,89,3.0925,0.03474719101123595505617977528,1.334414706677480400108137334,0.5280898876404494382022471910,0.2625531914893617021276595745,-0.2311875,3.0800,7,0,0,1,0.01123595505617977528089887640,88,0.9887640449438202247191011236,0,0
25,25_AU_China_Demand,2020,87,5.9600,0.06850574712643678160919540230,1.341890147712605765093933744,0.5632183908045977011494252874,0.4773979591836734693877551020,-0.45875,3.7000,5,8,0.09195402298850574712643678161,9,0.1034482758620689655172413793,70,0.8045977011494252873563218391,0,0
25,25_AU_China_Demand,2021,86,-0.4325,-0.005029069767441860465116279070,0.9706231957887587026659874342,0.5465116279069767441860465116,0.3040425531914893617021276596,-0.3775,2.8550,4,4,0.04651162790697674418604651163,2,0.02325581395348837209302325581,80,0.9302325581395348837209302326,0,0
25,25_AU_China_Demand,2022,87,5.7325,0.06589080459770114942528735632,1.311972789115646258503401361,0.6091954022988505747126436782,0.4548584905660377358490566038,-0.5404411764705882352941176471,2.7925,5,8,0.09195402298850574712643678161,9,0.1034482758620689655172413793,70,0.8045977011494252873563218391,0,0
25,25_AU_China_Demand,2023,87,4.2900,0.04931034482758620689655172414,1.255623417250111723521525398,0.5402298850574712643678160920,0.4483510638297872340425531915,-0.4303205128205128205128205128,4.0025,5,3,0.03448275862068965517241379310,7,0.08045977011494252873563218391,77,0.8850574712643678160919540230,0,0
25,25_AU_China_Demand,2024,88,2.0500,0.02329545454545454545454545455,1.184062850729517396184062851,0.5454545454545454545454545455,0.2747395833333333333333333333,-0.2784375,1.7550,4,1,0.01136363636363636363636363636,2,0.02272727272727272727272727273,85,0.9659090909090909090909090909,0,0
25,25_AU_China_Demand,2025,85,5.0500,0.05941176470588235294117647059,1.460451333485297469797127878,0.4941176470588235294117647059,0.3813690476190476190476190476,-0.2550581395348837209302325581,2.2350,4,0,0,5,0.05882352941176470588235294118,80,0.9411764705882352941176470588,0,0
25,25_AU_China_Demand,2026,61,-0.3925,-0.006434426229508196721311475410,0.9636994219653179190751445087,0.4754098360655737704918032787,0.3593103448275862068965517241,-0.337890625,3.9250,5,3,0.04918032786885245901639344262,4,0.06557377049180327868852459016,54,0.8852459016393442622950819672,0,0
26,26_AJ_China_Demand,2015,43,3.735555556,0.08687338502325581395348837209,1.303046691957979810273552180,0.5116279069767441860465116279,0.7301010100909090909090909091,-0.5869841269523809523809523810,3.833333333,4,7,0.1627906976744186046511627907,3,0.06976744186046511627906976744,33,0.7674418604651162790697674419,0,0
26,26_AJ_China_Demand,2016,44,8.815555556,0.2003535353636363636363636364,1.706752182374832685412235077,0.5227272727272727272727272727,0.9256038648260869565217391304,-0.5939682540476190476190476190,4.000000000,5,10,0.2272727272727272727272727273,5,0.1136363636363636363636363636,29,0.6590909090909090909090909091,0,0
26,26_AJ_China_Demand,2017,45,5.906666671,0.1312592593555555555555555556,2.004155648848615642941722177,0.6444444444444444444444444444,0.4065134100689655172413793103,-0.3676388888125,1.366666666,2,2,0.04444444444444444444444444444,1,0.02222222222222222222222222222,42,0.9333333333333333333333333333,0,0
26,26_AJ_China_Demand,2018,43,5.877777780,0.1366925065116279069767441860,1.881372876158796784559653020,0.5348837209302325581395348837,0.5455072464347826086956521739,-0.3334444444,1.368888889,2,0,0,1,0.02325581395348837209302325581,42,0.9767441860465116279069767442,0,0
26,26_AJ_China_Demand,2019,44,0.702222224,0.015959596,1.115750916094835567514213436,0.5681818181818181818181818182,0.27075555552,-0.3370370368888888888888888889,3.193333332,5,1,0.02272727272727272727272727273,0,0,43,0.9772727272727272727272727273,0,0
26,26_AJ_China_Demand,2020,44,3.260000002,0.07409090913636363636363636364,1.278950370979974350883056152,0.6136363636363636363636363636,0.5535802469629629629629629630,-0.6874509803529411764705882353,4.075555555,4,8,0.1818181818181818181818181818,2,0.04545454545454545454545454545,34,0.7727272727272727272727272727,0,0
26,26_AJ_China_Demand,2021,45,0.199999997,0.004444444377777777777777777778,1.029732407877614845992189552,0.4888888888888888888888888889,0.3148484847272727272727272727,-0.2924637681304347826086956522,2.875555556,5,2,0.04444444444444444444444444444,0,0,43,0.9555555555555555555555555556,0,0
26,26_AJ_China_Demand,2022,45,8.217777780,0.182617284,1.905928466793964780352029003,0.5777777777777777777777777778,0.664957265,-0.4774269005263157894736842105,2.000000000,2,4,0.08888888888888888888888888889,2,0.04444444444444444444444444444,39,0.8666666666666666666666666667,0,0
26,26_AJ_China_Demand,2023,44,8.224444441,0.1869191918409090909090909091,2.054415953839177441815490072,0.6590909090909090909090909091,0.5525670497241379310344827586,-0.5200000000666666666666666667,2.546666667,3,2,0.04545454545454545454545454545,1,0.02272727272727272727272727273,41,0.9318181818181818181818181818,0,0
26,26_AJ_China_Demand,2024,43,5.633333330,0.1310077518604651162790697674,2.045360824102157508781398814,0.6976744186046511627906976744,0.3674074073,-0.4145299145384615384615384615,2.511111111,2,2,0.04651162790697674418604651163,0,0,41,0.9534883720930232558139534884,0,0
26,26_AJ_China_Demand,2025,44,5.319999998,0.1209090908636363636363636364,1.531999999693600000061280000,0.5454545454545454545454545455,0.6383333333333333333333333333,-0.5000000001,2.102222222,4,5,0.1136363636363636363636363636,1,0.02272727272727272727272727273,38,0.8636363636363636363636363636,0,0
26,26_AJ_China_Demand,2026,30,3.280000001,0.1093333333666666666666666667,1.579960707400396015135528800,0.6666666666666666666666666667,0.44677777785,-0.5655555556,3.313333333,4,4,0.1333333333333333333333333333,1,0.03333333333333333333333333333,25,0.8333333333333333333333333333,0,0
27,27_EA_China_Demand,2015,50,0.903333332,0.01806666664,1.059685056619776342476394031,0.54,0.5940123456666666666666666667,-0.6580434783043478260869565217,4.330000000,3,12,0.24,10,0.2,28,0.56,0,0
27,27_EA_China_Demand,2016,50,4.393333332,0.08786666664,1.286241719957161832122612148,0.54,0.7311728394814814814814814815,-0.6673188406086956521739130435,4.440000000,5,10,0.2,15,0.3,25,0.5,0,0
27,27_EA_China_Demand,2017,50,9.951666665,0.1990333333,3.760517798124682996359311235,0.78,0.3476068375897435897435897436,-0.3277272728181818181818181818,1.000000000,3,1,0.02,3,0.06,46,0.92,0,0
27,27_EA_China_Demand,2018,50,3.036666665,0.0607333333,1.408795153484801218464653409,0.58,0.3608620688965517241379310345,-0.3537301587142857142857142857,1.585000000,4,1,0.02,3,0.06,46,0.92,0,0
27,27_EA_China_Demand,2019,50,1.054999998,0.02109999996,1.127185050963909571798936812,0.52,0.3596153846153846153846153846,-0.3456250000833333333333333333,5.516666667,10,2,0.04,2,0.04,46,0.92,0,0
27,27_EA_China_Demand,2020,50,12.581666666,0.25163333332,2.354809762980803669670466487,0.66,0.6626767676666666666666666667,-0.5462745098235294117647058824,2.436666667,3,7,0.14,16,0.32,27,0.54,0,0
27,27_EA_China_Demand,2021,50,1.141666667,0.02283333334,1.141324530684601796190823264,0.58,0.3179310344827586206896551724,-0.3846825396666666666666666667,1.975000001,3,3,0.06,2,0.04,45,0.9,0,0
27,27_EA_China_Demand,2022,50,-2.151666667,-0.04303333334,0.8443265404241807085698386933,0.48,0.4862499999583333333333333333,-0.5316025640769230769230769231,4.456666667,4,7,0.14,5,0.1,38,0.76,0,0
27,27_EA_China_Demand,2023,50,9.130000002,0.18260000004,2.190610737264179219693836856,0.54,0.6221604938518518518518518519,-0.3334057970434782608695652174,1.738333333,5,2,0.04,8,0.16,40,0.8,0,0
27,27_EA_China_Demand,2024,49,4.606666667,0.09401360544897959183673469388,2.189328743426965792869713289,0.6530612244897959183673469388,0.26500000003125,-0.2278431372941176470588235294,1.001666666,2,0,0,1,0.02040816326530612244897959184,48,0.9795918367346938775510204082,0,0
27,27_EA_China_Demand,2025,49,11.130000001,0.2271428571632653061224489796,2.868494684204644060907067047,0.6122448979591836734693877551,0.5695555555666666666666666667,-0.3309259258888888888888888889,1.728333333,5,2,0.04081632653061224489795918367,9,0.1836734693877551020408163265,38,0.7755102040816326530612244898,0,0
27,27_EA_China_Demand,2026,35,-1.223333330,-0.03495238085714285714285714286,0.8551411095151144001794096389,0.4285714285714285714285714286,0.4814444446,-0.42224999995,3.241666664,4,3,0.08571428571428571428571428571,3,0.08571428571428571428571428571,29,0.8285714285714285714285714286,0,0
28,28_GA_China_Demand,2015,50,5.179999993,0.10359999986,1.335521201715702539042324412,0.48,0.8591111108333333333333333333,-0.5937948718076923076923076923,2.744000000,4,8,0.16,20,0.4,22,0.44,0,0
28,28_GA_China_Demand,2016,50,3.201333330,0.0640266666,1.243016194085096563615513577,0.52,0.6297948716538461538461538462,-0.548888888875,3.754666666,6,9,0.18,12,0.24,29,0.58,0,0
28,28_GA_China_Demand,2017,49,5.748000000,0.1173061224489795918367346939,1.861682990421168046777225676,0.6530612244897959183673469388,0.38808333328125,-0.3923921567647058823529411765,3.285333334,4,3,0.06122448979591836734693877551,7,0.1428571428571428571428571429,39,0.7959183673469387755102040816,0,0
28,28_GA_China_Demand,2018,50,3.980000003,0.07960000006,1.489986868493513392254906720,0.6,0.4034222222666666666666666667,-0.40613333325,1.485333333,3,2,0.04,4,0.08,44,0.88,0,0
28,28_GA_China_Demand,2019,48,2.573333331,0.0536111110625,1.371296652204150795873213217,0.5208333333333333333333333333,0.38015999992,-0.3013333333478260869565217391,2.145333333,6,3,0.0625,3,0.0625,42,0.875,0,0
28,28_GA_China_Demand,2020,50,2.898666667,0.05797333334,1.234823936139377171777230356,0.48,0.635111111,-0.4747692306538461538461538462,5.412000000,4,8,0.16,9,0.18,33,0.66,0,0
28,28_GA_China_Demand,2021,50,-1.361333336,-0.02722666672,0.8433328215917345951843686987,0.46,0.3186086956521739130434782609,-0.3218271605925925925925925926,3.173333335,5,2,0.04,0,0,48,0.96,0,0
28,28_GA_China_Demand,2022,50,1.461333332,0.02922666664,1.141273523975251353441608662,0.52,0.454051282,-0.431000000,2.781333333,4,6,0.12,6,0.12,38,0.76,0,0
28,28_GA_China_Demand,2023,50,4.529333331,0.09058666662,1.523743447155411655874190564,0.6,0.4392444443666666666666666667,-0.4551578947368421052631578947,3.020000000,3,3,0.06,7,0.14,40,0.8,0,0
28,28_GA_China_Demand,2024,49,3.042666666,0.06209523808163265306122448980,1.570072445576447192454187309,0.6122448979591836734693877551,0.2793333333,-0.2809122806842105263157894737,1.833333334,2,0,0,1,0.02040816326530612244897959184,48,0.9795918367346938775510204082,0,0
28,28_GA_China_Demand,2025,49,13.751999996,0.2806530611428571428571428571,3.764406324948325693506878276,0.7142857142857142857142857143,0.5350476189142857142857142857,-0.3553333332857142857142857143,1.748000000,5,3,0.06122448979591836734693877551,9,0.1836734693877551020408163265,37,0.7551020408163265306122448980,0,0
28,28_GA_China_Demand,2026,35,-0.440000000,-0.01257142857142857142857142857,0.9377945334560694879102766017,0.4285714285714285714285714286,0.4422222222,-0.35366666665,3.195999999,5,2,0.05714285714285714285714285714,3,0.08571428571428571428571428571,30,0.8571428571428571428571428571,0,0
