StrategyNo,Strategy,Period,Start,EndExclusive,Trades,TotalR,AvgR,PF,WinRate,AvgWinR,AvgLossR,MaxDDR,MaxLosingStreak,SLCount,SLRate,TPCount,TPRate,TimeCount,TimeRate,OtherCount,OtherRate
1,1_EJ_Log1,Historical,2015-01-01,2022-01-01,510,57.107142854,0.1119747899098039215686274510,1.470593082624532259240442980,0.5686274509803921568627450980,0.6153743842379310344827586207,-0.5515974026136363636363636364,9.908571429,6,73,0.1431372549019607843137254902,2,0.003921568627450980392156862745,435,0.8529411764705882352941176471,0,0
1,1_EJ_Log1,RecentA,2022-01-01,2024-01-01,147,43.724285712,0.2974441204897959183673469388,2.060019394493245377480137247,0.6054421768707482993197278912,0.9547512038539325842696629213,-0.7111822660517241379310344828,3.557142857,5,32,0.2176870748299319727891156463,1,0.006802721088435374149659863946,114,0.7755102040816326530612244898,0,0
1,1_EJ_Log1,RecentB,2024-01-01,2026-01-01,147,27.740000001,0.188707483,1.695113656713188895864402601,0.5646258503401360544217687075,0.8150258175783132530120481928,-0.62354910715625,6.654285714,7,32,0.2176870748299319727891156463,1,0.006802721088435374149659863946,114,0.7755102040816326530612244898,0,0
1,1_EJ_Log1,RecentCombined,2022-01-01,2026-01-01,294,71.464285713,0.2430758017448979591836734694,1.880582302048525070064398112,0.5850340136054421768707482993,0.8873255814069767441860465116,-0.6652107728606557377049180328,6.654285714,7,64,0.2176870748299319727891156463,2,0.006802721088435374149659863946,228,0.7755102040816326530612244898,0,0
1,1_EJ_Log1,Monitor2026,2026-01-01,2026-09-10,48,1.291428568,0.02690476183333333333333333333,1.094107849003197347574166367,0.625,0.5004761904,-0.7623809524444444444444444444,4.460000001,4,12,0.25,0,0,36,0.75,0,0
2,2_EJ_NightBlitz_20,Historical,2015-01-01,2022-01-01,622,58.262222244,0.09366916759485530546623794212,1.345141713851247152287602244,0.5546623794212218649517684887,0.6581706925043478260869565217,-0.6138424242545454545454545455,7.624444446,9,115,0.1848874598070739549839228296,61,0.09807073954983922829581993569,446,0.7170418006430868167202572347,0,0
2,2_EJ_NightBlitz_20,RecentA,2022-01-01,2024-01-01,177,29.444444459,0.1663527935536723163841807910,1.496701154841430499325236167,0.5649717514124293785310734463,0.88724444459,-0.7698701298701298701298701299,7.115555552,6,53,0.2994350282485875706214689266,32,0.1807909604519774011299435028,92,0.5197740112994350282485875706,0,0
2,2_EJ_NightBlitz_20,RecentB,2024-01-01,2026-01-01,172,22.364444454,0.1300258398488372093023255814,1.413798774910996631766097096,0.5755813953488372093023255814,0.7718294052424242424242424242,-0.7403652967808219178082191781,7.251111111,8,45,0.2616279069767441860465116279,19,0.1104651162790697674418604651,108,0.6279069767441860465116279070,0,0
2,2_EJ_NightBlitz_20,RecentCombined,2022-01-01,2026-01-01,349,51.808888913,0.1484495384326647564469914040,1.457164147130083595316343367,0.5702005730659025787965616046,0.8298269124522613065326633166,-0.7555111111,7.251111111,8,98,0.2808022922636103151862464183,51,0.1461318051575931232091690544,200,0.5730659025787965616045845272,0,0
2,2_EJ_NightBlitz_20,Monitor2026,2026-01-01,2026-09-10,58,2.880000002,0.04965517244827586206896551724,1.198104555330072851477457276,0.5689655172413793103448275862,0.5278114478484848484848484848,-0.58151111108,2.699999999,4,10,0.1724137931034482758620689655,2,0.03448275862068965517241379310,46,0.7931034482758620689655172414,0,0
3,3_EJ_NightBlitz_21,Historical,2015-01-01,2022-01-01,621,28.335999988,0.04562962961030595813204508857,1.289131055758726808206985976,0.5458937198067632850241545894,0.3726843657404129793510324484,-0.3512688171971326164874551971,5.096000000,11,29,0.04669887278582930756843800322,52,0.08373590982286634460547504026,540,0.8695652173913043478260869565,0,0
3,3_EJ_NightBlitz_21,RecentA,2022-01-01,2024-01-01,177,19.309333325,0.1090922786723163841807909605,1.637524211734020073956682515,0.5932203389830508474576271186,0.4723555554761904761904761905,-0.4206666666666666666666666667,3.536000000,7,13,0.07344632768361581920903954802,24,0.1355932203389830508474576271,140,0.7909604519774011299435028249,0,0
3,3_EJ_NightBlitz_21,RecentB,2024-01-01,2026-01-01,173,17.998666663,0.1040385356242774566473988439,1.625388000799166087560806115,0.6184971098265895953757225434,0.4371838005887850467289719626,-0.449687500,4.867999999,7,13,0.07514450867052023121387283237,22,0.1271676300578034682080924855,138,0.7976878612716763005780346821,0,0
3,3_EJ_NightBlitz_21,RecentCombined,2022-01-01,2026-01-01,350,37.307999988,0.10659428568,1.631611024378682196790140177,0.6057142857142857142857142857,0.4546037735283018867924528302,-0.4343235294117647058823529412,4.867999999,7,26,0.07428571428571428571428571429,46,0.1314285714285714285714285714,278,0.7942857142857142857142857143,0,0
3,3_EJ_NightBlitz_21,Monitor2026,2026-01-01,2026-09-10,58,3.417333333,0.05891954022413793103448275862,1.492979418999858710473188299,0.5689655172413793103448275862,0.3136161616363636363636363636,-0.27728000004,1.646666668,4,3,0.05172413793103448275862068966,0,0,55,0.9482758620689655172413793103,0,0
4,4_GJ_Port_Log1,Historical,2015-01-01,2022-01-01,572,17.488461529,0.03057423344230769230769230769,1.291175717053346498075922030,0.5629370629370629370629370629,0.2408385092888198757763975155,-0.2412109978393574297188755020,2.578461540,6,13,0.02272727272727272727272727273,37,0.06468531468531468531468531469,522,0.9125874125874125874125874126,0,0
4,4_GJ_Port_Log1,RecentA,2022-01-01,2024-01-01,161,10.140769225,0.06298614425465838509316770186,1.698363086898480641042667319,0.6086956521739130434782608696,0.2516483516020408163265306122,-0.2342059553548387096774193548,2.483846154,4,3,0.01863354037267080745341614907,11,0.06832298136645962732919254658,147,0.9130434782608695652173913043,0,0
4,4_GJ_Port_Log1,RecentB,2024-01-01,2026-01-01,161,8.215384606,0.05102723357763975155279503106,1.527615847490273334591616276,0.5465838509316770186335403727,0.2702972027386363636363636364,-0.2132982086986301369863013699,2.152307692,6,4,0.02484472049689440993788819876,15,0.09316770186335403726708074534,142,0.8819875776397515527950310559,0,0
4,4_GJ_Port_Log1,RecentCombined,2022-01-01,2026-01-01,322,18.356153831,0.05700668891614906832298136646,1.610010480226205311751168033,0.5776397515527950310559006211,0.2604714639677419354838709677,-0.2229002849407407407407407407,2.483846154,6,7,0.02173913043478260869565217391,26,0.08074534161490683229813664596,289,0.8975155279503105590062111801,0,0
4,4_GJ_Port_Log1,Monitor2026,2026-01-01,2026-09-10,62,3.377692307,0.05447890817741935483870967742,1.778822277229889636799753642,0.5161290322580645161290322581,0.24108173075,-0.1445641025666666666666666667,0.655384616,7,0,0,3,0.04838709677419354838709677419,59,0.9516129032258064516129032258,0,0
5,5_GJ_Port_Log2,Historical,2015-01-01,2022-01-01,743,71.441111111,0.09615223568102288021534320323,1.326173747622718181982680546,0.5289367429340511440107671602,0.7391065875012722646310432570,-0.6275867558080229226361031519,9.450000000,7,148,0.1991924629878869448183041723,0,0,595,0.8008075370121130551816958277,0,0
5,5_GJ_Port_Log2,RecentA,2022-01-01,2024-01-01,211,24.413333332,0.1157030015734597156398104265,1.361613534979218951416136071,0.4691943127962085308056872038,0.9285409651919191919191919192,-0.6027876984107142857142857143,7.455555557,6,48,0.2274881516587677725118483412,0,0,163,0.7725118483412322274881516588,0,0
5,5_GJ_Port_Log2,RecentB,2024-01-01,2026-01-01,219,11.641111114,0.05315575851141552511415525114,1.164740475214312355291690651,0.4703196347031963470319634703,0.7990722762135922330097087379,-0.6091666666896551724137931034,8.442222219,5,47,0.2146118721461187214611872146,0,0,172,0.7853881278538812785388127854,0,0
5,5_GJ_Port_Log2,RecentCombined,2022-01-01,2026-01-01,430,36.054444446,0.08384754522325581395348837209,1.260932147516251059646056126,0.4697674418604651162790697674,0.8625247524950495049504950495,-0.6060331384122807017543859649,8.442222219,6,95,0.2209302325581395348837209302,0,0,335,0.7790697674418604651162790698,0,0
5,5_GJ_Port_Log2,Monitor2026,2026-01-01,2026-09-10,79,-2.641111109,-0.03343178618987341772151898734,0.8942521577432134985692899234,0.4050632911392405063291139241,0.69795138890625,-0.5313947990212765957446808511,7.303333330,6,13,0.1645569620253164556962025316,0,0,66,0.8354430379746835443037974684,0,0
6,6_GJ_Old_Mon,Historical,2015-01-01,2022-01-01,295,21.578,0.07314576271186440677966101695,1.188932667892478767183258909,0.4881355932203389830508474576,0.9429722222222222222222222222,-0.7563576158940397350993377483,13.148,8,96,0.3254237288135593220338983051,3,0.01016949152542372881355932203,196,0.6644067796610169491525423729,0,0
6,6_GJ_Old_Mon,RecentA,2022-01-01,2024-01-01,84,22.762,0.2709761904761904761904761905,1.685189644792293798916315473,0.5357142857142857142857142857,1.244044444444444444444444444,-0.8517948717948717948717948718,5.548,7,31,0.3690476190476190476190476190,2,0.02380952380952380952380952381,51,0.6071428571428571428571428571,0,0
6,6_GJ_Old_Mon,RecentB,2024-01-01,2026-01-01,84,32.956,0.3923333333333333333333333333,2.276078370634244559745992411,0.6190476190476190476190476190,1.130423076923076923076923077,-0.8070625,3.900,3,23,0.2738095238095238095238095238,1,0.01190476190476190476190476190,60,0.7142857142857142857142857143,0,0
6,6_GJ_Old_Mon,RecentCombined,2022-01-01,2026-01-01,168,55.718,0.3316547619047619047619047619,1.943637164244826067811536768,0.5773809523809523809523809524,1.183134020618556701030927835,-0.8316338028169014084507042254,5.548,7,54,0.3214285714285714285714285714,3,0.01785714285714285714285714286,111,0.6607142857142857142857142857,0,0
6,6_GJ_Old_Mon,Monitor2026,2026-01-01,2026-09-10,28,5.684,0.203,1.593071786310517529215358932,0.5714285714285714285714285714,0.95425,-0.7986666666666666666666666667,3.336,4,8,0.2857142857142857142857142857,0,0,20,0.7142857142857142857142857143,0,0
7,7_GJ_Mon_Blitz,Historical,2015-01-01,2022-01-01,352,5.915384605,0.01680506990056818181818181818,1.137086423013933256802394834,0.5284090909090909090909090909,0.2637965260322580645161290323,-0.2599443929939759036144578313,5.838461538,5,7,0.01988636363636363636363636364,0,0,345,0.9801136363636363636363636364,0,0
7,7_GJ_Mon_Blitz,RecentA,2022-01-01,2024-01-01,100,5.730769232,0.05730769232,1.417741392948897882458749508,0.57,0.3412145749122807017543859649,-0.3190339892558139534883720930,2.726923078,5,4,0.04,1,0.01,95,0.95,0,0
7,7_GJ_Mon_Blitz,RecentB,2024-01-01,2026-01-01,101,10.959230768,0.1085072353267326732673267327,2.092142582983086086067645315,0.5940594059405940594059405941,0.3498974359166666666666666667,-0.2447467167560975609756097561,1.700000000,6,0,0,1,0.009900990099009900990099009901,100,0.9900990099009900990099009901,0,0
7,7_GJ_Mon_Blitz,RecentCombined,2022-01-01,2026-01-01,201,16.690000000,0.08303482587064676616915422886,1.702645811012124274505964873,0.5820895522388059701492537313,0.3456673241452991452991452991,-0.2827747252976190476190476190,2.726923078,6,4,0.01990049751243781094527363184,2,0.009950248756218905472636815920,195,0.9701492537313432835820895522,0,0
7,7_GJ_Mon_Blitz,Monitor2026,2026-01-01,2026-09-10,36,2.229230770,0.06192307694444444444444444444,1.767885532876732526043368641,0.6666666666666666666666666667,0.213846153875,-0.2419230769166666666666666667,0.877692307,4,0,0,0,0,36,1,0,0
8,8_AJ_Core1,Historical,2015-01-01,2022-01-01,354,20.651428568,0.05833736883615819209039548023,1.305288055362792329551601654,0.5395480225988700564971751412,0.4622887060418848167539267016,-0.4150043821226993865030674847,4.820000000,6,28,0.07909604519774011299435028249,10,0.02824858757062146892655367232,316,0.8926553672316384180790960452,0,0
8,8_AJ_Core1,RecentA,2022-01-01,2024-01-01,100,16.028571426,0.16028571426,1.650321683111357870891386211,0.61,0.6668149882295081967213114754,-0.6319780219487179487179487179,3.387142857,5,17,0.17,5,0.05,78,0.78,0,0
8,8_AJ_Core1,RecentB,2024-01-01,2026-01-01,100,15.284285715,0.15284285715,1.869272018381422167432795282,0.58,0.5666748768103448275862068966,-0.4186394557142857142857142857,2.581428571,5,6,0.06,6,0.06,88,0.88,0,0
8,8_AJ_Core1,RecentCombined,2022-01-01,2026-01-01,200,31.312857141,0.156564285705,1.741483711673358627674483413,0.595,0.6180072028319327731092436975,-0.5213580246419753086419753086,3.387142857,5,23,0.115,11,0.055,166,0.83,0,0
8,8_AJ_Core1,Monitor2026,2026-01-01,2026-09-10,36,2.785714285,0.07738095236111111111111111111,1.276399716430486192072410226,0.6666666666666666666666666667,0.53601190475,-0.8398809524166666666666666667,3.008571429,3,9,0.25,0,0,27,0.75,0,0
9,9_AJ_Core2,Historical,2015-01-01,2022-01-01,206,40.953333338,0.1988025890194174757281553398,1.558988125102306531236221967,0.5339805825242718446601941748,1.038333333363636363636363636,-0.7631597222083333333333333333,7.919999998,6,61,0.2961165048543689320388349515,15,0.07281553398058252427184466019,130,0.6310679611650485436893203883,0,0
9,9_AJ_Core2,RecentA,2022-01-01,2024-01-01,57,21.816666667,0.3827485380175438596491228070,2.109134045037664766393611349,0.5964912280701754385964912281,1.220196078470588235294117647,-0.8552173913478260869565217391,4.010000000,4,18,0.3157894736842105263157894737,7,0.1228070175438596491228070175,32,0.5614035087719298245614035088,0,0
9,9_AJ_Core2,RecentB,2024-01-01,2026-01-01,57,2.836666668,0.04976608189473684210526315789,1.112804878104793342473615942,0.4736842105263157894736842105,1.036419753111111111111111111,-0.8382222222,7.590000000,4,23,0.4035087719298245614035087719,5,0.08771929824561403508771929825,29,0.5087719298245614035087719298,0,0
9,9_AJ_Core2,RecentCombined,2022-01-01,2026-01-01,114,24.653333335,0.2162573099561403508771929825,1.550092971397916749933819883,0.5350877192982456140350877193,1.138852459049180327868852459,-0.8455974842830188679245283019,7.590000000,4,41,0.3596491228070175438596491228,12,0.1052631578947368421052631579,61,0.5350877192982456140350877193,0,0
9,9_AJ_Core2,Monitor2026,2026-01-01,2026-09-10,20,-2.636666666,-0.1318333333,0.7432651737098344693281402142,0.35,1.090476190571428571428571429,-0.790000000,3.836666667,3,8,0.4,1,0.05,11,0.55,0,0
10,10_AJ_SatA,Historical,2015-01-01,2022-01-01,239,-0.444,-0.001857740585774058577405857741,0.9833345844906538548157045267,0.4560669456066945606694560669,0.2403486238532110091743119266,-0.2065271317829457364341085271,7.084,10,4,0.01673640167364016736401673640,30,0.1255230125523012552301255230,205,0.8577405857740585774058577406,0,0
10,10_AJ_SatA,RecentA,2022-01-01,2024-01-01,70,3.034,0.04334285714285714285714285714,1.353695500116577290743763115,0.5285714285714285714285714286,0.3138378378378378378378378378,-0.2599393939393939393939393939,1.508,4,1,0.01428571428571428571428571429,16,0.2285714285714285714285714286,53,0.7571428571428571428571428571,0,0
10,10_AJ_SatA,RecentB,2024-01-01,2026-01-01,69,1.224,0.01773913043478260869565217391,1.146868250539956803455723542,0.4637681159420289855072463768,0.2986875,-0.2252432432432432432432432432,3.090,6,0,0,13,0.1884057971014492753623188406,56,0.8115942028985507246376811594,0,0
10,10_AJ_SatA,RecentCombined,2022-01-01,2026-01-01,139,4.258,0.03063309352517985611510791367,1.251773888363292336802270577,0.4964028776978417266187050360,0.3068115942028985507246376812,-0.2416,3.090,6,1,0.007194244604316546762589928058,29,0.2086330935251798561151079137,109,0.7841726618705035971223021583,0,0
10,10_AJ_SatA,Monitor2026,2026-01-01,2026-09-10,25,-0.940,-0.0376,0.7269029633933759442184776293,0.44,0.2274545454545454545454545455,-0.2647692307692307692307692308,2.446,3,0,0,3,0.12,22,0.88,0,0
11,11_AJ_SatB,Historical,2015-01-01,2022-01-01,238,17.292727262,0.07265851790756302521008403361,1.372965765756330813384229133,0.5084033613445378151260504202,0.5261006761570247933884297521,-0.3962859363504273504273504274,5.985454548,8,14,0.05882352941176470588235294118,7,0.02941176470588235294117647059,217,0.9117647058823529411764705882,0,0
11,11_AJ_SatB,RecentA,2022-01-01,2024-01-01,70,5.765454543,0.08236363632857142857142857143,1.334634866872381022220748152,0.5142857142857142857142857143,0.6387373736944444444444444444,-0.5067379679411764705882352941,3.009090908,5,9,0.1285714285714285714285714286,4,0.05714285714285714285714285714,57,0.8142857142857142857142857143,0,0
11,11_AJ_SatB,RecentB,2024-01-01,2026-01-01,70,2.592727272,0.03703896102857142857142857143,1.169701297110195183828515949,0.4714285714285714285714285714,0.5415426996969696969696969697,-0.4129238329189189189189189189,3.349090910,7,4,0.05714285714285714285714285714,3,0.04285714285714285714285714286,63,0.9,0,0
11,11_AJ_SatB,RecentCombined,2022-01-01,2026-01-01,140,8.358181815,0.05970129867857142857142857143,1.257117288335318143333848243,0.4928571428571428571428571429,0.5922529643913043478260869565,-0.4578489116619718309859154930,3.349090910,7,13,0.09285714285714285714285714286,7,0.05,120,0.8571428571428571428571428571,0,0
11,11_AJ_SatB,Monitor2026,2026-01-01,2026-09-10,25,-2.545454546,-0.10181818184,0.6185286102880710377266455979,0.36,0.4585858585555555555555555556,-0.4170454545625,5.085454546,6,2,0.08,0,0,23,0.92,0,0
12,12_UJ_Short_Core,Historical,2015-01-01,2022-01-01,327,60.354,0.1845688073394495412844036697,2.084976719938159526848472864,0.6024464831804281345565749235,0.5887360406091370558375634518,-0.4312170542635658914728682171,4.090,4,27,0.08256880733944954128440366972,7,0.02140672782874617737003058104,293,0.8960244648318042813455657492,0,0
12,12_UJ_Short_Core,RecentA,2022-01-01,2024-01-01,92,43.736,0.4753913043478260869565217391,3.387857610832059401616073378,0.6304347826086956521739130435,1.069862068965517241379310345,-0.5550303030303030303030303030,2.265,4,11,0.1195652173913043478260869565,11,0.1195652173913043478260869565,70,0.7608695652173913043478260870,0,0
12,12_UJ_Short_Core,RecentB,2024-01-01,2026-01-01,94,28.388,0.302,2.032328448307211171315320557,0.5531914893617021276595744681,1.07475,-0.6547380952380952380952380952,5.000,5,19,0.2021276595744680851063829787,11,0.1170212765957446808510638298,64,0.6808510638297872340425531915,0,0
12,12_UJ_Short_Core,RecentCombined,2022-01-01,2026-01-01,186,72.124,0.3877634408602150537634408602,2.574244243151806177016261050,0.5913978494623655913978494624,1.072172727272727272727272727,-0.6108666666666666666666666667,5.000,5,30,0.1612903225806451612903225806,22,0.1182795698924731182795698925,134,0.7204301075268817204301075269,0,0
12,12_UJ_Short_Core,Monitor2026,2026-01-01,2026-09-10,33,-3.125,-0.09469696969696969696969696970,0.6426529445397369925671812464,0.3939393939393939393939393939,0.4323076923076923076923076923,-0.4602631578947368421052631579,4.376,6,5,0.1515151515151515151515151515,0,0,28,0.8484848484848484848484848485,0,0
13,13_UJ_Fix_MidWeek,Historical,2015-01-01,2022-01-01,132,9.896842108,0.07497607657575757575757575758,2.737892791945432057586451693,0.6136363636363636363636363636,0.192488629,-0.1116615066862745098039215686,0.551578947,2,0,0,0,0,132,1,0,0
13,13_UJ_Fix_MidWeek,RecentA,2022-01-01,2024-01-01,38,4.817894735,0.1267867035526315789473684211,2.611052445053604254906144001,0.6842105263157894736842105263,0.3003238866153846153846153846,-0.2492105264166666666666666667,0.684210526,2,0,0,1,0.02631578947368421052631578947,37,0.9736842105263157894736842105,0,0
13,13_UJ_Fix_MidWeek,RecentB,2024-01-01,2026-01-01,38,4.897894733,0.1288919666578947368421052632,2.389784944482181627487607346,0.5789473684210526315789473684,0.3828229664090909090909090909,-0.220263158,0.840000001,3,0,0,1,0.02631578947368421052631578947,37,0.9736842105263157894736842105,0,0
13,13_UJ_Fix_MidWeek,RecentCombined,2022-01-01,2026-01-01,76,9.715789468,0.1278393351052631578947368421,2.491355629422971727110490831,0.6315789473684210526315789474,0.3381359648541666666666666667,-0.2326691730357142857142857143,0.840000001,3,0,0,2,0.02631578947368421052631578947,74,0.9736842105263157894736842105,0,0
13,13_UJ_Fix_MidWeek,Monitor2026,2026-01-01,2026-09-10,15,-0.528421054,-0.03522807026666666666666666667,0.7609523803560997732994190692,0.6666666666666666666666666667,0.1682105262,-0.4421052632,1.892631579,2,2,0.1333333333333333333333333333,0,0,13,0.8666666666666666666666666667,0,0
14,14_UJ_Sat_3rd,Historical,2015-01-01,2022-01-01,43,8.462222224,0.1967958656744186046511627907,2.152891311171662125340599455,0.6511627906976744186046511628,0.5643650794285714285714285714,-0.4893333333333333333333333333,1.502222222,4,4,0.09302325581395348837209302326,2,0.04651162790697674418604651163,37,0.8604651162790697674418604651,0,0
14,14_UJ_Sat_3rd,RecentA,2022-01-01,2024-01-01,11,8.971111114,0.8155555558181818181818181818,8.462107212654733311026752923,0.7272727272727272727272727273,1.271666667,-0.4007407406666666666666666667,1.028888889,2,1,0.09090909090909090909090909091,6,0.5454545454545454545454545455,4,0.3636363636363636363636363636,0,0
14,14_UJ_Sat_3rd,RecentB,2024-01-01,2026-01-01,13,10.164444448,0.7818803421538461538461538462,6.082222224,0.8461538461538461538461538462,1.105858586181818181818181818,-1.0,1.000000000,1,2,0.1538461538461538461538461538,7,0.5384615384615384615384615385,4,0.3076923076923076923076923077,0,0
14,14_UJ_Sat_3rd,RecentCombined,2022-01-01,2026-01-01,24,19.135555562,0.7973148150833333333333333333,6.975711314016357481888713219,0.7916666666666666666666666667,1.175672514947368421052631579,-0.6404444444,1.028888889,2,3,0.125,13,0.5416666666666666666666666667,8,0.3333333333333333333333333333,0,0
14,14_UJ_Sat_3rd,Monitor2026,2026-01-01,2026-09-10,6,0.635555556,0.105925926,1.412698412987012987012987013,0.5,0.7251851853333333333333333333,-0.5133333333333333333333333333,1.540000000,3,0,0,1,0.1666666666666666666666666667,5,0.8333333333333333333333333333,0,0
15,15_UJ_Sat_Aug,Historical,2015-01-01,2022-01-01,42,13.575,0.3232142857142857142857142857,1.964133522727272727272727273,0.5714285714285714285714285714,1.152291666666666666666666667,-0.7822222222222222222222222222,2.325,3,12,0.2857142857142857142857142857,11,0.2619047619047619047619047619,19,0.4523809523809523809523809524,0,0
15,15_UJ_Sat_Aug,RecentA,2022-01-01,2024-01-01,12,-1.00,-0.08333333333333333333333333333,0.875,0.3333333333333333333333333333,1.75,-1.0,3.0,3,8,0.6666666666666666666666666667,4,0.3333333333333333333333333333,0,0,0,0
15,15_UJ_Sat_Aug,RecentB,2024-01-01,2026-01-01,11,5.50,0.50,2.1,0.5454545454545454545454545455,1.75,-1.0,2.00,2,5,0.4545454545454545454545454545,6,0.5454545454545454545454545455,0,0,0,0
15,15_UJ_Sat_Aug,RecentCombined,2022-01-01,2026-01-01,23,4.50,0.1956521739130434782608695652,1.346153846153846153846153846,0.4347826086956521739130434783,1.75,-1.0,3.0,3,13,0.5652173913043478260869565217,10,0.4347826086956521739130434783,0,0,0,0
15,15_UJ_Sat_Aug,Monitor2026,2026-01-01,2026-09-10,5,6.00,1.20,7.0,0.8,1.75,-1.0,1.00,1,1,0.2,4,0.8,0,0,0,0
16,16_UJ_T10A,Historical,2015-01-01,2022-01-01,37,5.642222222,0.1524924924864864864864864865,1.919261404709657443710729274,0.6216216216216216216216216216,0.5121739130434782608695652174,-0.4384126984285714285714285714,1.104444444,3,3,0.08108108108108108108108108108,1,0.02702702702702702702702702703,33,0.8918918918918918918918918919,0,0
16,16_UJ_T10A,RecentA,2022-01-01,2024-01-01,10,2.797777778,0.2797777778,4.873846155345798817029476559,0.8,0.440000000,-0.361111111,0.722222222,2,0,0,0,0,10,1,0,0
16,16_UJ_T10A,RecentB,2024-01-01,2026-01-01,9,3.028888888,0.3365432097777777777777777778,3.524074073333333333333333333,0.6666666666666666666666666667,0.7048148146666666666666666667,-0.400000000,1.000000000,1,1,0.1111111111111111111111111111,1,0.1111111111111111111111111111,7,0.7777777777777777777777777778,0,0
16,16_UJ_T10A,RecentCombined,2022-01-01,2026-01-01,19,5.826666666,0.3066666666315789473684210526,4.031213872835978482408783640,0.7368421052631578947368421053,0.5534920634285714285714285714,-0.3844444444,1.000000000,2,1,0.05263157894736842105263157895,1,0.05263157894736842105263157895,17,0.8947368421052631578947368421,0,0
16,16_UJ_T10A,Monitor2026,2026-01-01,2026-09-10,4,0.275555556,0.068888889,1.207357859848883122086213786,0.5,0.8022222225,-0.6644444445,1.000000000,1,1,0.25,0,0,3,0.75,0,0
17,17_EA_1B_Wed_Short,Historical,2015-01-01,2022-01-01,215,35.625714283,0.1657009966651162790697674419,1.652349063457127246380065635,0.5860465116279069767441860465,0.7161678004365079365079365079,-0.6136115569887640449438202247,3.977142858,4,40,0.1860465116279069767441860465,4,0.01860465116279069767441860465,171,0.7953488372093023255813953488,0,0
17,17_EA_1B_Wed_Short,RecentA,2022-01-01,2024-01-01,63,11.951428571,0.1897052154126984126984126984,1.720523641354926566543406481,0.6349206349206349206349206349,0.7134642857,-0.7211801242173913043478260870,4.347142859,4,12,0.1904761904761904761904761905,1,0.01587301587301587301587301587,50,0.7936507936507936507936507937,0,0
17,17_EA_1B_Wed_Short,RecentB,2024-01-01,2026-01-01,54,5.541428573,0.1026190476481481481481481481,1.476184630593455588220467303,0.5740740740740740740740740741,0.5541474655161290322580645161,-0.5059627329565217391304347826,3.374285714,4,7,0.1296296296296296296296296296,0,0,47,0.8703703703703703703703703704,0,0
17,17_EA_1B_Wed_Short,RecentCombined,2022-01-01,2026-01-01,117,17.492857144,0.1495115995213675213675213675,1.619780331046723178340671074,0.6068376068376068376068376068,0.6439034205492957746478873239,-0.6135714285869565217391304348,4.347142859,4,19,0.1623931623931623931623931624,1,0.008547008547008547008547008547,97,0.8290598290598290598290598291,0,0
17,17_EA_1B_Wed_Short,Monitor2026,2026-01-01,2026-09-10,19,-0.337142859,-0.017744361,0.9096131745308310991957104558,0.5263157894736842105263157895,0.3392857141,-0.4144444444444444444444444444,2.178571429,3,1,0.05263157894736842105263157895,0,0,18,0.9473684210526315789473684211,0,0
18,18_EA_2_MonWed_Short,Historical,2015-01-01,2022-01-01,573,38.745555558,0.06761877060732984293193717277,1.242737910457636275627209128,0.5270506108202443280977312391,0.6568359087582781456953642384,-0.5911810699518518518518518519,9.592222224,8,108,0.1884816753926701570680628272,17,0.02966841186736474694589877836,448,0.7818499127399650959860383944,0,0
18,18_EA_2_MonWed_Short,RecentA,2022-01-01,2024-01-01,152,-13.465555551,-0.08858918125657894736842105263,0.7767276479614235665051044128,0.4605263157894736842105263158,0.6692063492428571428571428571,-0.7354878048536585365853658537,22.734444442,7,46,0.3026315789473684210526315789,4,0.02631578947368421052631578947,102,0.6710526315789473684210526316,0,0
18,18_EA_2_MonWed_Short,RecentB,2024-01-01,2026-01-01,167,8.847777781,0.05298070527544910179640718563,1.241142268898770466746912886,0.5209580838323353293413173653,0.5234355044712643678160919540,-0.45863888885,5.782222221,6,19,0.1137724550898203592814371257,4,0.02395209580838323353293413174,144,0.8622754491017964071856287425,0,0
18,18_EA_2_MonWed_Short,RecentCombined,2022-01-01,2026-01-01,319,-4.617777770,-0.01447579238244514106583072100,0.9523945889139988672409754160,0.4921630094043887147335423197,0.5884288747515923566878980892,-0.5987722907777777777777777778,23.832222218,7,65,0.2037617554858934169278996865,8,0.02507836990595611285266457680,246,0.7711598746081504702194357367,0,0
18,18_EA_2_MonWed_Short,Monitor2026,2026-01-01,2026-09-10,61,4.925555555,0.08074681237704918032786885246,1.408835193158556945620980228,0.5737704918032786885245901639,0.4849523809428571428571428571,-0.4633760683846153846153846154,2.508888890,4,6,0.09836065573770491803278688525,0,0,55,0.9016393442622950819672131148,0,0
19,19_EA_3_WedThu_Long,Historical,2015-01-01,2022-01-01,432,37.928888904,0.08779835394444444444444444444,1.411192888399142759745046360,0.5462962962962962962962962963,0.5515677966440677966101694915,-0.4706179137959183673469387755,7.234444444,7,44,0.1018518518518518518518518519,0,0,388,0.8981481481481481481481481481,0,0
19,19_EA_3_WedThu_Long,RecentA,2022-01-01,2024-01-01,120,17.426666673,0.145222222275,1.728235130566505234481112013,0.6083333333333333333333333333,0.5665296804246575342465753425,-0.5202173912608695652173913043,2.188888889,3,11,0.09166666666666666666666666667,0,0,109,0.9083333333333333333333333333,0,0
19,19_EA_3_WedThu_Long,RecentB,2024-01-01,2026-01-01,107,8.634444445,0.08069574247663551401869158879,1.380558276188880473812004265,0.5700934579439252336448598131,0.5134972678032786885245901639,-0.4932367150217391304347826087,4.000000000,6,10,0.09345794392523364485981308411,0,0,97,0.9065420560747663551401869159,0,0
19,19_EA_3_WedThu_Long,RecentCombined,2022-01-01,2026-01-01,227,26.061111118,0.1148066569074889867841409692,1.559024715926879841943115857,0.5903083700440528634361233480,0.5423880597537313432835820896,-0.5067270531413043478260869565,4.000000000,6,21,0.09251101321585903083700440529,0,0,206,0.9074889867841409691629955947,0,0
19,19_EA_3_WedThu_Long,Monitor2026,2026-01-01,2026-09-10,44,-0.854444446,-0.01941919195454545454545454545,0.8988956085684824435226899613,0.3863636363636363636363636364,0.4468627451176470588235294118,-0.3130041152962962962962962963,2.522222222,8,2,0.04545454545454545454545454545,0,0,42,0.9545454545454545454545454545,0,0
20,20_EA_1A_MonTue_Short,Historical,2015-01-01,2022-01-01,455,23.644,0.05196483516483516483516483516,1.206808480862081030018893010,0.5384615384615384615384615385,0.5631510204081632653061224490,-0.5470239234449760765550239234,7.028,8,67,0.1472527472527472527472527473,6,0.01318681318681318681318681319,382,0.8395604395604395604395604396,0,0
20,20_EA_1A_MonTue_Short,RecentA,2022-01-01,2024-01-01,120,3.504,0.0292,1.091847968545216251638269987,0.4666666666666666666666666667,0.7438214285714285714285714286,-0.59609375,5.470,8,25,0.2083333333333333333333333333,1,0.008333333333333333333333333333,94,0.7833333333333333333333333333,0,0
20,20_EA_1A_MonTue_Short,RecentB,2024-01-01,2026-01-01,141,-1.642,-0.01164539007092198581560283688,0.9578108941418293936279547790,0.4326241134751773049645390071,0.6111147540983606557377049180,-0.4865,8.908,8,20,0.1418439716312056737588652482,4,0.02836879432624113475177304965,117,0.8297872340425531914893617021,0,0
20,20_EA_1A_MonTue_Short,RecentCombined,2022-01-01,2026-01-01,261,1.862,0.007134099616858237547892720307,1.024159854677565849227974569,0.4482758620689655172413793103,0.6746324786324786324786324786,-0.5352083333333333333333333333,12.854,8,45,0.1724137931034482758620689655,5,0.01915708812260536398467432950,211,0.8084291187739463601532567050,0,0
20,20_EA_1A_MonTue_Short,Monitor2026,2026-01-01,2026-09-10,54,-1.192,-0.02207407407407407407407407407,0.8928443006112909025530384754,0.5555555555555555555555555556,0.3310666666666666666666666667,-0.4635,4.662,5,6,0.1111111111111111111111111111,0,0,48,0.8888888888888888888888888889,0,0
21,21_GA_B_3,Historical,2015-01-01,2022-01-01,351,5.376818199,0.01531857036752136752136752137,1.158472215276973590587812964,0.5185185185185185185185185185,0.2159665335714285714285714286,-0.2007638515443786982248520710,5.324545456,8,3,0.008547008547008547008547008547,47,0.1339031339031339031339031339,301,0.8575498575498575498575498575,0,0
21,21_GA_B_3,RecentA,2022-01-01,2024-01-01,99,1.426818186,0.01441230490909090909090909091,1.162617210275503246504031235,0.5050505050505050505050505051,0.20401818186,-0.1827935605625,1.740909089,6,0,0,8,0.08080808080808080808080808081,91,0.9191919191919191919191919192,0,0
21,21_GA_B_3,RecentB,2024-01-01,2026-01-01,102,1.066363639,0.01045454548039215686274509804,1.123623333841978078839453440,0.5490196078431372549019607843,0.1730762987142857142857142857,-0.1875197628043478260869565217,2.746818182,5,2,0.01960784313725490196078431373,6,0.05882352941176470588235294118,94,0.9215686274509803921568627451,0,0
21,21_GA_B_3,RecentCombined,2022-01-01,2026-01-01,201,2.493181825,0.01240388967661691542288557214,1.143286311814548577428631857,0.5273631840796019900497512438,0.1876715266132075471698113208,-0.1851063829361702127659574468,2.746818182,6,2,0.009950248756218905472636815920,14,0.06965174129353233830845771144,185,0.9203980099502487562189054726,0,0
21,21_GA_B_3,Monitor2026,2026-01-01,2026-09-10,35,1.024545457,0.02927272734285714285714285714,1.567615212577753815918704403,0.6,0.1347402597142857142857142857,-0.1289285712142857142857142857,0.743636362,3,0,0,1,0.02857142857142857142857142857,34,0.9714285714285714285714285714,0,0
22,22_GA_C_2,Historical,2015-01-01,2022-01-01,274,39.377142872,0.1437122002627737226277372263,1.443493371260416355845413929,0.5620437956204379562043795620,0.8322448980519480519480519481,-0.7399047619,4.920000000,5,72,0.2627737226277372262773722628,90,0.3284671532846715328467153285,112,0.4087591240875912408759124088,0,0
22,22_GA_C_2,RecentA,2022-01-01,2024-01-01,79,-2.311428569,-0.02925858948101265822784810127,0.9248630074165279882631349123,0.4936708860759493670886075949,0.7295238095897435897435897436,-0.769071428575,6.845714285,7,27,0.3417721518987341772151898734,16,0.2025316455696202531645569620,36,0.4556962025316455696202531646,0,0
22,22_GA_C_2,RecentB,2024-01-01,2026-01-01,79,-4.768571427,-0.06036166363291139240506329114,0.8093442998082478461241989007,0.4050632911392405063291139241,0.63258928575,-0.5437267080652173913043478261,7.921428570,6,16,0.2025316455696202531645569620,9,0.1139240506329113924050632911,54,0.6835443037974683544303797468,0,0
22,22_GA_C_2,RecentCombined,2022-01-01,2026-01-01,158,-7.079999996,-0.04481012655696202531645569620,0.8730597818445420817675556687,0.4493670886075949367088607595,0.6858350101126760563380281690,-0.6485382059767441860465116279,11.988571427,7,43,0.2721518987341772151898734177,25,0.1582278481012658227848101266,90,0.5696202531645569620253164557,0,0
22,22_GA_C_2,Monitor2026,2026-01-01,2026-09-10,29,-2.282857144,-0.07871921186206896551724137931,0.7646539027046748553912706335,0.4482758620689655172413793103,0.5705494505384615384615384615,-0.6062500000625,6.694285716,8,5,0.1724137931034482758620689655,4,0.1379310344827586206896551724,20,0.6896551724137931034482758621,0,0
23,23_GA_F_2,Historical,2015-01-01,2022-01-01,252,18.721111113,0.07429012346428571428571428571,1.439554419298684089268063794,0.5396825396825396825396825397,0.4508251634338235294117647059,-0.3703574879478260869565217391,5.151111109,8,15,0.05952380952380952380952380952,3,0.01190476190476190476190476190,234,0.9285714285714285714285714286,0,0
23,23_GA_F_2,RecentA,2022-01-01,2024-01-01,77,-3.614444447,-0.04694083697402597402597402597,0.6959244717085958692664001378,0.4155844155844155844155844156,0.2585069444375,-0.2641481482,6.124444445,7,0,0,0,0,77,1,0,0
23,23_GA_F_2,RecentB,2024-01-01,2026-01-01,78,4.145555551,0.05314814808974358974358974359,1.587466539862434304249549356,0.5256410256410256410256410256,0.2732249321951219512195121951,-0.1907207207837837837837837838,1.346666668,5,0,0,0,0,78,1,0,0
23,23_GA_F_2,RecentCombined,2022-01-01,2026-01-01,155,0.531111104,0.003426523251612903225806451613,1.028036834622690204386456751,0.4709677419354838709677419355,0.2667732115342465753424657534,-0.2310162602195121951219512195,6.832222224,7,0,0,0,0,155,1,0,0
23,23_GA_F_2,Monitor2026,2026-01-01,2026-09-10,27,0.362222225,0.01341563796296296296296296296,1.144439522698760849055390943,0.4074074074074074074074074074,0.260909091,-0.156736111,0.758888888,4,0,0,0,0,27,1,0,0
24,24_GA_D_1,Historical,2015-01-01,2022-01-01,252,15.833333331,0.06283068782142857142857142857,1.336577070196214167273825944,0.5595238095238095238095238095,0.4459259259078014184397163121,-0.4238038038018018018018018018,4.199999999,7,19,0.07539682539682539682539682540,2,0.007936507936507936507936507937,231,0.9166666666666666666666666667,0,0
24,24_GA_D_1,RecentA,2022-01-01,2024-01-01,77,9.133333331,0.1186147185844155844155844156,1.760618117614816329288766729,0.5584415584415584415584415584,0.4916537467441860465116279070,-0.3531699346764705882352941176,3.101111111,6,4,0.05194805194805194805194805195,3,0.03896103896103896103896103896,70,0.9090909090909090909090909091,0,0
24,24_GA_D_1,RecentB,2024-01-01,2026-01-01,78,-1.217777778,-0.01561253561538461538461538462,0.9119537274896525845717356409,0.5769230769230769230769230769,0.2802962962888888888888888889,-0.4191245791212121212121212121,3.546666665,4,4,0.05128205128205128205128205128,1,0.01282051282051282051282051282,73,0.9358974358974358974358974359,0,0
24,24_GA_D_1,RecentCombined,2022-01-01,2026-01-01,155,7.915555553,0.05106810034193548387096774194,1.306342721883193174720137898,0.5677419354838709677419354839,0.3835732323068181818181818182,-0.3856550580597014925373134328,4.628888888,6,8,0.05161290322580645161290322581,4,0.02580645161290322580645161290,143,0.9225806451612903225806451613,0,0
24,24_GA_D_1,Monitor2026,2026-01-01,2026-09-10,27,0.788888888,0.02921810696296296296296296296,1.205916473091818923233521430,0.4814814814814814814814814815,0.3553846153076923076923076923,-0.2736507936428571428571428571,1.673333333,4,1,0.03703703703703703703703703704,0,0,26,0.9629629629629629629629629630,0,0
25,25_AU_China_Demand,Historical,2015-01-01,2022-01-01,614,32.9425,0.05365228013029315960912052117,1.316922410890374717398624272,0.5390879478827361563517915309,0.4135574018126888217522658610,-0.3739028776978417266187050360,8.0800,7,33,0.05374592833876221498371335505,49,0.07980456026058631921824104235,532,0.8664495114006514657980456026,0,0
25,25_AU_China_Demand,RecentA,2022-01-01,2024-01-01,174,10.0225,0.05760057471264367816091954023,1.285074308469032212188011093,0.5747126436781609195402298851,0.4518,-0.4816095890410958904109589041,4.0025,5,11,0.06321839080459770114942528736,16,0.09195402298850574712643678161,147,0.8448275862068965517241379310,0,0
25,25_AU_China_Demand,RecentB,2024-01-01,2026-01-01,173,7.1000,0.04104046242774566473988439306,1.321194299932142049310110835,0.5202312138728323699421965318,0.3245,-0.2663253012048192771084337349,3.0250,4,1,0.005780346820809248554913294798,7,0.04046242774566473988439306358,165,0.9537572254335260115606936416,0,0
25,25_AU_China_Demand,RecentCombined,2022-01-01,2026-01-01,347,17.1225,0.04934438040345821325648414986,1.299017681728880157170923379,0.5475504322766570605187319885,0.3915,-0.3670673076923076923076923077,4.0025,5,12,0.03458213256484149855907780980,23,0.06628242074927953890489913545,312,0.8991354466858789625360230548,0,0
25,25_AU_China_Demand,Monitor2026,2026-01-01,2026-09-10,61,-0.3925,-0.006434426229508196721311475410,0.9636994219653179190751445087,0.4754098360655737704918032787,0.3593103448275862068965517241,-0.337890625,3.9250,5,3,0.04918032786885245901639344262,4,0.06557377049180327868852459016,54,0.8852459016393442622950819672,0,0
26,26_AJ_China_Demand,Historical,2015-01-01,2022-01-01,308,28.497777786,0.09252525255194805194805194805,1.460897067443669478679226155,0.5551948051948051948051948052,0.5282391163333333333333333333,-0.4546405228455882352941176471,4.171111108,5,30,0.09740259740259740259740259740,12,0.03896103896103896103896103896,266,0.8636363636363636363636363636,0,0
26,26_AJ_China_Demand,RecentA,2022-01-01,2024-01-01,89,16.442222221,0.1847440698988764044943820225,1.974578503622066507531757551,0.6179775280898876404494382022,0.6056969696727272727272727273,-0.4962091503235294117647058824,2.546666667,3,6,0.06741573033707865168539325843,3,0.03370786516853932584269662921,80,0.8988764044943820224719101124,0,0
26,26_AJ_China_Demand,RecentB,2024-01-01,2026-01-01,87,10.953333328,0.1259003830804597701149425287,1.711768952624378266426980599,0.6206896551724137931034482759,0.4878189299814814814814814815,-0.4663299663939393939393939394,3.171111112,4,7,0.08045977011494252873563218391,1,0.01149425287356321839080459770,79,0.9080459770114942528735632184,0,0
26,26_AJ_China_Demand,RecentCombined,2022-01-01,2026-01-01,176,27.395555549,0.1556565656193181818181818182,1.849211269290191489814619250,0.6193181818181818181818181818,0.5472986747798165137614678899,-0.4814925373432835820895522388,3.171111112,4,13,0.07386363636363636363636363636,4,0.02272727272727272727272727273,159,0.9034090909090909090909090909,0,0
26,26_AJ_China_Demand,Monitor2026,2026-01-01,2026-09-10,30,3.280000001,0.1093333333666666666666666667,1.579960707400396015135528800,0.6666666666666666666666666667,0.44677777785,-0.5655555556,3.313333333,4,4,0.1333333333333333333333333333,1,0.03333333333333333333333333333,25,0.8333333333333333333333333333,0,0
27,27_EA_China_Demand,Historical,2015-01-01,2022-01-01,350,33.063333325,0.09446666664285714285714285714,1.492184786228361027038313435,0.6,0.4773333333142857142857142857,-0.4798333333642857142857142857,5.516666667,10,36,0.1028571428571428571428571429,51,0.1457142857142857142857142857,263,0.7514285714285714285714285714,0,0
27,27_EA_China_Demand,RecentA,2022-01-01,2024-01-01,100,6.978333335,0.06978333335,1.324724678252650039855993489,0.51,0.5582026143725490196078431373,-0.4385714285306122448979591837,4.456666667,5,9,0.09,13,0.13,78,0.78,0,0
27,27_EA_China_Demand,RecentB,2024-01-01,2026-01-01,98,15.736666668,0.1605782313061224489795918367,2.600881654933875890132248220,0.6326530612244897959183673469,0.4123655914193548387096774194,-0.2808571428571428571428571429,1.728333333,5,2,0.02040816326530612244897959184,10,0.1020408163265306122448979592,86,0.8775510204081632653061224490,0,0
27,27_EA_China_Demand,RecentCombined,2022-01-01,2026-01-01,198,22.715000003,0.1147222222373737373737373737,1.725255427983732785950429935,0.5707070707070707070707070707,0.4781858407168141592920353982,-0.3728571428333333333333333333,4.456666667,5,11,0.05555555555555555555555555556,23,0.1161616161616161616161616162,164,0.8282828282828282828282828283,0,0
27,27_EA_China_Demand,Monitor2026,2026-01-01,2026-09-10,35,-1.223333330,-0.03495238085714285714285714286,0.8551411095151144001794096389,0.4285714285714285714285714286,0.4814444446,-0.42224999995,3.241666664,4,3,0.08571428571428571428571428571,3,0.08571428571428571428571428571,29,0.8285714285714285714285714286,0,0
28,28_GA_China_Demand,Historical,2015-01-01,2022-01-01,347,22.219999988,0.06403458209798270893371757925,1.311338202996213976264138378,0.5302593659942363112391930836,0.5086376810760869565217391304,-0.4378486707361963190184049080,5.412000000,6,35,0.1008645533141210374639769452,55,0.1585014409221902017291066282,257,0.7406340057636887608069164265,0,0
28,28_GA_China_Demand,RecentA,2022-01-01,2024-01-01,100,5.990666663,0.05990666663,1.315431058498315080033698399,0.56,0.4461190475535714285714285714,-0.4416744186046511627906976744,3.020000000,4,9,0.09,13,0.13,78,0.78,0,0
28,28_GA_China_Demand,RecentB,2024-01-01,2026-01-01,98,16.794666662,0.1713741496122448979591836735,2.628652702058635832239976322,0.6632653061224489795918367347,0.4170256409384615384615384615,-0.3124848484545454545454545455,1.833333334,5,3,0.03061224489795918367346938776,10,0.1020408163265306122448979592,85,0.8673469387755102040816326531,0,0
28,28_GA_China_Demand,RecentCombined,2022-01-01,2026-01-01,198,22.785333325,0.1150774410353535353535353535,1.777550277292436195648800034,0.6111111111111111111111111111,0.4304903580495867768595041322,-0.3855789473552631578947368421,3.020000000,5,12,0.06060606060606060606060606061,23,0.1161616161616161616161616162,163,0.8232323232323232323232323232,0,0
28,28_GA_China_Demand,Monitor2026,2026-01-01,2026-09-10,35,-0.440000000,-0.01257142857142857142857142857,0.9377945334560694879102766017,0.4285714285714285714285714286,0.4422222222,-0.35366666665,3.195999999,5,2,0.05714285714285714285714285714,3,0.08571428571428571428571428571,30,0.8571428571428571428571428571,0,0
