Pair,Method,Selection,Date,X,Y,ReferenceStart,ReferenceEnd,ReferenceN,LessCount,EqualCount,Percentile,Q,AlignedLondonReturn,Pass
USDJPY,Primary,FirstQ1,2016-01-05,-4.600000000000648,-30.59999999999974,2015-01-06,2016-01-04,252,44,0,0.1746031746031746,1,30.59999999999974,True
USDJPY,Primary,FirstQ2,2016-01-27,-6.999999999999318,2.200000000000557,2015-01-28,2016-01-26,252,66,1,0.2638888888888889,2,-2.200000000000557,True
USDJPY,Primary,FirstQ3,2016-01-12,-14.700000000000557,40.399999999999636,2015-01-13,2016-01-11,252,124,0,0.49206349206349204,3,-40.399999999999636,True
USDJPY,Primary,FirstQ4,2016-01-11,26.39999999999958,29.399999999999693,2015-01-12,2016-01-08,252,187,1,0.7440476190476191,4,29.399999999999693,True
USDJPY,Primary,FirstQ5,2016-01-04,-93.50000000000023,2.200000000000557,2015-01-05,2015-12-31,252,250,0,0.9920634920634921,5,-2.200000000000557,True
USDJPY,Primary,First2022,2022-01-03,16.899999999999693,-20.90000000000032,2021-01-14,2021-12-31,252,194,1,0.7718253968253969,4,-20.90000000000032,True
USDJPY,Robustness,FirstQ1,2016-01-05,-4.5000000000001705,-30.59999999999974,2015-01-06,2016-01-04,252,46,1,0.18452380952380953,1,30.59999999999974,True
USDJPY,Robustness,FirstQ2,2016-02-03,11.099999999999,-70.29999999999887,2015-02-04,2016-02-02,252,95,0,0.376984126984127,2,-70.29999999999887,True
USDJPY,Robustness,FirstQ3,2016-01-22,14.60000000000008,10.599999999999454,2015-01-23,2016-01-21,252,119,1,0.4742063492063492,3,10.599999999999454,True
USDJPY,Robustness,FirstQ4,2016-01-11,25.900000000000034,29.399999999999693,2015-01-12,2016-01-08,252,177,0,0.7023809523809523,4,29.399999999999693,True
USDJPY,Robustness,FirstQ5,2016-01-04,-134.19999999999987,2.200000000000557,2015-01-05,2015-12-31,252,251,0,0.996031746031746,5,-2.200000000000557,True
USDJPY,Robustness,First2022,2022-01-03,14.999999999999147,-20.90000000000032,2021-01-14,2021-12-31,252,159,0,0.6309523809523809,4,-20.90000000000032,True
EURAUD,Primary,FirstQ1,2016-01-25,-8.700000000001484,28.300000000001102,2015-01-27,2016-01-22,252,33,0,0.13095238095238096,1,28.300000000001102,True
EURAUD,Primary,FirstQ2,2016-02-23,22.499999999998632,-68.39999999999957,2015-02-24,2016-02-22,252,87,0,0.34523809523809523,2,68.39999999999957,True
EURAUD,Primary,FirstQ3,2016-01-05,-22.799999999998377,20.800000000000818,2015-01-07,2016-01-04,252,102,0,0.40476190476190477,3,20.800000000000818,True
EURAUD,Primary,FirstQ4,2015-12-31,-57.000000000000384,-32.00000000000092,2015-01-05,2015-12-30,252,188,0,0.746031746031746,4,-32.00000000000092,True
EURAUD,Primary,FirstQ5,2016-01-04,203.1000000000005,0.10000000000065512,2015-01-06,2015-12-31,252,251,0,0.996031746031746,5,-0.10000000000065512,True
EURAUD,Primary,First2022,2022-01-03,-0.1999999999990898,24.800000000000377,2021-01-14,2021-12-31,252,1,0,0.003968253968253968,1,24.800000000000377,True
EURAUD,Robustness,FirstQ1,2016-02-11,5.999999999999339,175.0000000000007,2015-02-12,2016-02-10,252,15,0,0.05952380952380952,1,-175.0000000000007,True
EURAUD,Robustness,FirstQ2,2016-01-25,32.29999999999844,28.300000000001102,2015-01-27,2016-01-22,252,97,0,0.38492063492063494,2,-28.300000000001102,True
EURAUD,Robustness,FirstQ3,2016-01-22,-41.49999999999876,-6.500000000000394,2015-01-26,2016-01-21,252,117,0,0.4642857142857143,3,-6.500000000000394,True
EURAUD,Robustness,FirstQ4,2015-12-31,-67.09999999999994,-32.00000000000092,2015-01-05,2015-12-30,252,177,0,0.7023809523809523,4,-32.00000000000092,True
EURAUD,Robustness,FirstQ5,2016-01-04,222.7000000000001,0.10000000000065512,2015-01-06,2015-12-31,252,251,0,0.996031746031746,5,-0.10000000000065512,True
EURAUD,Robustness,First2022,2022-01-03,-10.699999999999044,24.800000000000377,2021-01-14,2021-12-31,252,70,0,0.2777777777777778,2,24.800000000000377,True
GBPJPY,Primary,FirstQ1,2015-12-31,-4.200000000000159,-19.900000000001228,2015-01-05,2015-12-30,252,27,1,0.10912698412698413,1,19.900000000001228,True
GBPJPY,Primary,FirstQ2,2016-03-18,14.400000000000546,-0.40000000000190994,2015-03-23,2016-03-17,252,85,1,0.3392857142857143,2,-0.40000000000190994,True
GBPJPY,Primary,FirstQ3,2016-01-14,19.10000000000025,-94.5999999999998,2015-01-16,2016-01-13,252,120,0,0.47619047619047616,3,-94.5999999999998,True
GBPJPY,Primary,FirstQ4,2016-01-12,-40.29999999999916,-39.400000000000546,2015-01-14,2016-01-11,252,194,0,0.7698412698412699,4,39.400000000000546,True
GBPJPY,Primary,FirstQ5,2016-01-04,-137.00000000000045,38.79999999999768,2015-01-06,2015-12-31,252,249,0,0.9880952380952381,5,-38.79999999999768,True
GBPJPY,Primary,First2022,2022-01-03,-3.300000000001546,-21.800000000001774,2021-01-14,2021-12-31,252,37,0,0.14682539682539683,1,21.800000000001774,True
GBPJPY,Robustness,FirstQ1,2015-12-31,2.7000000000015234,-19.900000000001228,2015-01-05,2015-12-30,252,14,0,0.05555555555555555,1,-19.900000000001228,True
GBPJPY,Robustness,FirstQ2,2016-01-05,-8.70000000000175,-99.69999999999857,2015-01-07,2016-01-04,252,51,0,0.20238095238095238,2,99.69999999999857,True
GBPJPY,Robustness,FirstQ3,2016-01-22,27.499999999997726,45.10000000000218,2015-01-26,2016-01-21,252,131,0,0.5198412698412699,3,45.10000000000218,True
GBPJPY,Robustness,FirstQ4,2016-01-11,45.300000000000296,80.10000000000161,2015-01-13,2016-01-08,252,185,0,0.7341269841269841,4,80.10000000000161,True
GBPJPY,Robustness,FirstQ5,2016-01-04,-168.99999999999977,38.79999999999768,2015-01-06,2015-12-31,252,250,0,0.9920634920634921,5,-38.79999999999768,True
GBPJPY,Robustness,First2022,2022-01-03,2.5000000000005684,-21.800000000001774,2021-01-14,2021-12-31,252,19,0,0.07539682539682539,1,-21.800000000001774,True
