AnalysisVersion,BaselineSHA256,MembershipSHA256,PlanBranch,ValidationRunJST,Segment,RemovedStrategyNo,RemovedStrategy,RemovedStrategyTotalR,RemovedStrategyPositiveYears,RemovedStrategyNegativeYears,Trades,TotalR,PF,WinRatePct,AvgR,AvgWinR,AvgLossR,MaxDDR,WorstDayR,WorstWeekR,PositiveYears,NegativeYears,NeutralYears,MaxLosingStreak,TPExitRatePct,SLExitRatePct,TimeExitRatePct,OtherExitRatePct,TotalR_2015,TotalR_2016,TotalR_2017,TotalR_2018,TotalR_2019,TotalR_2020,TotalR_2021,DeltaTotalR,DeltaMaxDDR,DeltaPF,DeltaWorstDayR,DeltaWorstWeekR,ClearNegativeMarginalCandidate,StableNegativeMarginalCandidate,TieBreakRule,OverallLOORank,CandidateRank
strategy-selection-is-v1.0.0,cc32f32e3df57cb03416d111e3cf848fb6b2edc7f193b6da90201a2462420359,aad041b8cbc03611cbe535060c4887f30f9341c5d0f0010158f1d923e830756d,research/strategy-selection-validation,2026-09-11T15:28:55+09:00,IS_2015_2021,10,10_AJ_SatA,-0.444,2,5,9517,768.932273,1.377253,54.765157,0.080795658,0.53859766,-0.475335525,27.854956,-12.0,-14.563836,7,0,0,15,5.716087,11.894505,82.389408,0.0,89.999476,208.45998,102.32257,118.906513,56.337888,132.049851,60.855996,0.444,0.314,0.005082,0.0,-0.108,True,True,DeltaTotalR_desc_then_StrategyNo_asc,1,1
strategy-selection-is-v1.0.0,cc32f32e3df57cb03416d111e3cf848fb6b2edc7f193b6da90201a2462420359,aad041b8cbc03611cbe535060c4887f30f9341c5d0f0010158f1d923e830756d,research/strategy-selection-validation,2026-09-11T15:28:55+09:00,IS_2015_2021,21,21_GA_B_3,5.376818,4,3,9405,763.111455,1.375741,54.641148,0.081138911,0.54369782,-0.478095961,27.604592,-12.0,-14.155836,7,0,0,14,5.603402,12.046784,82.349814,0.0,87.214658,206.961526,103.014115,115.417877,54.710069,132.471033,63.322177,-5.376818,0.063636,0.00357,0.0,0.3,False,False,DeltaTotalR_desc_then_StrategyNo_asc,2,
strategy-selection-is-v1.0.0,cc32f32e3df57cb03416d111e3cf848fb6b2edc7f193b6da90201a2462420359,aad041b8cbc03611cbe535060c4887f30f9341c5d0f0010158f1d923e830756d,research/strategy-selection-validation,2026-09-11T15:28:55+09:00,IS_2015_2021,16,16_UJ_T10A,5.642222,5,2,9719,762.846051,1.37054,54.511781,0.078490179,0.532576256,-0.467577323,27.8454,-12.0,-14.455836,7,0,0,15,5.895668,11.657578,82.446754,0.0,92.502587,208.737536,100.019014,116.218735,55.297443,129.414518,60.656218,-5.642222,0.304444,-0.001631,0.0,0.0,False,False,DeltaTotalR_desc_then_StrategyNo_asc,3,
strategy-selection-is-v1.0.0,cc32f32e3df57cb03416d111e3cf848fb6b2edc7f193b6da90201a2462420359,aad041b8cbc03611cbe535060c4887f30f9341c5d0f0010158f1d923e830756d,research/strategy-selection-validation,2026-09-11T15:28:55+09:00,IS_2015_2021,7,7_GJ_Mon_Blitz,5.915385,5,2,9404,762.572889,1.377188,54.604424,0.081090269,0.542220614,-0.475589265,25.578648,-11.0,-13.748143,7,0,0,14,6.103786,12.00553,81.890685,0.0,96.979937,206.258134,103.005339,115.592667,54.568041,128.187082,57.981688,-5.915384,-1.962308,0.005017,1.0,0.707693,False,False,DeltaTotalR_desc_then_StrategyNo_asc,4,
strategy-selection-is-v1.0.0,cc32f32e3df57cb03416d111e3cf848fb6b2edc7f193b6da90201a2462420359,aad041b8cbc03611cbe535060c4887f30f9341c5d0f0010158f1d923e830756d,research/strategy-selection-validation,2026-09-11T15:28:55+09:00,IS_2015_2021,14,14_UJ_Sat_3rd,8.462222,5,2,9713,760.026051,1.369386,54.493977,0.078248332,0.532319438,-0.467410435,27.376511,-12.0,-14.455836,7,0,0,15,5.889015,11.654484,82.456502,0.0,88.378142,209.599758,100.561237,117.405402,53.126332,130.01674,60.93844,-8.462222,-0.164445,-0.002785,0.0,0.0,False,False,DeltaTotalR_desc_then_StrategyNo_asc,5,
strategy-selection-is-v1.0.0,cc32f32e3df57cb03416d111e3cf848fb6b2edc7f193b6da90201a2462420359,aad041b8cbc03611cbe535060c4887f30f9341c5d0f0010158f1d923e830756d,research/strategy-selection-validation,2026-09-11T15:28:55+09:00,IS_2015_2021,13,13_UJ_Fix_MidWeek,9.896842,7,0,9624,758.591431,1.368394,54.447215,0.078822884,0.537743784,-0.471641318,27.765166,-12.0,-14.455836,7,0,0,15,5.964256,11.803824,82.23192,0.0,89.475686,208.335665,100.37878,116.125987,53.911361,131.011009,59.352943,-9.896842,0.22421,-0.003777,0.0,0.0,False,False,DeltaTotalR_desc_then_StrategyNo_asc,6,
strategy-selection-is-v1.0.0,cc32f32e3df57cb03416d111e3cf848fb6b2edc7f193b6da90201a2462420359,aad041b8cbc03611cbe535060c4887f30f9341c5d0f0010158f1d923e830756d,research/strategy-selection-validation,2026-09-11T15:28:55+09:00,IS_2015_2021,15,15_UJ_Sat_Aug,13.575,5,2,9714,754.913273,1.368107,54.529545,0.077713946,0.52967982,-0.46619703,27.67633,-12.0,-14.455836,7,0,0,15,5.795759,11.570929,82.633313,0.0,89.671476,206.80198,101.50957,116.681513,50.871888,132.232851,57.143996,-13.575,0.135374,-0.004064,0.0,0.0,False,False,DeltaTotalR_desc_then_StrategyNo_asc,7,
strategy-selection-is-v1.0.0,cc32f32e3df57cb03416d111e3cf848fb6b2edc7f193b6da90201a2462420359,aad041b8cbc03611cbe535060c4887f30f9341c5d0f0010158f1d923e830756d,research/strategy-selection-validation,2026-09-11T15:28:55+09:00,IS_2015_2021,24,24_GA_D_1,15.833333,5,2,9504,752.65494,1.373001,54.503367,0.079193491,0.534844296,-0.468610894,26.409844,-12.0,-14.949169,7,0,0,15,6.018519,11.752946,82.228535,0.0,93.952587,201.350869,98.845681,118.434291,52.152999,129.17674,58.741773,-15.833333,-1.131112,0.00083,0.0,-0.493333,False,False,DeltaTotalR_desc_then_StrategyNo_asc,8,
strategy-selection-is-v1.0.0,cc32f32e3df57cb03416d111e3cf848fb6b2edc7f193b6da90201a2462420359,aad041b8cbc03611cbe535060c4887f30f9341c5d0f0010158f1d923e830756d,research/strategy-selection-validation,2026-09-11T15:28:55+09:00,IS_2015_2021,11,11_AJ_SatB,17.292727,6,1,9518,751.195546,1.372153,54.633326,0.078923676,0.532636697,-0.469422158,26.777319,-12.0,-14.246745,7,0,0,15,5.957134,11.788191,82.254675,0.0,87.662385,203.551071,103.027297,114.874695,53.516433,128.164215,60.39945,-17.292727,-0.763637,-1.8e-05,0.0,0.209091,False,False,DeltaTotalR_desc_then_StrategyNo_asc,9,
strategy-selection-is-v1.0.0,cc32f32e3df57cb03416d111e3cf848fb6b2edc7f193b6da90201a2462420359,aad041b8cbc03611cbe535060c4887f30f9341c5d0f0010158f1d923e830756d,research/strategy-selection-validation,2026-09-11T15:28:55+09:00,IS_2015_2021,4,4_GJ_Port_Log1,17.488462,7,0,9184,750.999812,1.374597,54.43162,0.081772628,0.551274056,-0.481002686,25.682494,-12.0,-15.35199,7,0,0,14,5.847125,12.227787,81.925087,0.0,88.862245,208.435057,98.360724,113.351129,53.427272,130.707082,57.856303,-17.488461,-1.858462,0.002426,0.0,-0.896154,False,False,DeltaTotalR_desc_then_StrategyNo_asc,10,
strategy-selection-is-v1.0.0,cc32f32e3df57cb03416d111e3cf848fb6b2edc7f193b6da90201a2462420359,aad041b8cbc03611cbe535060c4887f30f9341c5d0f0010158f1d923e830756d,research/strategy-selection-validation,2026-09-11T15:28:55+09:00,IS_2015_2021,23,23_GA_F_2,18.721111,5,2,9504,749.767162,1.370752,54.555976,0.078889642,0.534630045,-0.47008127,27.810956,-12.0,-14.571391,7,0,0,15,6.007997,11.795034,82.19697,0.0,89.351476,204.896425,97.541237,110.386513,51.962999,131.864518,63.763996,-18.721111,0.27,-0.001419,0.0,-0.115555,False,False,DeltaTotalR_desc_then_StrategyNo_asc,11,
strategy-selection-is-v1.0.0,cc32f32e3df57cb03416d111e3cf848fb6b2edc7f193b6da90201a2462420359,aad041b8cbc03611cbe535060c4887f30f9341c5d0f0010158f1d923e830756d,research/strategy-selection-validation,2026-09-11T15:28:55+09:00,IS_2015_2021,8,8_AJ_Core1,20.651429,5,2,9402,747.836845,1.374436,54.562859,0.079540188,0.535101728,-0.469495773,25.558098,-11.0,-14.594407,7,0,0,14,5.998724,11.784727,82.21655,0.0,90.210047,202.930552,104.00457,114.316513,56.246173,121.910708,58.218281,-20.651428,-1.982858,0.002265,1.0,-0.138571,False,False,DeltaTotalR_desc_then_StrategyNo_asc,12,
strategy-selection-is-v1.0.0,cc32f32e3df57cb03416d111e3cf848fb6b2edc7f193b6da90201a2462420359,aad041b8cbc03611cbe535060c4887f30f9341c5d0f0010158f1d923e830756d,research/strategy-selection-validation,2026-09-11T15:28:55+09:00,IS_2015_2021,6,6_GJ_Old_Mon,21.578,5,2,9461,746.910273,1.382899,54.719374,0.078946229,0.521070312,-0.4572599,25.303965,-11.0,-13.455836,7,0,0,14,6.035303,10.992496,82.972202,0.0,92.849476,210.68998,101.18057,107.690513,57.811888,126.509851,50.177996,-21.578,-2.236991,0.010728,1.0,1.0,False,False,DeltaTotalR_desc_then_StrategyNo_asc,13,
strategy-selection-is-v1.0.0,cc32f32e3df57cb03416d111e3cf848fb6b2edc7f193b6da90201a2462420359,aad041b8cbc03611cbe535060c4887f30f9341c5d0f0010158f1d923e830756d,research/strategy-selection-validation,2026-09-11T15:28:55+09:00,IS_2015_2021,28,28_GA_China_Demand,22.22,6,1,9409,746.268273,1.374349,54.596663,0.079314303,0.533342354,-0.468620451,26.415622,-11.0,-12.455836,7,0,0,14,5.515995,11.701562,82.782442,0.0,86.991476,207.600647,96.30657,112.576513,52.228554,128.389184,62.175329,-22.22,-1.125334,0.002178,1.0,2.0,False,False,DeltaTotalR_desc_then_StrategyNo_asc,14,
strategy-selection-is-v1.0.0,cc32f32e3df57cb03416d111e3cf848fb6b2edc7f193b6da90201a2462420359,aad041b8cbc03611cbe535060c4887f30f9341c5d0f0010158f1d923e830756d,research/strategy-selection-validation,2026-09-11T15:28:55+09:00,IS_2015_2021,20,20_EA_1A_MonTue_Short,23.644,5,2,9301,744.844273,1.381863,54.574777,0.080082171,0.531008078,-0.463534395,24.083388,-11.0,-12.455836,7,0,0,14,6.10687,11.493388,82.399742,0.0,88.529476,203.08598,95.70457,111.106513,56.865888,128.711851,60.839996,-23.644,-3.457568,0.009692,1.0,2.0,False,False,DeltaTotalR_desc_then_StrategyNo_asc,15,
strategy-selection-is-v1.0.0,cc32f32e3df57cb03416d111e3cf848fb6b2edc7f193b6da90201a2462420359,aad041b8cbc03611cbe535060c4887f30f9341c5d0f0010158f1d923e830756d,research/strategy-selection-validation,2026-09-11T15:28:55+09:00,IS_2015_2021,3,3_EJ_NightBlitz_21,28.336,7,0,9135,740.152273,1.376308,54.537493,0.081023785,0.543361904,-0.475320622,27.199622,-11.0,-14.465169,7,0,0,14,5.714286,12.118227,82.167488,0.0,86.443476,202.379314,99.85057,111.865847,49.080554,130.466518,60.065996,-28.336,-0.341334,0.004137,1.0,-0.009333,False,False,DeltaTotalR_desc_then_StrategyNo_asc,16,
strategy-selection-is-v1.0.0,cc32f32e3df57cb03416d111e3cf848fb6b2edc7f193b6da90201a2462420359,aad041b8cbc03611cbe535060c4887f30f9341c5d0f0010158f1d923e830756d,research/strategy-selection-validation,2026-09-11T15:28:55+09:00,IS_2015_2021,26,26_AJ_China_Demand,28.497778,7,0,9448,739.990496,1.369432,54.508891,0.078322449,0.532629149,-0.467892927,25.058733,-11.0,-13.455836,7,0,0,16,5.948349,11.706181,82.34547,0.0,88.43592,201.986425,96.147903,110.678735,54.099665,128.027851,60.613996,-28.497777,-2.482223,-0.002739,1.0,1.0,False,False,DeltaTotalR_desc_then_StrategyNo_asc,17,
strategy-selection-is-v1.0.0,cc32f32e3df57cb03416d111e3cf848fb6b2edc7f193b6da90201a2462420359,aad041b8cbc03611cbe535060c4887f30f9341c5d0f0010158f1d923e830756d,research/strategy-selection-validation,2026-09-11T15:28:55+09:00,IS_2015_2021,25,25_AU_China_Demand,32.9425,5,2,9142,735.545773,1.375099,54.583242,0.080457862,0.540377055,-0.473770411,25.380956,-11.0,-12.455836,7,0,0,13,5.742726,12.065194,82.192081,0.0,94.978976,198.77948,90.41707,113.086513,51.709388,125.327851,61.246496,-32.9425,-2.16,0.002928,1.0,2.0,False,False,DeltaTotalR_desc_then_StrategyNo_asc,18,
strategy-selection-is-v1.0.0,cc32f32e3df57cb03416d111e3cf848fb6b2edc7f193b6da90201a2462420359,aad041b8cbc03611cbe535060c4887f30f9341c5d0f0010158f1d923e830756d,research/strategy-selection-validation,2026-09-11T15:28:55+09:00,IS_2015_2021,27,27_EA_China_Demand,33.063333,7,0,9406,735.42494,1.368135,54.337657,0.078186789,0.534754257,-0.467080679,24.305298,-11.0,-12.455836,7,0,0,16,5.560281,11.694663,82.745056,0.0,91.268142,206.408647,92.102903,113.519847,53.746888,118.706184,59.672329,-33.063333,-3.235658,-0.004036,1.0,2.0,False,False,DeltaTotalR_desc_then_StrategyNo_asc,19,
strategy-selection-is-v1.0.0,cc32f32e3df57cb03416d111e3cf848fb6b2edc7f193b6da90201a2462420359,aad041b8cbc03611cbe535060c4887f30f9341c5d0f0010158f1d923e830756d,research/strategy-selection-validation,2026-09-11T15:28:55+09:00,IS_2015_2021,17,17_EA_1B_Wed_Short,35.625714,7,0,9541,732.862559,1.364559,54.449219,0.076811923,0.528033082,-0.464479969,26.818098,-12.0,-14.455836,7,0,0,15,5.974217,11.487265,82.538518,0.0,90.028619,205.510552,94.93457,114.255085,54.281888,120.500708,53.351138,-35.625714,-0.722858,-0.007612,0.0,0.0,False,False,DeltaTotalR_desc_then_StrategyNo_asc,20,
strategy-selection-is-v1.0.0,cc32f32e3df57cb03416d111e3cf848fb6b2edc7f193b6da90201a2462420359,aad041b8cbc03611cbe535060c4887f30f9341c5d0f0010158f1d923e830756d,research/strategy-selection-validation,2026-09-11T15:28:55+09:00,IS_2015_2021,19,19_EA_3_WedThu_Long,37.928889,7,0,9324,730.559385,1.370346,54.53668,0.078352572,0.531602558,-0.467339403,27.178336,-12.0,-14.455836,7,0,0,15,6.156156,11.711712,82.132132,0.0,81.469254,208.558647,91.67457,114.51318,54.797443,121.045629,58.500662,-37.928888,-0.36262,-0.001825,0.0,0.0,False,False,DeltaTotalR_desc_then_StrategyNo_asc,21,
strategy-selection-is-v1.0.0,cc32f32e3df57cb03416d111e3cf848fb6b2edc7f193b6da90201a2462420359,aad041b8cbc03611cbe535060c4887f30f9341c5d0f0010158f1d923e830756d,research/strategy-selection-validation,2026-09-11T15:28:55+09:00,IS_2015_2021,18,18_EA_2_MonWed_Short,38.745556,6,1,9183,729.742718,1.383014,54.655341,0.079466701,0.52500589,-0.459431359,26.003178,-11.0,-12.455836,7,0,0,14,6.065556,11.194599,82.739845,0.0,96.153698,194.007536,98.969014,113.797624,54.336332,115.543407,56.935107,-38.745555,-1.537778,0.010843,1.0,2.0,False,False,DeltaTotalR_desc_then_StrategyNo_asc,22,
strategy-selection-is-v1.0.0,cc32f32e3df57cb03416d111e3cf848fb6b2edc7f193b6da90201a2462420359,aad041b8cbc03611cbe535060c4887f30f9341c5d0f0010158f1d923e830756d,research/strategy-selection-validation,2026-09-11T15:28:55+09:00,IS_2015_2021,22,22_GA_C_2,39.377143,7,0,9482,729.111131,1.368966,54.492723,0.076894234,0.523553956,-0.459877161,29.211511,-12.0,-14.455836,7,0,0,18,5.104408,11.221261,83.67433,0.0,88.74719,204.957695,96.527427,112.122228,51.341888,125.933565,49.481138,-39.377142,1.670555,-0.003205,0.0,0.0,False,False,DeltaTotalR_desc_then_StrategyNo_asc,23,
strategy-selection-is-v1.0.0,cc32f32e3df57cb03416d111e3cf848fb6b2edc7f193b6da90201a2462420359,aad041b8cbc03611cbe535060c4887f30f9341c5d0f0010158f1d923e830756d,research/strategy-selection-validation,2026-09-11T15:28:55+09:00,IS_2015_2021,9,9_AJ_Core2,40.953333,7,0,9550,727.53494,1.365299,54.565445,0.076181669,0.521810082,-0.460915853,26.897622,-12.0,-14.455836,7,0,0,15,5.853403,11.256545,82.890052,0.0,89.351476,204.848647,97.83457,97.576513,53.815221,126.721184,57.387329,-40.953333,-0.643334,-0.006872,0.0,0.0,False,False,DeltaTotalR_desc_then_StrategyNo_asc,24,
strategy-selection-is-v1.0.0,cc32f32e3df57cb03416d111e3cf848fb6b2edc7f193b6da90201a2462420359,aad041b8cbc03611cbe535060c4887f30f9341c5d0f0010158f1d923e830756d,research/strategy-selection-validation,2026-09-11T15:28:55+09:00,IS_2015_2021,1,1_EJ_Log1,57.107143,6,1,9246,711.381131,1.366025,54.412719,0.076939339,0.527710283,-0.463075841,27.452384,-11.0,-13.455836,7,0,0,14,6.186459,11.496864,82.316677,0.0,82.815761,190.93198,107.13457,103.75937,46.35903,120.117851,60.262567,-57.107142,-0.088572,-0.006146,1.0,1.0,False,False,DeltaTotalR_desc_then_StrategyNo_asc,25,
strategy-selection-is-v1.0.0,cc32f32e3df57cb03416d111e3cf848fb6b2edc7f193b6da90201a2462420359,aad041b8cbc03611cbe535060c4887f30f9341c5d0f0010158f1d923e830756d,research/strategy-selection-validation,2026-09-11T15:28:55+09:00,IS_2015_2021,2,2_EJ_NightBlitz_20,58.262222,7,0,9134,710.226051,1.374577,54.477775,0.077756301,0.523774139,-0.457767761,26.223178,-11.0,-13.455836,7,0,0,14,5.616378,11.178016,83.205605,0.0,81.267031,195.990869,96.901237,107.954291,41.968554,128.95674,57.187329,-58.262222,-1.317778,0.002406,1.0,1.0,False,False,DeltaTotalR_desc_then_StrategyNo_asc,26,
strategy-selection-is-v1.0.0,cc32f32e3df57cb03416d111e3cf848fb6b2edc7f193b6da90201a2462420359,aad041b8cbc03611cbe535060c4887f30f9341c5d0f0010158f1d923e830756d,research/strategy-selection-validation,2026-09-11T15:28:55+09:00,IS_2015_2021,12,12_UJ_Short_Core,60.354,7,0,9429,708.134273,1.352436,54.342984,0.075101736,0.530325528,-0.468575964,28.266956,-12.0,-14.455836,7,0,0,15,6.013363,11.761587,82.22505,0.0,84.395476,200.74098,93.39257,110.522513,51.055888,112.693851,55.332996,-60.354,0.726,-0.019735,0.0,0.0,False,False,DeltaTotalR_desc_then_StrategyNo_asc,27,
strategy-selection-is-v1.0.0,cc32f32e3df57cb03416d111e3cf848fb6b2edc7f193b6da90201a2462420359,aad041b8cbc03611cbe535060c4887f30f9341c5d0f0010158f1d923e830756d,research/strategy-selection-validation,2026-09-11T15:28:55+09:00,IS_2015_2021,5,5_GJ_Port_Log2,71.441111,7,0,9013,697.047162,1.377629,54.676578,0.077337974,0.516010576,-0.453749497,32.067622,-12.0,-13.455836,7,0,0,15,6.368579,10.961944,82.669477,0.0,80.643698,178.857536,93.80457,104.288735,50.022999,129.913407,59.516218,-71.441111,4.526666,0.005458,0.0,1.0,False,False,DeltaTotalR_desc_then_StrategyNo_asc,28,
