Dataset,RiskPct,TradingWeekStart,WeekStartBalance,RiskAmountYen,Trades,WeekYenPnL,WeekReturnPct,WeekEndBalance
Global_H1_ATR_P70_Risk_2.0pct,0.02,2015-01-05 06:00:00,500000.0,10000.0,8,-6235.0,-1.25,493765.0
Global_H1_ATR_P70_Risk_2.0pct,0.02,2015-01-12 06:00:00,493765.0,9875.0,11,-9512.0,-1.93,484253.0
Global_H1_ATR_P70_Risk_2.0pct,0.02,2015-01-19 06:00:00,484253.0,9685.0,3,-708.0,-0.15,483544.0
Global_H1_ATR_P70_Risk_2.0pct,0.02,2015-01-26 06:00:00,483544.0,9671.0,1,3926.0,0.81,487471.0
Global_H1_ATR_P70_Risk_2.0pct,0.02,2015-02-09 06:00:00,487471.0,9749.0,9,27408.0,5.62,514879.0
Global_H1_ATR_P70_Risk_2.0pct,0.02,2015-02-16 06:00:00,514879.0,10298.0,17,-68.0,-0.01,514811.0
Global_H1_ATR_P70_Risk_2.0pct,0.02,2015-02-23 06:00:00,514811.0,10296.0,15,-4597.0,-0.89,510214.0
Global_H1_ATR_P70_Risk_2.0pct,0.02,2015-03-02 06:00:00,510214.0,10204.0,18,-10244.0,-2.01,499970.0
Global_H1_ATR_P70_Risk_2.0pct,0.02,2015-03-09 06:00:00,499970.0,9999.0,18,49108.0,9.82,549078.0
Global_H1_ATR_P70_Risk_2.0pct,0.02,2015-03-16 06:00:00,549078.0,10982.0,10,24666.0,4.49,573744.0
Global_H1_ATR_P70_Risk_2.0pct,0.02,2015-03-23 06:00:00,573744.0,11475.0,14,-8741.0,-1.52,565004.0
Global_H1_ATR_P70_Risk_2.0pct,0.02,2015-03-30 06:00:00,565004.0,11300.0,7,9944.0,1.76,574948.0
Global_H1_ATR_P70_Risk_2.0pct,0.02,2015-04-06 06:00:00,574948.0,11499.0,24,-14415.0,-2.51,560533.0
Global_H1_ATR_P70_Risk_2.0pct,0.02,2015-04-13 06:00:00,560533.0,11211.0,13,-52605.0,-9.38,507928.0
Global_H1_ATR_P70_Risk_2.0pct,0.02,2015-04-20 06:00:00,507928.0,10159.0,22,3179.0,0.63,511106.0
Global_H1_ATR_P70_Risk_2.0pct,0.02,2015-04-27 06:00:00,511106.0,10222.0,14,66992.0,13.11,578098.0
Global_H1_ATR_P70_Risk_2.0pct,0.02,2015-05-04 06:00:00,578098.0,11562.0,10,36348.0,6.29,614446.0
Global_H1_ATR_P70_Risk_2.0pct,0.02,2015-05-11 06:00:00,614446.0,12289.0,8,22317.0,3.63,636763.0
Global_H1_ATR_P70_Risk_2.0pct,0.02,2015-05-18 06:00:00,636763.0,12735.0,16,-11861.0,-1.86,624903.0
Global_H1_ATR_P70_Risk_2.0pct,0.02,2015-05-25 06:00:00,624903.0,12498.0,23,-30078.0,-4.81,594825.0
Global_H1_ATR_P70_Risk_2.0pct,0.02,2015-06-01 06:00:00,594825.0,11896.0,6,16548.0,2.78,611373.0
Global_H1_ATR_P70_Risk_2.0pct,0.02,2015-06-08 06:00:00,611373.0,12227.0,12,-42640.0,-6.97,568733.0
Global_H1_ATR_P70_Risk_2.0pct,0.02,2015-06-15 06:00:00,568733.0,11375.0,9,-13158.0,-2.31,555575.0
Global_H1_ATR_P70_Risk_2.0pct,0.02,2015-06-22 06:00:00,555575.0,11112.0,26,-1637.0,-0.29,553939.0
Global_H1_ATR_P70_Risk_2.0pct,0.02,2015-06-29 06:00:00,553939.0,11079.0,3,16630.0,3.0,570569.0
Global_H1_ATR_P70_Risk_2.0pct,0.02,2015-07-06 06:00:00,570569.0,11411.0,1,37683.0,6.6,608252.0
Global_H1_ATR_P70_Risk_2.0pct,0.02,2015-07-13 06:00:00,608252.0,12165.0,7,9530.0,1.57,617782.0
Global_H1_ATR_P70_Risk_2.0pct,0.02,2015-07-20 06:00:00,617782.0,12356.0,23,7317.0,1.18,625099.0
Global_H1_ATR_P70_Risk_2.0pct,0.02,2015-07-27 06:00:00,625099.0,12502.0,17,-30225.0,-4.84,594874.0
Global_H1_ATR_P70_Risk_2.0pct,0.02,2015-08-03 06:00:00,594874.0,11897.0,18,31043.0,5.22,625917.0
Global_H1_ATR_P70_Risk_2.0pct,0.02,2015-08-10 06:00:00,625917.0,12518.0,17,90721.0,14.49,716638.0
Global_H1_ATR_P70_Risk_2.0pct,0.02,2015-08-17 06:00:00,716638.0,14333.0,10,-15014.0,-2.1,701624.0
Global_H1_ATR_P70_Risk_2.0pct,0.02,2015-08-31 06:00:00,701624.0,14032.0,4,46391.0,6.61,748016.0
Global_H1_ATR_P70_Risk_2.0pct,0.02,2015-09-07 06:00:00,748016.0,14960.0,6,10616.0,1.42,758632.0
Global_H1_ATR_P70_Risk_2.0pct,0.02,2015-09-14 06:00:00,758632.0,15173.0,5,-56114.0,-7.4,702518.0
Global_H1_ATR_P70_Risk_2.0pct,0.02,2015-09-21 06:00:00,702518.0,14050.0,7,52371.0,7.45,754889.0
Global_H1_ATR_P70_Risk_2.0pct,0.02,2015-09-28 06:00:00,754889.0,15098.0,9,-34197.0,-4.53,720693.0
Global_H1_ATR_P70_Risk_2.0pct,0.02,2015-10-05 06:00:00,720693.0,14414.0,6,-22963.0,-3.19,697730.0
Global_H1_ATR_P70_Risk_2.0pct,0.02,2015-10-12 06:00:00,697730.0,13955.0,10,-4009.0,-0.57,693721.0
Global_H1_ATR_P70_Risk_2.0pct,0.02,2015-10-19 06:00:00,693721.0,13874.0,17,-34089.0,-4.91,659632.0
Global_H1_ATR_P70_Risk_2.0pct,0.02,2015-10-26 06:00:00,659632.0,13193.0,10,17101.0,2.59,676734.0
Global_H1_ATR_P70_Risk_2.0pct,0.02,2015-11-02 06:00:00,676734.0,13535.0,15,-6405.0,-0.95,670329.0
Global_H1_ATR_P70_Risk_2.0pct,0.02,2015-11-09 06:00:00,670329.0,13407.0,35,45037.0,6.72,715366.0
Global_H1_ATR_P70_Risk_2.0pct,0.02,2015-11-16 06:00:00,715366.0,14307.0,17,21212.0,2.97,736577.0
Global_H1_ATR_P70_Risk_2.0pct,0.02,2015-11-23 06:00:00,736577.0,14732.0,28,-9855.0,-1.34,726723.0
Global_H1_ATR_P70_Risk_2.0pct,0.02,2015-11-30 06:00:00,726723.0,14534.0,19,125658.0,17.29,852381.0
Global_H1_ATR_P70_Risk_2.0pct,0.02,2015-12-07 06:00:00,852381.0,17048.0,14,48892.0,5.74,901273.0
Global_H1_ATR_P70_Risk_2.0pct,0.02,2015-12-14 06:00:00,901273.0,18025.0,2,24835.0,2.76,926109.0
Global_H1_ATR_P70_Risk_2.0pct,0.02,2015-12-21 06:00:00,926109.0,18522.0,16,34761.0,3.75,960870.0
Global_H1_ATR_P70_Risk_2.0pct,0.02,2016-01-04 06:00:00,960870.0,19217.0,3,-57652.0,-6.0,903218.0
Global_H1_ATR_P70_Risk_2.0pct,0.02,2016-01-11 06:00:00,903218.0,18064.0,3,23647.0,2.62,926865.0
Global_H1_ATR_P70_Risk_2.0pct,0.02,2016-01-18 06:00:00,926865.0,18537.0,3,2201.0,0.24,929066.0
Global_H1_ATR_P70_Risk_2.0pct,0.02,2016-01-25 06:00:00,929066.0,18581.0,6,62202.0,6.7,991268.0
Global_H1_ATR_P70_Risk_2.0pct,0.02,2016-02-01 06:00:00,991268.0,19825.0,4,20187.0,2.04,1011454.0
Global_H1_ATR_P70_Risk_2.0pct,0.02,2016-02-08 06:00:00,1011454.0,20229.0,1,-20229.0,-2.0,991225.0
Global_H1_ATR_P70_Risk_2.0pct,0.02,2016-02-15 06:00:00,991225.0,19825.0,1,58835.0,5.94,1050060.0
Global_H1_ATR_P70_Risk_2.0pct,0.02,2016-02-22 06:00:00,1050060.0,21001.0,3,-7607.0,-0.72,1042453.0
Global_H1_ATR_P70_Risk_2.0pct,0.02,2016-02-29 06:00:00,1042453.0,20849.0,2,-41698.0,-4.0,1000755.0
Global_H1_ATR_P70_Risk_2.0pct,0.02,2016-03-07 06:00:00,1000755.0,20015.0,5,129024.0,12.89,1129779.0
Global_H1_ATR_P70_Risk_2.0pct,0.02,2016-03-14 06:00:00,1129779.0,22596.0,5,-45707.0,-4.05,1084072.0
Global_H1_ATR_P70_Risk_2.0pct,0.02,2016-03-21 06:00:00,1084072.0,21681.0,22,-17456.0,-1.61,1066617.0
Global_H1_ATR_P70_Risk_2.0pct,0.02,2016-03-28 06:00:00,1066617.0,21332.0,21,96469.0,9.04,1163086.0
Global_H1_ATR_P70_Risk_2.0pct,0.02,2016-04-04 06:00:00,1163086.0,23262.0,8,52531.0,4.52,1215616.0
Global_H1_ATR_P70_Risk_2.0pct,0.02,2016-04-11 06:00:00,1215616.0,24312.0,5,-3641.0,-0.3,1211975.0
Global_H1_ATR_P70_Risk_2.0pct,0.02,2016-04-18 06:00:00,1211975.0,24239.0,8,40051.0,3.3,1252025.0
Global_H1_ATR_P70_Risk_2.0pct,0.02,2016-04-25 06:00:00,1252025.0,25041.0,8,38247.0,3.05,1290272.0
Global_H1_ATR_P70_Risk_2.0pct,0.02,2016-05-02 06:00:00,1290272.0,25805.0,6,5907.0,0.46,1296179.0
Global_H1_ATR_P70_Risk_2.0pct,0.02,2016-05-09 06:00:00,1296179.0,25924.0,16,81414.0,6.28,1377593.0
Global_H1_ATR_P70_Risk_2.0pct,0.02,2016-05-16 06:00:00,1377593.0,27552.0,11,62815.0,4.56,1440408.0
Global_H1_ATR_P70_Risk_2.0pct,0.02,2016-05-23 06:00:00,1440408.0,28808.0,28,-117917.0,-8.19,1322491.0
Global_H1_ATR_P70_Risk_2.0pct,0.02,2016-05-30 06:00:00,1322491.0,26450.0,10,-22796.0,-1.72,1299695.0
Global_H1_ATR_P70_Risk_2.0pct,0.02,2016-06-06 06:00:00,1299695.0,25994.0,11,45256.0,3.48,1344951.0
Global_H1_ATR_P70_Risk_2.0pct,0.02,2016-06-13 06:00:00,1344951.0,26899.0,6,81840.0,6.08,1426792.0
Global_H1_ATR_P70_Risk_2.0pct,0.02,2016-06-20 06:00:00,1426792.0,28536.0,7,89729.0,6.29,1516521.0
Global_H1_ATR_P70_Risk_2.0pct,0.02,2016-06-27 06:00:00,1516521.0,30330.0,1,-5172.0,-0.34,1511349.0
Global_H1_ATR_P70_Risk_2.0pct,0.02,2016-07-04 06:00:00,1511349.0,30227.0,7,123884.0,8.2,1635233.0
Global_H1_ATR_P70_Risk_2.0pct,0.02,2016-07-11 06:00:00,1635233.0,32705.0,13,344706.0,21.08,1979939.0
Global_H1_ATR_P70_Risk_2.0pct,0.02,2016-07-18 06:00:00,1979939.0,39599.0,6,-23495.0,-1.19,1956444.0
Global_H1_ATR_P70_Risk_2.0pct,0.02,2016-07-25 06:00:00,1956444.0,39129.0,9,151902.0,7.76,2108346.0
Global_H1_ATR_P70_Risk_2.0pct,0.02,2016-08-01 06:00:00,2108346.0,42167.0,7,33657.0,1.6,2142004.0
Global_H1_ATR_P70_Risk_2.0pct,0.02,2016-08-08 06:00:00,2142004.0,42840.0,23,410745.0,19.18,2552749.0
Global_H1_ATR_P70_Risk_2.0pct,0.02,2016-08-15 06:00:00,2552749.0,51055.0,15,42824.0,1.68,2595573.0
Global_H1_ATR_P70_Risk_2.0pct,0.02,2016-08-22 06:00:00,2595573.0,51911.0,23,-18240.0,-0.7,2577332.0
Global_H1_ATR_P70_Risk_2.0pct,0.02,2016-08-29 06:00:00,2577332.0,51547.0,14,20219.0,0.78,2597551.0
Global_H1_ATR_P70_Risk_2.0pct,0.02,2016-09-05 06:00:00,2597551.0,51951.0,15,-24713.0,-0.95,2572838.0
Global_H1_ATR_P70_Risk_2.0pct,0.02,2016-09-12 06:00:00,2572838.0,51457.0,21,-524248.0,-20.38,2048590.0
Global_H1_ATR_P70_Risk_2.0pct,0.02,2016-09-19 06:00:00,2048590.0,40972.0,22,174673.0,8.53,2223263.0
Global_H1_ATR_P70_Risk_2.0pct,0.02,2016-09-26 06:00:00,2223263.0,44465.0,25,-63375.0,-2.85,2159888.0
Global_H1_ATR_P70_Risk_2.0pct,0.02,2016-10-03 06:00:00,2159888.0,43198.0,11,-46944.0,-2.17,2112944.0
Global_H1_ATR_P70_Risk_2.0pct,0.02,2016-10-10 06:00:00,2112944.0,42259.0,10,177310.0,8.39,2290254.0
Global_H1_ATR_P70_Risk_2.0pct,0.02,2016-10-17 06:00:00,2290254.0,45805.0,15,-4505.0,-0.2,2285749.0
Global_H1_ATR_P70_Risk_2.0pct,0.02,2016-10-24 06:00:00,2285749.0,45715.0,24,253408.0,11.09,2539156.0
Global_H1_ATR_P70_Risk_2.0pct,0.02,2016-10-31 06:00:00,2539156.0,50783.0,9,-6134.0,-0.24,2533022.0
Global_H1_ATR_P70_Risk_2.0pct,0.02,2016-11-07 06:00:00,2533022.0,50660.0,5,57729.0,2.28,2590751.0
Global_H1_ATR_P70_Risk_2.0pct,0.02,2016-11-14 06:00:00,2590751.0,51815.0,1,38249.0,1.48,2629000.0
Global_H1_ATR_P70_Risk_2.0pct,0.02,2016-11-21 06:00:00,2629000.0,52580.0,18,431931.0,16.43,3060931.0
Global_H1_ATR_P70_Risk_2.0pct,0.02,2016-11-28 06:00:00,3060931.0,61219.0,5,104995.0,3.43,3165926.0
Global_H1_ATR_P70_Risk_2.0pct,0.02,2016-12-05 06:00:00,3165926.0,63319.0,12,252301.0,7.97,3418227.0
Global_H1_ATR_P70_Risk_2.0pct,0.02,2016-12-12 06:00:00,3418227.0,68365.0,12,120385.0,3.52,3538612.0
Global_H1_ATR_P70_Risk_2.0pct,0.02,2016-12-19 06:00:00,3538612.0,70772.0,22,-230508.0,-6.51,3308104.0
Global_H1_ATR_P70_Risk_2.0pct,0.02,2017-01-02 06:00:00,3308104.0,66162.0,7,238730.0,7.22,3546833.0
Global_H1_ATR_P70_Risk_2.0pct,0.02,2017-01-09 06:00:00,3546833.0,70937.0,29,99289.0,2.8,3646122.0
Global_H1_ATR_P70_Risk_2.0pct,0.02,2017-01-16 06:00:00,3646122.0,72922.0,9,-193150.0,-5.3,3452973.0
Global_H1_ATR_P70_Risk_2.0pct,0.02,2017-01-23 06:00:00,3452973.0,69059.0,17,-226672.0,-6.56,3226301.0
Global_H1_ATR_P70_Risk_2.0pct,0.02,2017-01-30 06:00:00,3226301.0,64526.0,9,-285417.0,-8.85,2940884.0
Global_H1_ATR_P70_Risk_2.0pct,0.02,2017-02-06 06:00:00,2940884.0,58818.0,27,76748.0,2.61,3017631.0
Global_H1_ATR_P70_Risk_2.0pct,0.02,2017-02-13 06:00:00,3017631.0,60353.0,26,391643.0,12.98,3409274.0
Global_H1_ATR_P70_Risk_2.0pct,0.02,2017-02-20 06:00:00,3409274.0,68185.0,26,512706.0,15.04,3921980.0
Global_H1_ATR_P70_Risk_2.0pct,0.02,2017-02-27 06:00:00,3921980.0,78440.0,21,779202.0,19.87,4701183.0
Global_H1_ATR_P70_Risk_2.0pct,0.02,2017-03-06 06:00:00,4701183.0,94024.0,28,420648.0,8.95,5121831.0
Global_H1_ATR_P70_Risk_2.0pct,0.02,2017-03-13 06:00:00,5121831.0,102437.0,25,1239882.0,24.21,6361713.0
Global_H1_ATR_P70_Risk_2.0pct,0.02,2017-03-20 06:00:00,6361713.0,127234.0,27,-404405.0,-6.36,5957308.0
Global_H1_ATR_P70_Risk_2.0pct,0.02,2017-03-27 06:00:00,5957308.0,119146.0,30,526217.0,8.83,6483525.0
Global_H1_ATR_P70_Risk_2.0pct,0.02,2017-04-03 06:00:00,6483525.0,129671.0,22,-879430.0,-13.56,5604095.0
Global_H1_ATR_P70_Risk_2.0pct,0.02,2017-04-10 06:00:00,5604095.0,112082.0,37,-174773.0,-3.12,5429322.0
Global_H1_ATR_P70_Risk_2.0pct,0.02,2017-04-17 06:00:00,5429322.0,108586.0,27,-48771.0,-0.9,5380550.0
Global_H1_ATR_P70_Risk_2.0pct,0.02,2017-04-24 06:00:00,5380550.0,107611.0,16,-359951.0,-6.69,5020599.0
Global_H1_ATR_P70_Risk_2.0pct,0.02,2017-05-01 06:00:00,5020599.0,100412.0,13,50381.0,1.0,5070980.0
Global_H1_ATR_P70_Risk_2.0pct,0.02,2017-05-08 06:00:00,5070980.0,101420.0,28,-296181.0,-5.84,4774799.0
Global_H1_ATR_P70_Risk_2.0pct,0.02,2017-05-15 06:00:00,4774799.0,95496.0,27,250838.0,5.25,5025637.0
Global_H1_ATR_P70_Risk_2.0pct,0.02,2017-05-22 06:00:00,5025637.0,100513.0,30,637315.0,12.68,5662951.0
Global_H1_ATR_P70_Risk_2.0pct,0.02,2017-05-29 06:00:00,5662951.0,113259.0,18,-20024.0,-0.35,5642927.0
Global_H1_ATR_P70_Risk_2.0pct,0.02,2017-06-05 06:00:00,5642927.0,112859.0,21,1168159.0,20.7,6811086.0
Global_H1_ATR_P70_Risk_2.0pct,0.02,2017-06-12 06:00:00,6811086.0,136222.0,24,-790916.0,-11.61,6020170.0
Global_H1_ATR_P70_Risk_2.0pct,0.02,2017-06-19 06:00:00,6020170.0,120403.0,29,198078.0,3.29,6218249.0
Global_H1_ATR_P70_Risk_2.0pct,0.02,2017-06-26 06:00:00,6218249.0,124365.0,27,526328.0,8.46,6744576.0
Global_H1_ATR_P70_Risk_2.0pct,0.02,2017-07-03 06:00:00,6744576.0,134892.0,23,363933.0,5.4,7108509.0
Global_H1_ATR_P70_Risk_2.0pct,0.02,2017-07-10 06:00:00,7108509.0,142170.0,40,-84211.0,-1.18,7024299.0
Global_H1_ATR_P70_Risk_2.0pct,0.02,2017-07-17 06:00:00,7024299.0,140486.0,22,536122.0,7.63,7560421.0
Global_H1_ATR_P70_Risk_2.0pct,0.02,2017-07-24 06:00:00,7560421.0,151208.0,24,878044.0,11.61,8438465.0
Global_H1_ATR_P70_Risk_2.0pct,0.02,2017-07-31 06:00:00,8438465.0,168769.0,18,1054141.0,12.49,9492605.0
Global_H1_ATR_P70_Risk_2.0pct,0.02,2017-08-07 06:00:00,9492605.0,189852.0,20,791996.0,8.34,10284601.0
Global_H1_ATR_P70_Risk_2.0pct,0.02,2017-08-14 06:00:00,10284601.0,205692.0,19,546717.0,5.32,10831318.0
Global_H1_ATR_P70_Risk_2.0pct,0.02,2017-08-21 06:00:00,10831318.0,216626.0,22,-5977.0,-0.06,10825341.0
Global_H1_ATR_P70_Risk_2.0pct,0.02,2017-08-28 06:00:00,10825341.0,216507.0,13,535135.0,4.94,11360476.0
Global_H1_ATR_P70_Risk_2.0pct,0.02,2017-09-04 06:00:00,11360476.0,227210.0,21,-686298.0,-6.04,10674178.0
Global_H1_ATR_P70_Risk_2.0pct,0.02,2017-09-11 06:00:00,10674178.0,213484.0,36,1096831.0,10.28,11771009.0
Global_H1_ATR_P70_Risk_2.0pct,0.02,2017-09-18 06:00:00,11771009.0,235420.0,18,-8070.0,-0.07,11762939.0
Global_H1_ATR_P70_Risk_2.0pct,0.02,2017-09-25 06:00:00,11762939.0,235259.0,27,-1089342.0,-9.26,10673597.0
Global_H1_ATR_P70_Risk_2.0pct,0.02,2017-10-02 06:00:00,10673597.0,213472.0,17,-51179.0,-0.48,10622419.0
Global_H1_ATR_P70_Risk_2.0pct,0.02,2017-10-09 06:00:00,10622419.0,212448.0,16,736126.0,6.93,11358545.0
Global_H1_ATR_P70_Risk_2.0pct,0.02,2017-10-16 06:00:00,11358545.0,227171.0,21,737403.0,6.49,12095948.0
Global_H1_ATR_P70_Risk_2.0pct,0.02,2017-10-23 06:00:00,12095948.0,241919.0,24,-668749.0,-5.53,11427199.0
Global_H1_ATR_P70_Risk_2.0pct,0.02,2017-10-30 06:00:00,11427199.0,228544.0,10,-141516.0,-1.24,11285683.0
Global_H1_ATR_P70_Risk_2.0pct,0.02,2017-11-06 06:00:00,11285683.0,225714.0,35,481320.0,4.26,11767002.0
Global_H1_ATR_P70_Risk_2.0pct,0.02,2017-11-13 06:00:00,11767002.0,235340.0,32,1396147.0,11.86,13163149.0
Global_H1_ATR_P70_Risk_2.0pct,0.02,2017-11-20 06:00:00,13163149.0,263263.0,29,-675022.0,-5.13,12488128.0
Global_H1_ATR_P70_Risk_2.0pct,0.02,2017-11-27 06:00:00,12488128.0,249763.0,27,376775.0,3.02,12864903.0
Global_H1_ATR_P70_Risk_2.0pct,0.02,2017-12-04 06:00:00,12864903.0,257298.0,14,-38800.0,-0.3,12826102.0
Global_H1_ATR_P70_Risk_2.0pct,0.02,2017-12-11 06:00:00,12826102.0,256522.0,28,1939040.0,15.12,14765142.0
Global_H1_ATR_P70_Risk_2.0pct,0.02,2017-12-18 06:00:00,14765142.0,295303.0,24,725978.0,4.92,15491121.0
Global_H1_ATR_P70_Risk_2.0pct,0.02,2018-01-01 06:00:00,15491121.0,309822.0,4,-396327.0,-2.56,15094794.0
Global_H1_ATR_P70_Risk_2.0pct,0.02,2018-01-08 06:00:00,15094794.0,301896.0,35,-955084.0,-6.33,14139710.0
Global_H1_ATR_P70_Risk_2.0pct,0.02,2018-01-15 06:00:00,14139710.0,282794.0,20,1547895.0,10.95,15687605.0
Global_H1_ATR_P70_Risk_2.0pct,0.02,2018-01-22 06:00:00,15687605.0,313752.0,22,3049491.0,19.44,18737096.0
Global_H1_ATR_P70_Risk_2.0pct,0.02,2018-01-29 06:00:00,18737096.0,374742.0,9,1105144.0,5.9,19842240.0
Global_H1_ATR_P70_Risk_2.0pct,0.02,2018-02-05 06:00:00,19842240.0,396845.0,7,-821808.0,-4.14,19020432.0
Global_H1_ATR_P70_Risk_2.0pct,0.02,2018-02-12 06:00:00,19020432.0,380409.0,14,242573.0,1.28,19263005.0
Global_H1_ATR_P70_Risk_2.0pct,0.02,2018-02-19 06:00:00,19263005.0,385260.0,27,-853426.0,-4.43,18409579.0
Global_H1_ATR_P70_Risk_2.0pct,0.02,2018-02-26 06:00:00,18409579.0,368192.0,20,-401494.0,-2.18,18008086.0
Global_H1_ATR_P70_Risk_2.0pct,0.02,2018-03-05 06:00:00,18008086.0,360162.0,9,877803.0,4.87,18885889.0
Global_H1_ATR_P70_Risk_2.0pct,0.02,2018-03-12 06:00:00,18885889.0,377718.0,41,3402088.0,18.01,22287977.0
Global_H1_ATR_P70_Risk_2.0pct,0.02,2018-03-19 06:00:00,22287977.0,445760.0,15,2486543.0,11.16,24774520.0
Global_H1_ATR_P70_Risk_2.0pct,0.02,2018-03-26 06:00:00,24774520.0,495490.0,29,1301474.0,5.25,26075993.0
Global_H1_ATR_P70_Risk_2.0pct,0.02,2018-04-02 06:00:00,26075993.0,521520.0,22,-3383124.0,-12.97,22692869.0
Global_H1_ATR_P70_Risk_2.0pct,0.02,2018-04-09 06:00:00,22692869.0,453857.0,44,1374795.0,6.06,24067664.0
Global_H1_ATR_P70_Risk_2.0pct,0.02,2018-04-16 06:00:00,24067664.0,481353.0,28,608756.0,2.53,24676420.0
Global_H1_ATR_P70_Risk_2.0pct,0.02,2018-04-23 06:00:00,24676420.0,493528.0,29,-322672.0,-1.31,24353748.0
Global_H1_ATR_P70_Risk_2.0pct,0.02,2018-04-30 06:00:00,24353748.0,487075.0,15,748982.0,3.08,25102731.0
Global_H1_ATR_P70_Risk_2.0pct,0.02,2018-05-07 06:00:00,25102731.0,502055.0,34,-431951.0,-1.72,24670780.0
Global_H1_ATR_P70_Risk_2.0pct,0.02,2018-05-14 06:00:00,24670780.0,493416.0,36,-69859.0,-0.28,24600921.0
Global_H1_ATR_P70_Risk_2.0pct,0.02,2018-05-21 06:00:00,24600921.0,492018.0,26,-453588.0,-1.84,24147333.0
Global_H1_ATR_P70_Risk_2.0pct,0.02,2018-05-28 06:00:00,24147333.0,482947.0,15,738660.0,3.06,24885993.0
Global_H1_ATR_P70_Risk_2.0pct,0.02,2018-06-04 06:00:00,24885993.0,497720.0,19,2991940.0,12.02,27877932.0
Global_H1_ATR_P70_Risk_2.0pct,0.02,2018-06-11 06:00:00,27877932.0,557559.0,22,-2078.0,-0.01,27875855.0
Global_H1_ATR_P70_Risk_2.0pct,0.02,2018-06-18 06:00:00,27875855.0,557517.0,21,-347169.0,-1.25,27528686.0
Global_H1_ATR_P70_Risk_2.0pct,0.02,2018-06-25 06:00:00,27528686.0,550574.0,31,-1002904.0,-3.64,26525781.0
Global_H1_ATR_P70_Risk_2.0pct,0.02,2018-07-02 06:00:00,26525781.0,530516.0,23,-1445060.0,-5.45,25080721.0
Global_H1_ATR_P70_Risk_2.0pct,0.02,2018-07-09 06:00:00,25080721.0,501614.0,42,2620686.0,10.45,27701407.0
Global_H1_ATR_P70_Risk_2.0pct,0.02,2018-07-16 06:00:00,27701407.0,554028.0,28,2338288.0,8.44,30039695.0
Global_H1_ATR_P70_Risk_2.0pct,0.02,2018-07-23 06:00:00,30039695.0,600794.0,31,1139222.0,3.79,31178917.0
Global_H1_ATR_P70_Risk_2.0pct,0.02,2018-07-30 06:00:00,31178917.0,623578.0,12,974652.0,3.13,32153568.0
Global_H1_ATR_P70_Risk_2.0pct,0.02,2018-08-06 06:00:00,32153568.0,643071.0,22,467798.0,1.45,32621366.0
Global_H1_ATR_P70_Risk_2.0pct,0.02,2018-08-13 06:00:00,32621366.0,652427.0,13,-1249629.0,-3.83,31371738.0
Global_H1_ATR_P70_Risk_2.0pct,0.02,2018-08-20 06:00:00,31371738.0,627435.0,23,-659278.0,-2.1,30712460.0
Global_H1_ATR_P70_Risk_2.0pct,0.02,2018-08-27 06:00:00,30712460.0,614249.0,20,6195136.0,20.17,36907596.0
Global_H1_ATR_P70_Risk_2.0pct,0.02,2018-09-03 06:00:00,36907596.0,738152.0,20,717873.0,1.95,37625470.0
Global_H1_ATR_P70_Risk_2.0pct,0.02,2018-09-10 06:00:00,37625470.0,752509.0,39,9099708.0,24.18,46725178.0
Global_H1_ATR_P70_Risk_2.0pct,0.02,2018-09-17 06:00:00,46725178.0,934504.0,26,10695151.0,22.89,57420329.0
Global_H1_ATR_P70_Risk_2.0pct,0.02,2018-09-24 06:00:00,57420329.0,1148407.0,28,728764.0,1.27,58149093.0
Global_H1_ATR_P70_Risk_2.0pct,0.02,2018-10-01 06:00:00,58149093.0,1162982.0,13,3661318.0,6.3,61810411.0
Global_H1_ATR_P70_Risk_2.0pct,0.02,2018-10-08 06:00:00,61810411.0,1236208.0,14,-4252738.0,-6.88,57557673.0
Global_H1_ATR_P70_Risk_2.0pct,0.02,2018-10-15 06:00:00,57557673.0,1151153.0,19,-600224.0,-1.04,56957449.0
Global_H1_ATR_P70_Risk_2.0pct,0.02,2018-10-22 06:00:00,56957449.0,1139149.0,24,-8628649.0,-15.15,48328800.0
Global_H1_ATR_P70_Risk_2.0pct,0.02,2018-10-29 06:00:00,48328800.0,966576.0,8,-1416050.0,-2.93,46912750.0
Global_H1_ATR_P70_Risk_2.0pct,0.02,2018-11-05 06:00:00,46912750.0,938255.0,25,2738198.0,5.84,49650949.0
Global_H1_ATR_P70_Risk_2.0pct,0.02,2018-11-12 06:00:00,49650949.0,993019.0,26,1169243.0,2.35,50820191.0
Global_H1_ATR_P70_Risk_2.0pct,0.02,2018-11-19 06:00:00,50820191.0,1016404.0,27,-1553291.0,-3.06,49266900.0
Global_H1_ATR_P70_Risk_2.0pct,0.02,2018-11-26 06:00:00,49266900.0,985338.0,32,8590909.0,17.44,57857809.0
Global_H1_ATR_P70_Risk_2.0pct,0.02,2018-12-03 06:00:00,57857809.0,1157156.0,17,2557762.0,4.42,60415570.0
Global_H1_ATR_P70_Risk_2.0pct,0.02,2018-12-10 06:00:00,60415570.0,1208311.0,24,1166728.0,1.93,61582299.0
Global_H1_ATR_P70_Risk_2.0pct,0.02,2018-12-17 06:00:00,61582299.0,1231646.0,17,-2036087.0,-3.31,59546212.0
Global_H1_ATR_P70_Risk_2.0pct,0.02,2018-12-24 06:00:00,59546212.0,1190924.0,4,-865632.0,-1.45,58680580.0
Global_H1_ATR_P70_Risk_2.0pct,0.02,2019-01-07 06:00:00,58680580.0,1173612.0,22,8597234.0,14.65,67277814.0
Global_H1_ATR_P70_Risk_2.0pct,0.02,2019-01-14 06:00:00,67277814.0,1345556.0,23,-1784803.0,-2.65,65493010.0
Global_H1_ATR_P70_Risk_2.0pct,0.02,2019-01-21 06:00:00,65493010.0,1309860.0,23,-2076446.0,-3.17,63416565.0
Global_H1_ATR_P70_Risk_2.0pct,0.02,2019-01-28 06:00:00,63416565.0,1268331.0,15,-967083.0,-1.52,62449482.0
Global_H1_ATR_P70_Risk_2.0pct,0.02,2019-02-04 06:00:00,62449482.0,1248990.0,21,-1451609.0,-2.32,60997874.0
Global_H1_ATR_P70_Risk_2.0pct,0.02,2019-02-11 06:00:00,60997874.0,1219957.0,35,10880754.0,17.84,71878628.0
Global_H1_ATR_P70_Risk_2.0pct,0.02,2019-02-18 06:00:00,71878628.0,1437573.0,21,844574.0,1.18,72723202.0
Global_H1_ATR_P70_Risk_2.0pct,0.02,2019-02-25 06:00:00,72723202.0,1454464.0,25,6215299.0,8.55,78938501.0
Global_H1_ATR_P70_Risk_2.0pct,0.02,2019-03-04 06:00:00,78938501.0,1578770.0,20,-4080939.0,-5.17,74857562.0
Global_H1_ATR_P70_Risk_2.0pct,0.02,2019-03-11 06:00:00,74857562.0,1497151.0,30,7260670.0,9.7,82118232.0
Global_H1_ATR_P70_Risk_2.0pct,0.02,2019-03-18 06:00:00,82118232.0,1642365.0,19,-2125141.0,-2.59,79993092.0
Global_H1_ATR_P70_Risk_2.0pct,0.02,2019-03-25 06:00:00,79993092.0,1599862.0,27,1927467.0,2.41,81920558.0
Global_H1_ATR_P70_Risk_2.0pct,0.02,2019-04-01 06:00:00,81920558.0,1638411.0,20,4005201.0,4.89,85925759.0
Global_H1_ATR_P70_Risk_2.0pct,0.02,2019-04-08 06:00:00,85925759.0,1718515.0,38,7040484.0,8.19,92966243.0
Global_H1_ATR_P70_Risk_2.0pct,0.02,2019-04-15 06:00:00,92966243.0,1859325.0,31,3060276.0,3.29,96026519.0
Global_H1_ATR_P70_Risk_2.0pct,0.02,2019-04-22 06:00:00,96026519.0,1920530.0,28,-5323263.0,-5.54,90703256.0
Global_H1_ATR_P70_Risk_2.0pct,0.02,2019-04-29 06:00:00,90703256.0,1814065.0,12,2796242.0,3.08,93499498.0
Global_H1_ATR_P70_Risk_2.0pct,0.02,2019-05-06 06:00:00,93499498.0,1869990.0,22,-2606264.0,-2.79,90893234.0
Global_H1_ATR_P70_Risk_2.0pct,0.02,2019-05-13 06:00:00,90893234.0,1817865.0,40,-9466693.0,-10.42,81426541.0
Global_H1_ATR_P70_Risk_2.0pct,0.02,2019-05-20 06:00:00,81426541.0,1628531.0,31,-1483762.0,-1.82,79942779.0
Global_H1_ATR_P70_Risk_2.0pct,0.02,2019-05-27 06:00:00,79942779.0,1598856.0,33,1913239.0,2.39,81856019.0
Global_H1_ATR_P70_Risk_2.0pct,0.02,2019-06-03 06:00:00,81856019.0,1637120.0,21,997794.0,1.22,82853813.0
Global_H1_ATR_P70_Risk_2.0pct,0.02,2019-06-10 06:00:00,82853813.0,1657076.0,42,-17897391.0,-21.6,64956422.0
Global_H1_ATR_P70_Risk_2.0pct,0.02,2019-06-17 06:00:00,64956422.0,1299128.0,20,-3023777.0,-4.66,61932644.0
Global_H1_ATR_P70_Risk_2.0pct,0.02,2019-06-24 06:00:00,61932644.0,1238653.0,33,2200359.0,3.55,64133003.0
Global_H1_ATR_P70_Risk_2.0pct,0.02,2019-07-01 06:00:00,64133003.0,1282660.0,21,-396804.0,-0.62,63736199.0
Global_H1_ATR_P70_Risk_2.0pct,0.02,2019-07-08 06:00:00,63736199.0,1274724.0,40,-3177771.0,-4.99,60558428.0
Global_H1_ATR_P70_Risk_2.0pct,0.02,2019-07-15 06:00:00,60558428.0,1211169.0,31,-57448.0,-0.09,60500980.0
Global_H1_ATR_P70_Risk_2.0pct,0.02,2019-07-22 06:00:00,60500980.0,1210020.0,34,-2504131.0,-4.14,57996849.0
Global_H1_ATR_P70_Risk_2.0pct,0.02,2019-07-29 06:00:00,57996849.0,1159937.0,12,2794618.0,4.82,60791467.0
Global_H1_ATR_P70_Risk_2.0pct,0.02,2019-08-05 06:00:00,60791467.0,1215829.0,15,4660442.0,7.67,65451909.0
Global_H1_ATR_P70_Risk_2.0pct,0.02,2019-08-12 06:00:00,65451909.0,1309038.0,17,-2681480.0,-4.1,62770429.0
Global_H1_ATR_P70_Risk_2.0pct,0.02,2019-08-19 06:00:00,62770429.0,1255409.0,23,2827880.0,4.51,65598309.0
Global_H1_ATR_P70_Risk_2.0pct,0.02,2019-08-26 06:00:00,65598309.0,1311966.0,13,912726.0,1.39,66511036.0
Global_H1_ATR_P70_Risk_2.0pct,0.02,2019-09-02 06:00:00,66511036.0,1330221.0,21,2352762.0,3.54,68863798.0
Global_H1_ATR_P70_Risk_2.0pct,0.02,2019-09-09 06:00:00,68863798.0,1377276.0,38,21046416.0,30.56,89910214.0
Global_H1_ATR_P70_Risk_2.0pct,0.02,2019-09-16 06:00:00,89910214.0,1798204.0,21,-2234116.0,-2.48,87676098.0
Global_H1_ATR_P70_Risk_2.0pct,0.02,2019-09-23 06:00:00,87676098.0,1753522.0,35,-6349768.0,-7.24,81326330.0
Global_H1_ATR_P70_Risk_2.0pct,0.02,2019-09-30 06:00:00,81326330.0,1626527.0,16,1460344.0,1.8,82786674.0
Global_H1_ATR_P70_Risk_2.0pct,0.02,2019-10-07 06:00:00,82786674.0,1655733.0,15,2617418.0,3.16,85404092.0
Global_H1_ATR_P70_Risk_2.0pct,0.02,2019-10-14 06:00:00,85404092.0,1708082.0,11,-186011.0,-0.22,85218081.0
Global_H1_ATR_P70_Risk_2.0pct,0.02,2019-10-21 06:00:00,85218081.0,1704362.0,20,10514102.0,12.34,95732183.0
Global_H1_ATR_P70_Risk_2.0pct,0.02,2019-10-28 06:00:00,95732183.0,1914644.0,12,7680859.0,8.02,103413042.0
Global_H1_ATR_P70_Risk_2.0pct,0.02,2019-11-04 06:00:00,103413042.0,2068261.0,25,-4673017.0,-4.52,98740025.0
Global_H1_ATR_P70_Risk_2.0pct,0.02,2019-11-11 06:00:00,98740025.0,1974801.0,43,9783624.0,9.91,108523649.0
Global_H1_ATR_P70_Risk_2.0pct,0.02,2019-11-18 06:00:00,108523649.0,2170473.0,28,1891624.0,1.74,110415274.0
Global_H1_ATR_P70_Risk_2.0pct,0.02,2019-11-25 06:00:00,110415274.0,2208305.0,35,8492570.0,7.69,118907844.0
Global_H1_ATR_P70_Risk_2.0pct,0.02,2019-12-02 06:00:00,118907844.0,2378157.0,21,10351193.0,8.71,129259037.0
Global_H1_ATR_P70_Risk_2.0pct,0.02,2019-12-09 06:00:00,129259037.0,2585181.0,28,-7206651.0,-5.58,122052386.0
Global_H1_ATR_P70_Risk_2.0pct,0.02,2019-12-16 06:00:00,122052386.0,2441048.0,21,-1219706.0,-1.0,120832681.0
Global_H1_ATR_P70_Risk_2.0pct,0.02,2019-12-23 06:00:00,120832681.0,2416654.0,13,-2365571.0,-1.96,118467110.0
Global_H1_ATR_P70_Risk_2.0pct,0.02,2020-01-06 06:00:00,118467110.0,2369342.0,22,12992464.0,10.97,131459574.0
Global_H1_ATR_P70_Risk_2.0pct,0.02,2020-01-13 06:00:00,131459574.0,2629191.0,33,8627362.0,6.56,140086937.0
Global_H1_ATR_P70_Risk_2.0pct,0.02,2020-01-20 06:00:00,140086937.0,2801739.0,26,10233309.0,7.3,150320246.0
Global_H1_ATR_P70_Risk_2.0pct,0.02,2020-01-27 06:00:00,150320246.0,3006405.0,22,-6270414.0,-4.17,144049832.0
Global_H1_ATR_P70_Risk_2.0pct,0.02,2020-02-03 06:00:00,144049832.0,2880997.0,17,2647492.0,1.84,146697323.0
Global_H1_ATR_P70_Risk_2.0pct,0.02,2020-02-10 06:00:00,146697323.0,2933946.0,35,26726851.0,18.22,173424174.0
Global_H1_ATR_P70_Risk_2.0pct,0.02,2020-02-17 06:00:00,173424174.0,3468483.0,22,7359177.0,4.24,180783352.0
Global_H1_ATR_P70_Risk_2.0pct,0.02,2020-02-24 06:00:00,180783352.0,3615667.0,23,-16091552.0,-8.9,164691799.0
Global_H1_ATR_P70_Risk_2.0pct,0.02,2020-03-02 06:00:00,164691799.0,3293836.0,2,10297159.0,6.25,174988958.0
Global_H1_ATR_P70_Risk_2.0pct,0.02,2020-04-06 06:00:00,174988958.0,3499779.0,3,-182766.0,-0.1,174806192.0
Global_H1_ATR_P70_Risk_2.0pct,0.02,2020-04-13 06:00:00,174806192.0,3496124.0,17,-9301047.0,-5.32,165505145.0
Global_H1_ATR_P70_Risk_2.0pct,0.02,2020-04-20 06:00:00,165505145.0,3310103.0,16,-13107314.0,-7.92,152397831.0
Global_H1_ATR_P70_Risk_2.0pct,0.02,2020-04-27 06:00:00,152397831.0,3047957.0,10,7560629.0,4.96,159958459.0
Global_H1_ATR_P70_Risk_2.0pct,0.02,2020-05-04 06:00:00,159958459.0,3199169.0,12,-13766716.0,-8.61,146191743.0
Global_H1_ATR_P70_Risk_2.0pct,0.02,2020-05-11 06:00:00,146191743.0,2923835.0,18,5227930.0,3.58,151419673.0
Global_H1_ATR_P70_Risk_2.0pct,0.02,2020-05-18 06:00:00,151419673.0,3028393.0,14,26298405.0,17.37,177718077.0
Global_H1_ATR_P70_Risk_2.0pct,0.02,2020-05-25 06:00:00,177718077.0,3554362.0,29,-3443678.0,-1.94,174274400.0
Global_H1_ATR_P70_Risk_2.0pct,0.02,2020-06-01 06:00:00,174274400.0,3485488.0,8,-2111652.0,-1.21,172162747.0
Global_H1_ATR_P70_Risk_2.0pct,0.02,2020-06-08 06:00:00,172162747.0,3443255.0,4,-12747989.0,-7.4,159414758.0
Global_H1_ATR_P70_Risk_2.0pct,0.02,2020-06-15 06:00:00,159414758.0,3188295.0,4,-1581201.0,-0.99,157833557.0
Global_H1_ATR_P70_Risk_2.0pct,0.02,2020-06-22 06:00:00,157833557.0,3156671.0,26,-3980826.0,-2.52,153852731.0
Global_H1_ATR_P70_Risk_2.0pct,0.02,2020-06-29 06:00:00,153852731.0,3077055.0,22,1086760.0,0.71,154939491.0
Global_H1_ATR_P70_Risk_2.0pct,0.02,2020-07-06 06:00:00,154939491.0,3098790.0,36,-3635452.0,-2.35,151304038.0
Global_H1_ATR_P70_Risk_2.0pct,0.02,2020-07-13 06:00:00,151304038.0,3026081.0,33,23114939.0,15.28,174418977.0
Global_H1_ATR_P70_Risk_2.0pct,0.02,2020-07-20 06:00:00,174418977.0,3488380.0,29,38496073.0,22.07,212915050.0
Global_H1_ATR_P70_Risk_2.0pct,0.02,2020-07-27 06:00:00,212915050.0,4258301.0,22,623209.0,0.29,213538259.0
Global_H1_ATR_P70_Risk_2.0pct,0.02,2020-08-03 06:00:00,213538259.0,4270765.0,17,2393667.0,1.12,215931927.0
Global_H1_ATR_P70_Risk_2.0pct,0.02,2020-08-10 06:00:00,215931927.0,4318639.0,20,-20412559.0,-9.45,195519368.0
Global_H1_ATR_P70_Risk_2.0pct,0.02,2020-08-17 06:00:00,195519368.0,3910387.0,21,-4988324.0,-2.55,190531044.0
Global_H1_ATR_P70_Risk_2.0pct,0.02,2020-08-24 06:00:00,190531044.0,3810621.0,22,-11027816.0,-5.79,179503228.0
Global_H1_ATR_P70_Risk_2.0pct,0.02,2020-08-31 06:00:00,179503228.0,3590065.0,18,10022152.0,5.58,189525380.0
Global_H1_ATR_P70_Risk_2.0pct,0.02,2020-09-07 06:00:00,189525380.0,3790508.0,23,12579188.0,6.64,202104567.0
Global_H1_ATR_P70_Risk_2.0pct,0.02,2020-09-14 06:00:00,202104567.0,4042091.0,24,5424959.0,2.68,207529526.0
Global_H1_ATR_P70_Risk_2.0pct,0.02,2020-09-21 06:00:00,207529526.0,4150591.0,28,1047370.0,0.5,208576896.0
Global_H1_ATR_P70_Risk_2.0pct,0.02,2020-09-28 06:00:00,208576896.0,4171538.0,18,11239361.0,5.39,219816257.0
Global_H1_ATR_P70_Risk_2.0pct,0.02,2020-10-05 06:00:00,219816257.0,4396325.0,21,19682966.0,8.95,239499223.0
Global_H1_ATR_P70_Risk_2.0pct,0.02,2020-10-12 06:00:00,239499223.0,4789984.0,18,-8594893.0,-3.59,230904330.0
Global_H1_ATR_P70_Risk_2.0pct,0.02,2020-10-19 06:00:00,230904330.0,4618087.0,23,-6977838.0,-3.02,223926492.0
Global_H1_ATR_P70_Risk_2.0pct,0.02,2020-10-26 06:00:00,223926492.0,4478530.0,21,1914610.0,0.86,225841101.0
Global_H1_ATR_P70_Risk_2.0pct,0.02,2020-11-02 06:00:00,225841101.0,4516822.0,10,5453111.0,2.41,231294213.0
Global_H1_ATR_P70_Risk_2.0pct,0.02,2020-11-09 06:00:00,231294213.0,4625884.0,29,66358741.0,28.69,297652954.0
Global_H1_ATR_P70_Risk_2.0pct,0.02,2020-11-16 06:00:00,297652954.0,5953059.0,29,1646831.0,0.55,299299785.0
Global_H1_ATR_P70_Risk_2.0pct,0.02,2020-11-23 06:00:00,299299785.0,5985996.0,35,19470965.0,6.51,318770750.0
Global_H1_ATR_P70_Risk_2.0pct,0.02,2020-11-30 06:00:00,318770750.0,6375415.0,20,24871396.0,7.8,343642146.0
Global_H1_ATR_P70_Risk_2.0pct,0.02,2020-12-07 06:00:00,343642146.0,6872843.0,27,42868319.0,12.47,386510465.0
Global_H1_ATR_P70_Risk_2.0pct,0.02,2020-12-14 06:00:00,386510465.0,7730209.0,20,33699527.0,8.72,420209991.0
Global_H1_ATR_P70_Risk_2.0pct,0.02,2020-12-21 06:00:00,420209991.0,8404200.0,16,-5127629.0,-1.22,415082362.0
Global_H1_ATR_P70_Risk_2.0pct,0.02,2021-01-04 06:00:00,415082362.0,8301647.0,17,7001887.0,1.69,422084249.0
Global_H1_ATR_P70_Risk_2.0pct,0.02,2021-01-11 06:00:00,422084249.0,8441685.0,37,-22814687.0,-5.41,399269562.0
Global_H1_ATR_P70_Risk_2.0pct,0.02,2021-01-18 06:00:00,399269562.0,7985391.0,21,-10698401.0,-2.68,388571161.0
Global_H1_ATR_P70_Risk_2.0pct,0.02,2021-01-25 06:00:00,388571161.0,7771423.0,25,-19843480.0,-5.11,368727681.0
Global_H1_ATR_P70_Risk_2.0pct,0.02,2021-02-01 06:00:00,368727681.0,7374554.0,14,12055526.0,3.27,380783206.0
Global_H1_ATR_P70_Risk_2.0pct,0.02,2021-02-08 06:00:00,380783206.0,7615664.0,33,-19324928.0,-5.08,361458278.0
Global_H1_ATR_P70_Risk_2.0pct,0.02,2021-02-15 06:00:00,361458278.0,7229166.0,27,20212105.0,5.59,381670383.0
Global_H1_ATR_P70_Risk_2.0pct,0.02,2021-02-22 06:00:00,381670383.0,7633408.0,21,4424636.0,1.16,386095019.0
Global_H1_ATR_P70_Risk_2.0pct,0.02,2021-03-01 06:00:00,386095019.0,7721900.0,17,-14090781.0,-3.65,372004239.0
Global_H1_ATR_P70_Risk_2.0pct,0.02,2021-03-08 06:00:00,372004239.0,7440085.0,27,25675166.0,6.9,397679405.0
Global_H1_ATR_P70_Risk_2.0pct,0.02,2021-03-15 06:00:00,397679405.0,7953588.0,21,-9725533.0,-2.45,387953872.0
Global_H1_ATR_P70_Risk_2.0pct,0.02,2021-03-22 06:00:00,387953872.0,7759077.0,35,-15543194.0,-4.01,372410677.0
Global_H1_ATR_P70_Risk_2.0pct,0.02,2021-03-29 06:00:00,372410677.0,7448214.0,20,-630572.0,-0.17,371780105.0
Global_H1_ATR_P70_Risk_2.0pct,0.02,2021-04-05 06:00:00,371780105.0,7435602.0,31,-40858987.0,-10.99,330921118.0
Global_H1_ATR_P70_Risk_2.0pct,0.02,2021-04-12 06:00:00,330921118.0,6618422.0,41,24813527.0,7.5,355734646.0
Global_H1_ATR_P70_Risk_2.0pct,0.02,2021-04-19 06:00:00,355734646.0,7114693.0,30,37990340.0,10.68,393724985.0
Global_H1_ATR_P70_Risk_2.0pct,0.02,2021-04-26 06:00:00,393724985.0,7874500.0,27,41661915.0,10.58,435386901.0
Global_H1_ATR_P70_Risk_2.0pct,0.02,2021-05-03 06:00:00,435386901.0,8707738.0,21,-14693972.0,-3.37,420692929.0
Global_H1_ATR_P70_Risk_2.0pct,0.02,2021-05-10 06:00:00,420692929.0,8413859.0,41,-18902119.0,-4.49,401790810.0
Global_H1_ATR_P70_Risk_2.0pct,0.02,2021-05-17 06:00:00,401790810.0,8035816.0,28,-22711662.0,-5.65,379079148.0
Global_H1_ATR_P70_Risk_2.0pct,0.02,2021-05-24 06:00:00,379079148.0,7581583.0,36,34428031.0,9.08,413507178.0
Global_H1_ATR_P70_Risk_2.0pct,0.02,2021-05-31 06:00:00,413507178.0,8270144.0,19,10681348.0,2.58,424188527.0
Global_H1_ATR_P70_Risk_2.0pct,0.02,2021-06-07 06:00:00,424188527.0,8483771.0,36,40019346.0,9.43,464207873.0
Global_H1_ATR_P70_Risk_2.0pct,0.02,2021-06-14 06:00:00,464207873.0,9284157.0,23,46604209.0,10.04,510812082.0
Global_H1_ATR_P70_Risk_2.0pct,0.02,2021-06-21 06:00:00,510812082.0,10216242.0,28,92299348.0,18.07,603111430.0
Global_H1_ATR_P70_Risk_2.0pct,0.02,2021-06-28 06:00:00,603111430.0,12062229.0,20,2934709.0,0.49,606046139.0
Global_H1_ATR_P70_Risk_2.0pct,0.02,2021-07-05 06:00:00,606046139.0,12120923.0,31,19946100.0,3.29,625992239.0
Global_H1_ATR_P70_Risk_2.0pct,0.02,2021-07-12 06:00:00,625992239.0,12519845.0,37,1331219.0,0.21,627323458.0
Global_H1_ATR_P70_Risk_2.0pct,0.02,2021-07-19 06:00:00,627323458.0,12546469.0,27,-48316095.0,-7.7,579007363.0
Global_H1_ATR_P70_Risk_2.0pct,0.02,2021-07-26 06:00:00,579007363.0,11580147.0,29,29031829.0,5.01,608039192.0
Global_H1_ATR_P70_Risk_2.0pct,0.02,2021-08-02 06:00:00,608039192.0,12160784.0,21,25600492.0,4.21,633639684.0
Global_H1_ATR_P70_Risk_2.0pct,0.02,2021-08-09 06:00:00,633639684.0,12672794.0,22,6414269.0,1.01,640053954.0
Global_H1_ATR_P70_Risk_2.0pct,0.02,2021-08-16 06:00:00,640053954.0,12801079.0,22,-42776861.0,-6.68,597277093.0
Global_H1_ATR_P70_Risk_2.0pct,0.02,2021-08-23 06:00:00,597277093.0,11945542.0,23,18662829.0,3.12,615939921.0
Global_H1_ATR_P70_Risk_2.0pct,0.02,2021-08-30 06:00:00,615939921.0,12318798.0,16,9476047.0,1.54,625415968.0
Global_H1_ATR_P70_Risk_2.0pct,0.02,2021-09-06 06:00:00,625415968.0,12508319.0,33,18543704.0,2.97,643959671.0
Global_H1_ATR_P70_Risk_2.0pct,0.02,2021-09-13 06:00:00,643959671.0,12879193.0,36,-9982728.0,-1.55,633976943.0
Global_H1_ATR_P70_Risk_2.0pct,0.02,2021-09-20 06:00:00,633976943.0,12679539.0,22,-58720039.0,-9.26,575256904.0
Global_H1_ATR_P70_Risk_2.0pct,0.02,2021-09-27 06:00:00,575256904.0,11505138.0,29,47753539.0,8.3,623010443.0
Global_H1_ATR_P70_Risk_2.0pct,0.02,2021-10-04 06:00:00,623010443.0,12460209.0,15,-10650744.0,-1.71,612359699.0
Global_H1_ATR_P70_Risk_2.0pct,0.02,2021-10-11 06:00:00,612359699.0,12247194.0,17,-11436378.0,-1.87,600923321.0
Global_H1_ATR_P70_Risk_2.0pct,0.02,2021-10-18 06:00:00,600923321.0,12018466.0,19,46523997.0,7.74,647447318.0
Global_H1_ATR_P70_Risk_2.0pct,0.02,2021-10-25 06:00:00,647447318.0,12948946.0,23,-48384314.0,-7.47,599063004.0
Global_H1_ATR_P70_Risk_2.0pct,0.02,2021-11-01 06:00:00,599063004.0,11981260.0,13,43527954.0,7.27,642590957.0
Global_H1_ATR_P70_Risk_2.0pct,0.02,2021-11-08 06:00:00,642590957.0,12851819.0,38,-32659821.0,-5.08,609931136.0
Global_H1_ATR_P70_Risk_2.0pct,0.02,2021-11-15 06:00:00,609931136.0,12198623.0,31,-39261848.0,-6.44,570669288.0
Global_H1_ATR_P70_Risk_2.0pct,0.02,2021-11-22 06:00:00,570669288.0,11413386.0,31,91403347.0,16.02,662072635.0
Global_H1_ATR_P70_Risk_2.0pct,0.02,2021-11-29 06:00:00,662072635.0,13241453.0,8,-13107987.0,-1.98,648964647.0
Global_H1_ATR_P70_Risk_2.0pct,0.02,2021-12-06 06:00:00,648964647.0,12979293.0,23,130769016.0,20.15,779733663.0
Global_H1_ATR_P70_Risk_2.0pct,0.02,2021-12-13 06:00:00,779733663.0,15594673.0,21,3253758.0,0.42,782987421.0
Global_H1_ATR_P70_Risk_2.0pct,0.02,2021-12-20 06:00:00,782987421.0,15659748.0,30,53856369.0,6.88,836843790.0
Global_H1_ATR_P70_Risk_2.0pct,0.02,2022-01-03 06:00:00,836843790.0,16736876.0,13,44583686.0,5.33,881427476.0
Global_H1_ATR_P70_Risk_2.0pct,0.02,2022-01-10 06:00:00,881427476.0,17628550.0,39,47169981.0,5.35,928597457.0
Global_H1_ATR_P70_Risk_2.0pct,0.02,2022-01-17 06:00:00,928597457.0,18571949.0,22,-31413305.0,-3.38,897184152.0
Global_H1_ATR_P70_Risk_2.0pct,0.02,2022-01-24 06:00:00,897184152.0,17943683.0,19,19072452.0,2.13,916256604.0
Global_H1_ATR_P70_Risk_2.0pct,0.02,2022-01-31 06:00:00,916256604.0,18325132.0,13,-9363730.0,-1.02,906892874.0
Global_H1_ATR_P70_Risk_2.0pct,0.02,2022-02-07 06:00:00,906892874.0,18137857.0,25,59145949.0,6.52,966038823.0
Global_H1_ATR_P70_Risk_2.0pct,0.02,2022-02-14 06:00:00,966038823.0,19320776.0,16,-34350061.0,-3.56,931688762.0
Global_H1_ATR_P70_Risk_2.0pct,0.02,2022-02-21 06:00:00,931688762.0,18633775.0,19,37656463.0,4.04,969345225.0
Global_H1_ATR_P70_Risk_2.0pct,0.02,2022-02-28 06:00:00,969345225.0,19386904.0,10,17460523.0,1.8,986805748.0
Global_H1_ATR_P70_Risk_2.0pct,0.02,2022-03-07 06:00:00,986805748.0,19736115.0,14,57725522.0,5.85,1044531269.0
Global_H1_ATR_P70_Risk_2.0pct,0.02,2022-03-14 06:00:00,1044531269.0,20890625.0,12,5575258.0,0.53,1050106527.0
Global_H1_ATR_P70_Risk_2.0pct,0.02,2022-03-21 06:00:00,1050106527.0,21002131.0,23,35306449.0,3.36,1085412976.0
Global_H1_ATR_P70_Risk_2.0pct,0.02,2022-03-28 06:00:00,1085412976.0,21708260.0,3,-33105096.0,-3.05,1052307880.0
Global_H1_ATR_P70_Risk_2.0pct,0.02,2022-04-04 06:00:00,1052307880.0,21046158.0,23,-86078140.0,-8.18,966229740.0
Global_H1_ATR_P70_Risk_2.0pct,0.02,2022-04-11 06:00:00,966229740.0,19324595.0,37,80976893.0,8.38,1047206633.0
Global_H1_ATR_P70_Risk_2.0pct,0.02,2022-04-18 06:00:00,1047206633.0,20944133.0,17,55173824.0,5.27,1102380458.0
Global_H1_ATR_P70_Risk_2.0pct,0.02,2022-04-25 06:00:00,1102380458.0,22047609.0,2,10040411.0,0.91,1112420869.0
Global_H1_ATR_P70_Risk_2.0pct,0.02,2022-05-02 06:00:00,1112420869.0,22248417.0,8,-14784690.0,-1.33,1097636179.0
Global_H1_ATR_P70_Risk_2.0pct,0.02,2022-05-09 06:00:00,1097636179.0,21952724.0,4,15467315.0,1.41,1113103495.0
Global_H1_ATR_P70_Risk_2.0pct,0.02,2022-05-16 06:00:00,1113103495.0,22262070.0,1,17760185.0,1.6,1130863680.0
Global_H1_ATR_P70_Risk_2.0pct,0.02,2022-05-23 06:00:00,1130863680.0,22617274.0,8,79375142.0,7.02,1210238822.0
Global_H1_ATR_P70_Risk_2.0pct,0.02,2022-05-30 06:00:00,1210238822.0,24204776.0,16,25207864.0,2.08,1235446686.0
Global_H1_ATR_P70_Risk_2.0pct,0.02,2022-06-06 06:00:00,1235446686.0,24708934.0,14,30639208.0,2.48,1266085894.0
Global_H1_ATR_P70_Risk_2.0pct,0.02,2022-06-13 06:00:00,1266085894.0,25321718.0,2,-22501799.0,-1.78,1243584095.0
Global_H1_ATR_P70_Risk_2.0pct,0.02,2022-06-20 06:00:00,1243584095.0,24871682.0,8,-117676218.0,-9.46,1125907877.0
Global_H1_ATR_P70_Risk_2.0pct,0.02,2022-06-27 06:00:00,1125907877.0,22518158.0,9,86753121.0,7.71,1212660998.0
Global_H1_ATR_P70_Risk_2.0pct,0.02,2022-07-04 06:00:00,1212660998.0,24253220.0,2,86168226.0,7.11,1298829224.0
Global_H1_ATR_P70_Risk_2.0pct,0.02,2022-07-11 06:00:00,1298829224.0,25976584.0,13,76445377.0,5.89,1375274601.0
Global_H1_ATR_P70_Risk_2.0pct,0.02,2022-07-18 06:00:00,1375274601.0,27505492.0,15,151545650.0,11.02,1526820250.0
Global_H1_ATR_P70_Risk_2.0pct,0.02,2022-07-25 06:00:00,1526820250.0,30536405.0,10,108709117.0,7.12,1635529368.0
Global_H1_ATR_P70_Risk_2.0pct,0.02,2022-08-01 06:00:00,1635529368.0,32710587.0,3,36857233.0,2.25,1672386600.0
Global_H1_ATR_P70_Risk_2.0pct,0.02,2022-08-08 06:00:00,1672386600.0,33447732.0,12,-145867093.0,-8.72,1526519508.0
Global_H1_ATR_P70_Risk_2.0pct,0.02,2022-08-15 06:00:00,1526519508.0,30530390.0,13,-68542861.0,-4.49,1457976647.0
Global_H1_ATR_P70_Risk_2.0pct,0.02,2022-08-22 06:00:00,1457976647.0,29159533.0,19,98306107.0,6.74,1556282754.0
Global_H1_ATR_P70_Risk_2.0pct,0.02,2022-08-29 06:00:00,1556282754.0,31125655.0,8,-19318916.0,-1.24,1536963838.0
Global_H1_ATR_P70_Risk_2.0pct,0.02,2022-09-05 06:00:00,1536963838.0,30739277.0,14,84915875.0,5.52,1621879713.0
Global_H1_ATR_P70_Risk_2.0pct,0.02,2022-09-12 06:00:00,1621879713.0,32437594.0,16,-93271915.0,-5.75,1528607798.0
Global_H1_ATR_P70_Risk_2.0pct,0.02,2022-09-19 06:00:00,1528607798.0,30572156.0,11,-39078769.0,-2.56,1489529029.0
Global_H1_ATR_P70_Risk_2.0pct,0.02,2022-09-26 06:00:00,1489529029.0,29790581.0,2,-4954644.0,-0.33,1484574385.0
Global_H1_ATR_P70_Risk_2.0pct,0.02,2022-10-10 06:00:00,1484574385.0,29691488.0,3,20097838.0,1.35,1504672223.0
Global_H1_ATR_P70_Risk_2.0pct,0.02,2022-10-17 06:00:00,1504672223.0,30093444.0,6,-40158030.0,-2.67,1464514193.0
Global_H1_ATR_P70_Risk_2.0pct,0.02,2022-10-24 06:00:00,1464514193.0,29290284.0,3,16481596.0,1.13,1480995789.0
Global_H1_ATR_P70_Risk_2.0pct,0.02,2022-10-31 06:00:00,1480995789.0,29619916.0,4,-42200243.0,-2.85,1438795547.0
Global_H1_ATR_P70_Risk_2.0pct,0.02,2022-11-07 06:00:00,1438795547.0,28775911.0,2,-18314269.0,-1.27,1420481278.0
Global_H1_ATR_P70_Risk_2.0pct,0.02,2022-11-14 06:00:00,1420481278.0,28409626.0,6,80183114.0,5.64,1500664392.0
Global_H1_ATR_P70_Risk_2.0pct,0.02,2022-11-21 06:00:00,1500664392.0,30013288.0,23,36928944.0,2.46,1537593336.0
Global_H1_ATR_P70_Risk_2.0pct,0.02,2022-11-28 06:00:00,1537593336.0,30751867.0,7,95857962.0,6.23,1633451297.0
Global_H1_ATR_P70_Risk_2.0pct,0.02,2022-12-05 06:00:00,1633451297.0,32669026.0,15,-207898681.0,-12.73,1425552617.0
Global_H1_ATR_P70_Risk_2.0pct,0.02,2022-12-12 06:00:00,1425552617.0,28511052.0,10,138128577.0,9.69,1563681193.0
Global_H1_ATR_P70_Risk_2.0pct,0.02,2022-12-19 06:00:00,1563681193.0,31273624.0,7,68821829.0,4.4,1632503022.0
Global_H1_ATR_P70_Risk_2.0pct,0.02,2023-01-09 06:00:00,1632503022.0,32650060.0,17,-74364659.0,-4.56,1558138363.0
Global_H1_ATR_P70_Risk_2.0pct,0.02,2023-01-16 06:00:00,1558138363.0,31162767.0,8,-125978792.0,-8.09,1432159571.0
Global_H1_ATR_P70_Risk_2.0pct,0.02,2023-01-23 06:00:00,1432159571.0,28643191.0,8,-15615227.0,-1.09,1416544344.0
Global_H1_ATR_P70_Risk_2.0pct,0.02,2023-01-30 06:00:00,1416544344.0,28330887.0,5,-20404166.0,-1.44,1396140178.0
Global_H1_ATR_P70_Risk_2.0pct,0.02,2023-02-06 06:00:00,1396140178.0,27922804.0,19,169120505.0,12.11,1565260683.0
Global_H1_ATR_P70_Risk_2.0pct,0.02,2023-02-13 06:00:00,1565260683.0,31305214.0,21,107270091.0,6.85,1672530774.0
Global_H1_ATR_P70_Risk_2.0pct,0.02,2023-02-20 06:00:00,1672530774.0,33450615.0,23,-31546444.0,-1.89,1640984330.0
Global_H1_ATR_P70_Risk_2.0pct,0.02,2023-02-27 06:00:00,1640984330.0,32819687.0,22,88134245.0,5.37,1729118575.0
Global_H1_ATR_P70_Risk_2.0pct,0.02,2023-03-06 06:00:00,1729118575.0,34582371.0,28,191921460.0,11.1,1921040034.0
Global_H1_ATR_P70_Risk_2.0pct,0.02,2023-03-20 06:00:00,1921040034.0,38420801.0,5,-55769927.0,-2.9,1865270108.0
Global_H1_ATR_P70_Risk_2.0pct,0.02,2023-03-27 06:00:00,1865270108.0,37305402.0,16,156224786.0,8.38,2021494894.0
Global_H1_ATR_P70_Risk_2.0pct,0.02,2023-04-03 06:00:00,2021494894.0,40429898.0,6,67340611.0,3.33,2088835504.0
Global_H1_ATR_P70_Risk_2.0pct,0.02,2023-04-10 06:00:00,2088835504.0,41776710.0,32,103582837.0,4.96,2192418341.0
Global_H1_ATR_P70_Risk_2.0pct,0.02,2023-04-17 06:00:00,2192418341.0,43848367.0,25,194409169.0,8.87,2386827510.0
Global_H1_ATR_P70_Risk_2.0pct,0.02,2023-04-24 06:00:00,2386827510.0,47736550.0,19,95226538.0,3.99,2482054048.0
Global_H1_ATR_P70_Risk_2.0pct,0.02,2023-05-01 06:00:00,2482054048.0,49641081.0,9,243216209.0,9.8,2725270257.0
Global_H1_ATR_P70_Risk_2.0pct,0.02,2023-05-08 06:00:00,2725270257.0,54505405.0,27,87096431.0,3.2,2812366688.0
Global_H1_ATR_P70_Risk_2.0pct,0.02,2023-05-15 06:00:00,2812366688.0,56247334.0,29,625824580.0,22.25,3438191269.0
Global_H1_ATR_P70_Risk_2.0pct,0.02,2023-05-22 06:00:00,3438191269.0,68763825.0,27,176876286.0,5.14,3615067555.0
Global_H1_ATR_P70_Risk_2.0pct,0.02,2023-05-29 06:00:00,3615067555.0,72301351.0,15,-472047688.0,-13.06,3143019866.0
Global_H1_ATR_P70_Risk_2.0pct,0.02,2023-06-05 06:00:00,3143019866.0,62860397.0,30,89708255.0,2.85,3232728122.0
Global_H1_ATR_P70_Risk_2.0pct,0.02,2023-06-12 06:00:00,3232728122.0,64654562.0,19,-45988502.0,-1.42,3186739620.0
Global_H1_ATR_P70_Risk_2.0pct,0.02,2023-06-19 06:00:00,3186739620.0,63734792.0,19,154913331.0,4.86,3341652951.0
Global_H1_ATR_P70_Risk_2.0pct,0.02,2023-06-26 06:00:00,3341652951.0,66833059.0,26,-263411709.0,-7.88,3078241242.0
Global_H1_ATR_P70_Risk_2.0pct,0.02,2023-07-03 06:00:00,3078241242.0,61564825.0,21,210207050.0,6.83,3288448292.0
Global_H1_ATR_P70_Risk_2.0pct,0.02,2023-07-10 06:00:00,3288448292.0,65768966.0,26,-548143853.0,-16.67,2740304438.0
Global_H1_ATR_P70_Risk_2.0pct,0.02,2023-07-17 06:00:00,2740304438.0,54806089.0,16,-188916253.0,-6.89,2551388185.0
Global_H1_ATR_P70_Risk_2.0pct,0.02,2023-07-24 06:00:00,2551388185.0,51027764.0,11,62843656.0,2.46,2614231841.0
Global_H1_ATR_P70_Risk_2.0pct,0.02,2023-07-31 06:00:00,2614231841.0,52284637.0,5,-103163134.0,-3.95,2511068707.0
Global_H1_ATR_P70_Risk_2.0pct,0.02,2023-08-07 06:00:00,2511068707.0,50221374.0,15,229563618.0,9.14,2740632326.0
Global_H1_ATR_P70_Risk_2.0pct,0.02,2023-08-14 06:00:00,2740632326.0,54812647.0,16,19422009.0,0.71,2760054334.0
Global_H1_ATR_P70_Risk_2.0pct,0.02,2023-08-21 06:00:00,2760054334.0,55201087.0,20,187874628.0,6.81,2947928963.0
Global_H1_ATR_P70_Risk_2.0pct,0.02,2023-08-28 06:00:00,2947928963.0,58958579.0,14,158967745.0,5.39,3106896708.0
Global_H1_ATR_P70_Risk_2.0pct,0.02,2023-09-04 06:00:00,3106896708.0,62137934.0,21,219119944.0,7.05,3326016652.0
Global_H1_ATR_P70_Risk_2.0pct,0.02,2023-09-11 06:00:00,3326016652.0,66520333.0,33,563759985.0,16.95,3889776637.0
Global_H1_ATR_P70_Risk_2.0pct,0.02,2023-09-18 06:00:00,3889776637.0,77795533.0,16,120549277.0,3.1,4010325914.0
Global_H1_ATR_P70_Risk_2.0pct,0.02,2023-09-25 06:00:00,4010325914.0,80206518.0,35,-350813098.0,-8.75,3659512817.0
Global_H1_ATR_P70_Risk_2.0pct,0.02,2023-10-02 06:00:00,3659512817.0,73190256.0,13,55131200.0,1.51,3714644017.0
Global_H1_ATR_P70_Risk_2.0pct,0.02,2023-10-09 06:00:00,3714644017.0,74292880.0,15,278823373.0,7.51,3993467390.0
Global_H1_ATR_P70_Risk_2.0pct,0.02,2023-10-16 06:00:00,3993467390.0,79869348.0,20,-50973657.0,-1.28,3942493734.0
Global_H1_ATR_P70_Risk_2.0pct,0.02,2023-10-23 06:00:00,3942493734.0,78849875.0,24,374322544.0,9.49,4316816278.0
Global_H1_ATR_P70_Risk_2.0pct,0.02,2023-10-30 06:00:00,4316816278.0,86336326.0,10,-106452143.0,-2.47,4210364135.0
Global_H1_ATR_P70_Risk_2.0pct,0.02,2023-11-06 06:00:00,4210364135.0,84207283.0,36,465534494.0,11.06,4675898629.0
Global_H1_ATR_P70_Risk_2.0pct,0.02,2023-11-13 06:00:00,4675898629.0,93517973.0,34,1045936365.0,22.37,5721834994.0
Global_H1_ATR_P70_Risk_2.0pct,0.02,2023-11-20 06:00:00,5721834994.0,114436700.0,24,277860640.0,4.86,5999695634.0
Global_H1_ATR_P70_Risk_2.0pct,0.02,2023-11-27 06:00:00,5999695634.0,119993913.0,21,-374570708.0,-6.24,5625124926.0
Global_H1_ATR_P70_Risk_2.0pct,0.02,2023-12-04 06:00:00,5625124926.0,112502499.0,15,214720465.0,3.82,5839845391.0
Global_H1_ATR_P70_Risk_2.0pct,0.02,2023-12-11 06:00:00,5839845391.0,116796908.0,15,-43227243.0,-0.74,5796618148.0
Global_H1_ATR_P70_Risk_2.0pct,0.02,2023-12-18 06:00:00,5796618148.0,115932363.0,14,-46997711.0,-0.81,5749620437.0
Global_H1_ATR_P70_Risk_2.0pct,0.02,2024-01-01 06:00:00,5749620437.0,114992409.0,2,200543110.0,3.49,5950163547.0
Global_H1_ATR_P70_Risk_2.0pct,0.02,2024-01-08 06:00:00,5950163547.0,119003271.0,30,441558460.0,7.42,6391722007.0
Global_H1_ATR_P70_Risk_2.0pct,0.02,2024-01-15 06:00:00,6391722007.0,127834440.0,25,-88321551.0,-1.38,6303400456.0
Global_H1_ATR_P70_Risk_2.0pct,0.02,2024-01-22 06:00:00,6303400456.0,126068009.0,21,-351130789.0,-5.57,5952269666.0
Global_H1_ATR_P70_Risk_2.0pct,0.02,2024-01-29 06:00:00,5952269666.0,119045393.0,11,-447251125.0,-7.51,5505018542.0
Global_H1_ATR_P70_Risk_2.0pct,0.02,2024-02-05 06:00:00,5505018542.0,110100371.0,26,-109801441.0,-1.99,5395217100.0
Global_H1_ATR_P70_Risk_2.0pct,0.02,2024-02-12 06:00:00,5395217100.0,107904342.0,35,416972513.0,7.73,5812189613.0
Global_H1_ATR_P70_Risk_2.0pct,0.02,2024-02-19 06:00:00,5812189613.0,116243792.0,28,338642567.0,5.83,6150832180.0
Global_H1_ATR_P70_Risk_2.0pct,0.02,2024-02-26 06:00:00,6150832180.0,123016644.0,25,73844820.0,1.2,6224677000.0
Global_H1_ATR_P70_Risk_2.0pct,0.02,2024-03-04 06:00:00,6224677000.0,124493540.0,23,71387351.0,1.15,6296064351.0
Global_H1_ATR_P70_Risk_2.0pct,0.02,2024-03-11 06:00:00,6296064351.0,125921287.0,43,-164623220.0,-2.61,6131441131.0
Global_H1_ATR_P70_Risk_2.0pct,0.02,2024-03-18 06:00:00,6131441131.0,122628823.0,17,97341382.0,1.59,6228782512.0
Global_H1_ATR_P70_Risk_2.0pct,0.02,2024-03-25 06:00:00,6228782512.0,124575650.0,35,316297128.0,5.08,6545079640.0
Global_H1_ATR_P70_Risk_2.0pct,0.02,2024-04-01 06:00:00,6545079640.0,130901593.0,23,-145716968.0,-2.23,6399362673.0
Global_H1_ATR_P70_Risk_2.0pct,0.02,2024-04-08 06:00:00,6399362673.0,127987253.0,34,912886169.0,14.27,7312248841.0
Global_H1_ATR_P70_Risk_2.0pct,0.02,2024-04-15 06:00:00,7312248841.0,146244977.0,26,386501497.0,5.29,7698750338.0
Global_H1_ATR_P70_Risk_2.0pct,0.02,2024-04-22 06:00:00,7698750338.0,153975007.0,27,423445082.0,5.5,8122195421.0
Global_H1_ATR_P70_Risk_2.0pct,0.02,2024-04-29 06:00:00,8122195421.0,162443908.0,4,-219939207.0,-2.71,7902256214.0
Global_H1_ATR_P70_Risk_2.0pct,0.02,2024-05-06 06:00:00,7902256214.0,158045124.0,29,136902672.0,1.73,8039158886.0
Global_H1_ATR_P70_Risk_2.0pct,0.02,2024-05-13 06:00:00,8039158886.0,160783178.0,33,764484185.0,9.51,8803643071.0
Global_H1_ATR_P70_Risk_2.0pct,0.02,2024-05-20 06:00:00,8803643071.0,176072861.0,32,-69771094.0,-0.79,8733871977.0
Global_H1_ATR_P70_Risk_2.0pct,0.02,2024-05-27 06:00:00,8733871977.0,174677440.0,33,645455721.0,7.39,9379327697.0
Global_H1_ATR_P70_Risk_2.0pct,0.02,2024-06-03 06:00:00,9379327697.0,187586554.0,16,-125691945.0,-1.34,9253635753.0
Global_H1_ATR_P70_Risk_2.0pct,0.02,2024-06-10 06:00:00,9253635753.0,185072715.0,25,1050636849.0,11.35,10304272602.0
Global_H1_ATR_P70_Risk_2.0pct,0.02,2024-06-17 06:00:00,10304272602.0,206085452.0,21,411493606.0,3.99,10715766208.0
Global_H1_ATR_P70_Risk_2.0pct,0.02,2024-06-24 06:00:00,10715766208.0,214315324.0,30,1217119747.0,11.36,11932885956.0
Global_H1_ATR_P70_Risk_2.0pct,0.02,2024-07-01 06:00:00,11932885956.0,238657719.0,19,905174607.0,7.59,12838060563.0
Global_H1_ATR_P70_Risk_2.0pct,0.02,2024-07-08 06:00:00,12838060563.0,256761211.0,33,999090178.0,7.78,13837150741.0
Global_H1_ATR_P70_Risk_2.0pct,0.02,2024-07-15 06:00:00,13837150741.0,276743015.0,22,-611165630.0,-4.42,13225985112.0
Global_H1_ATR_P70_Risk_2.0pct,0.02,2024-07-22 06:00:00,13225985112.0,264519702.0,19,-379989423.0,-2.87,12845995689.0
Global_H1_ATR_P70_Risk_2.0pct,0.02,2024-07-29 06:00:00,12845995689.0,256919914.0,5,-251612831.0,-1.96,12594382858.0
Global_H1_ATR_P70_Risk_2.0pct,0.02,2024-08-05 06:00:00,12594382858.0,251887657.0,2,156450223.0,1.24,12750833081.0
Global_H1_ATR_P70_Risk_2.0pct,0.02,2024-08-12 06:00:00,12750833081.0,255016662.0,7,255228878.0,2.0,13006061959.0
Global_H1_ATR_P70_Risk_2.0pct,0.02,2024-08-19 06:00:00,13006061959.0,260121239.0,7,323438052.0,2.49,13329500011.0
Global_H1_ATR_P70_Risk_2.0pct,0.02,2024-08-26 06:00:00,13329500011.0,266590000.0,7,-417807311.0,-3.13,12911692700.0
Global_H1_ATR_P70_Risk_2.0pct,0.02,2024-09-02 06:00:00,12911692700.0,258233854.0,12,825142496.0,6.39,13736835196.0
Global_H1_ATR_P70_Risk_2.0pct,0.02,2024-09-09 06:00:00,13736835196.0,274736704.0,18,586069883.0,4.27,14322905079.0
Global_H1_ATR_P70_Risk_2.0pct,0.02,2024-09-16 06:00:00,14322905079.0,286458102.0,8,1058928541.0,7.39,15381833620.0
Global_H1_ATR_P70_Risk_2.0pct,0.02,2024-09-23 06:00:00,15381833620.0,307636672.0,14,-228654397.0,-1.49,15153179223.0
Global_H1_ATR_P70_Risk_2.0pct,0.02,2024-09-30 06:00:00,15153179223.0,303063584.0,3,49759498.0,0.33,15202938721.0
Global_H1_ATR_P70_Risk_2.0pct,0.02,2024-10-07 06:00:00,15202938721.0,304058774.0,4,-266466053.0,-1.75,14936472668.0
Global_H1_ATR_P70_Risk_2.0pct,0.02,2024-10-14 06:00:00,14936472668.0,298729453.0,17,42116277.0,0.28,14978588945.0
Global_H1_ATR_P70_Risk_2.0pct,0.02,2024-10-21 06:00:00,14978588945.0,299571779.0,15,2620933176.0,17.5,17599522121.0
Global_H1_ATR_P70_Risk_2.0pct,0.02,2024-10-28 06:00:00,17599522121.0,351990442.0,4,-255215927.0,-1.45,17344306194.0
Global_H1_ATR_P70_Risk_2.0pct,0.02,2024-11-04 06:00:00,17344306194.0,346886124.0,11,601128817.0,3.47,17945435012.0
Global_H1_ATR_P70_Risk_2.0pct,0.02,2024-11-11 06:00:00,17945435012.0,358908700.0,35,-810012735.0,-4.51,17135422276.0
Global_H1_ATR_P70_Risk_2.0pct,0.02,2024-11-18 06:00:00,17135422276.0,342708446.0,14,28171327.0,0.16,17163593603.0
Global_H1_ATR_P70_Risk_2.0pct,0.02,2024-11-25 06:00:00,17163593603.0,343271872.0,16,794428447.0,4.63,17958022050.0
Global_H1_ATR_P70_Risk_2.0pct,0.02,2024-12-02 06:00:00,17958022050.0,359160441.0,10,-329542920.0,-1.84,17628479129.0
Global_H1_ATR_P70_Risk_2.0pct,0.02,2024-12-09 06:00:00,17628479129.0,352569583.0,19,1881637152.0,10.67,19510116282.0
Global_H1_ATR_P70_Risk_2.0pct,0.02,2024-12-16 06:00:00,19510116282.0,390202326.0,12,628897305.0,3.22,20139013586.0
Global_H1_ATR_P70_Risk_2.0pct,0.02,2024-12-23 06:00:00,20139013586.0,402780272.0,10,522739897.0,2.6,20661753483.0
Global_H1_ATR_P70_Risk_2.0pct,0.02,2025-01-06 06:00:00,20661753483.0,413235070.0,15,848869737.0,4.11,21510623220.0
Global_H1_ATR_P70_Risk_2.0pct,0.02,2025-01-13 06:00:00,21510623220.0,430212464.0,16,645477310.0,3.0,22156100530.0
Global_H1_ATR_P70_Risk_2.0pct,0.02,2025-01-20 06:00:00,22156100530.0,443122011.0,12,1385499443.0,6.25,23541599973.0
Global_H1_ATR_P70_Risk_2.0pct,0.02,2025-01-27 06:00:00,23541599973.0,470831999.0,11,-844297232.0,-3.59,22697302741.0
Global_H1_ATR_P70_Risk_2.0pct,0.02,2025-02-03 06:00:00,22697302741.0,453946055.0,4,75873841.0,0.33,22773176581.0
Global_H1_ATR_P70_Risk_2.0pct,0.02,2025-02-10 06:00:00,22773176581.0,455463532.0,26,-380801082.0,-1.67,22392375500.0
Global_H1_ATR_P70_Risk_2.0pct,0.02,2025-02-17 06:00:00,22392375500.0,447847510.0,11,1551354115.0,6.93,23943729614.0
Global_H1_ATR_P70_Risk_2.0pct,0.02,2025-02-24 06:00:00,23943729614.0,478874592.0,12,-68097625.0,-0.28,23875631989.0
Global_H1_ATR_P70_Risk_2.0pct,0.02,2025-03-03 06:00:00,23875631989.0,477512640.0,6,-1854442042.0,-7.77,22021189947.0
Global_H1_ATR_P70_Risk_2.0pct,0.02,2025-03-10 06:00:00,22021189947.0,440423799.0,12,94162354.0,0.43,22115352301.0
Global_H1_ATR_P70_Risk_2.0pct,0.02,2025-03-17 06:00:00,22115352301.0,442307046.0,5,-951782215.0,-4.3,21163570086.0
Global_H1_ATR_P70_Risk_2.0pct,0.02,2025-03-24 06:00:00,21163570086.0,423271402.0,23,2422612931.0,11.45,23586183017.0
Global_H1_ATR_P70_Risk_2.0pct,0.02,2025-03-31 06:00:00,23586183017.0,471723660.0,3,1221097196.0,5.18,24807280213.0
Global_H1_ATR_P70_Risk_2.0pct,0.02,2025-04-21 06:00:00,24807280213.0,496145604.0,7,-198808088.0,-0.8,24608472125.0
Global_H1_ATR_P70_Risk_2.0pct,0.02,2025-04-28 06:00:00,24608472125.0,492169443.0,10,-1119656036.0,-4.55,23488816090.0
Global_H1_ATR_P70_Risk_2.0pct,0.02,2025-05-05 06:00:00,23488816090.0,469776322.0,12,-1698578679.0,-7.23,21790237411.0
Global_H1_ATR_P70_Risk_2.0pct,0.02,2025-05-12 06:00:00,21790237411.0,435804748.0,14,3126405795.0,14.35,24916643206.0
Global_H1_ATR_P70_Risk_2.0pct,0.02,2025-05-19 06:00:00,24916643206.0,498332864.0,15,920257455.0,3.69,25836900661.0
Global_H1_ATR_P70_Risk_2.0pct,0.02,2025-05-26 06:00:00,25836900661.0,516738013.0,17,-794124602.0,-3.07,25042776059.0
Global_H1_ATR_P70_Risk_2.0pct,0.02,2025-06-02 06:00:00,25042776059.0,500855521.0,17,-2064074415.0,-8.24,22978701644.0
Global_H1_ATR_P70_Risk_2.0pct,0.02,2025-06-09 06:00:00,22978701644.0,459574033.0,26,1673676958.0,7.28,24652378601.0
Global_H1_ATR_P70_Risk_2.0pct,0.02,2025-06-16 06:00:00,24652378601.0,493047572.0,9,267199440.0,1.08,24919578041.0
Global_H1_ATR_P70_Risk_2.0pct,0.02,2025-06-23 06:00:00,24919578041.0,498391561.0,18,1420618591.0,5.7,26340196632.0
Global_H1_ATR_P70_Risk_2.0pct,0.02,2025-06-30 06:00:00,26340196632.0,526803933.0,18,2788096160.0,10.58,29128292792.0
Global_H1_ATR_P70_Risk_2.0pct,0.02,2025-07-07 06:00:00,29128292792.0,582565856.0,26,1869884726.0,6.42,30998177517.0
Global_H1_ATR_P70_Risk_2.0pct,0.02,2025-07-14 06:00:00,30998177517.0,619963550.0,19,-1277245996.0,-4.12,29720931522.0
Global_H1_ATR_P70_Risk_2.0pct,0.02,2025-07-21 06:00:00,29720931522.0,594418630.0,17,2389096973.0,8.04,32110028495.0
Global_H1_ATR_P70_Risk_2.0pct,0.02,2025-07-28 06:00:00,32110028495.0,642200570.0,15,-750403810.0,-2.34,31359624685.0
Global_H1_ATR_P70_Risk_2.0pct,0.02,2025-08-04 06:00:00,31359624685.0,627192494.0,12,2910040269.0,9.28,34269664954.0
Global_H1_ATR_P70_Risk_2.0pct,0.02,2025-08-11 06:00:00,34269664954.0,685393299.0,15,49238688.0,0.14,34318903642.0
Global_H1_ATR_P70_Risk_2.0pct,0.02,2025-08-18 06:00:00,34318903642.0,686378073.0,18,-460616904.0,-1.34,33858286738.0
Global_H1_ATR_P70_Risk_2.0pct,0.02,2025-08-25 06:00:00,33858286738.0,677165735.0,19,-2291940710.0,-6.77,31566346028.0
Global_H1_ATR_P70_Risk_2.0pct,0.02,2025-09-01 06:00:00,31566346028.0,631326921.0,19,-1494633863.0,-4.73,30071712165.0
Global_H1_ATR_P70_Risk_2.0pct,0.02,2025-09-08 06:00:00,30071712165.0,601434243.0,26,1176359583.0,3.91,31248071748.0
Global_H1_ATR_P70_Risk_2.0pct,0.02,2025-09-15 06:00:00,31248071748.0,624961435.0,20,135927447.0,0.43,31383999195.0
Global_H1_ATR_P70_Risk_2.0pct,0.02,2025-09-22 06:00:00,31383999195.0,627679984.0,30,1980828873.0,6.31,33364828068.0
Global_H1_ATR_P70_Risk_2.0pct,0.02,2025-09-29 06:00:00,33364828068.0,667296561.0,13,781309760.0,2.34,34146137828.0
Global_H1_ATR_P70_Risk_2.0pct,0.02,2025-10-06 06:00:00,34146137828.0,682922757.0,7,2885786417.0,8.45,37031924246.0
Global_H1_ATR_P70_Risk_2.0pct,0.02,2025-10-13 06:00:00,37031924246.0,740638485.0,5,1358604333.0,3.67,38390528578.0
Global_H1_ATR_P70_Risk_2.0pct,0.02,2025-10-20 06:00:00,38390528578.0,767810572.0,13,-2300089024.0,-5.99,36090439554.0
Global_H1_ATR_P70_Risk_2.0pct,0.02,2025-10-27 06:00:00,36090439554.0,721808791.0,13,4525328578.0,12.54,40615768132.0
Global_H1_ATR_P70_Risk_2.0pct,0.02,2025-11-03 06:00:00,40615768132.0,812315363.0,15,4695498832.0,11.56,45311266964.0
Global_H1_ATR_P70_Risk_2.0pct,0.02,2025-11-10 06:00:00,45311266964.0,906225339.0,27,88044535.0,0.19,45399311498.0
Global_H1_ATR_P70_Risk_2.0pct,0.02,2025-11-17 06:00:00,45399311498.0,907986230.0,19,4618693840.0,10.17,50018005338.0
Global_H1_ATR_P70_Risk_2.0pct,0.02,2025-11-24 06:00:00,50018005338.0,1000360107.0,23,1364510340.0,2.73,51382515679.0
Global_H1_ATR_P70_Risk_2.0pct,0.02,2025-12-01 06:00:00,51382515679.0,1027650314.0,18,-768826504.0,-1.5,50613689174.0
Global_H1_ATR_P70_Risk_2.0pct,0.02,2025-12-08 06:00:00,50613689174.0,1012273783.0,20,-1426557307.0,-2.82,49187131867.0
Global_H1_ATR_P70_Risk_2.0pct,0.02,2025-12-15 06:00:00,49187131867.0,983742637.0,22,6190479922.0,12.59,55377611790.0
Global_H1_ATR_P70_Risk_2.0pct,0.02,2025-12-22 06:00:00,55377611790.0,1107552236.0,14,4435419442.0,8.01,59813031232.0
Global_H1_ATR_P70_Risk_2.0pct,0.02,2026-01-05 06:00:00,59813031232.0,1196260625.0,21,1174666122.0,1.96,60987697354.0
Global_H1_ATR_P70_Risk_2.0pct,0.02,2026-01-12 06:00:00,60987697354.0,1219753947.0,35,2034548094.0,3.34,63022245448.0
Global_H1_ATR_P70_Risk_2.0pct,0.02,2026-01-19 06:00:00,63022245448.0,1260444909.0,19,-356809582.0,-0.57,62665435866.0
Global_H1_ATR_P70_Risk_2.0pct,0.02,2026-01-26 06:00:00,62665435866.0,1253308717.0,3,785938503.0,1.25,63451374369.0
Global_H1_ATR_P70_Risk_2.0pct,0.02,2026-02-02 06:00:00,63451374369.0,1269027487.0,6,-375458594.0,-0.59,63075915775.0
Global_H1_ATR_P70_Risk_2.0pct,0.02,2026-02-09 06:00:00,63075915775.0,1261518315.0,14,3834324848.0,6.08,66910240623.0
Global_H1_ATR_P70_Risk_2.0pct,0.02,2026-02-16 06:00:00,66910240623.0,1338204812.0,15,1741348779.0,2.6,68651589401.0
Global_H1_ATR_P70_Risk_2.0pct,0.02,2026-02-23 06:00:00,68651589401.0,1373031788.0,14,515487708.0,0.75,69167077109.0
Global_H1_ATR_P70_Risk_2.0pct,0.02,2026-03-02 06:00:00,69167077109.0,1383341542.0,2,-241096669.0,-0.35,68925980440.0
Global_H1_ATR_P70_Risk_2.0pct,0.02,2026-03-09 06:00:00,68925980440.0,1378519609.0,18,8185263990.0,11.88,77111244430.0
Global_H1_ATR_P70_Risk_2.0pct,0.02,2026-03-16 06:00:00,77111244430.0,1542224889.0,14,5842849863.0,7.58,82954094293.0
Global_H1_ATR_P70_Risk_2.0pct,0.02,2026-03-23 06:00:00,82954094293.0,1659081886.0,15,5185435539.0,6.25,88139529832.0
Global_H1_ATR_P70_Risk_2.0pct,0.02,2026-03-30 06:00:00,88139529832.0,1762790597.0,6,-6075728990.0,-6.89,82063800842.0
