Dataset,TradingWeekStart,WeekStartBalance,RiskAmountYen,Trades,WeekYenPnL,WeekReturnPct,WeekEndBalance
Rejected_H1_ATR_P70,2015-01-05 06:00:00,500000.0,10000.0,14,-24264.0,-4.85,475736.0
Rejected_H1_ATR_P70,2015-01-12 06:00:00,475736.0,9515.0,24,87918.0,18.48,563654.0
Rejected_H1_ATR_P70,2015-01-19 06:00:00,563654.0,11273.0,21,81800.0,14.51,645453.0
Rejected_H1_ATR_P70,2015-01-26 06:00:00,645453.0,12909.0,25,138478.0,21.45,783931.0
Rejected_H1_ATR_P70,2015-02-02 06:00:00,783931.0,15679.0,18,-34175.0,-4.36,749756.0
Rejected_H1_ATR_P70,2015-02-09 06:00:00,749756.0,14995.0,33,53756.0,7.17,803512.0
Rejected_H1_ATR_P70,2015-02-16 06:00:00,803512.0,16070.0,7,-7343.0,-0.91,796169.0
Rejected_H1_ATR_P70,2015-02-23 06:00:00,796169.0,15923.0,10,-24532.0,-3.08,771637.0
Rejected_H1_ATR_P70,2015-03-02 06:00:00,771637.0,15433.0,2,9827.0,1.27,781464.0
Rejected_H1_ATR_P70,2015-03-09 06:00:00,781464.0,15629.0,32,37507.0,4.8,818971.0
Rejected_H1_ATR_P70,2015-03-16 06:00:00,818971.0,16379.0,11,51582.0,6.3,870553.0
Rejected_H1_ATR_P70,2015-03-23 06:00:00,870553.0,17411.0,17,71148.0,8.17,941701.0
Rejected_H1_ATR_P70,2015-03-30 06:00:00,941701.0,18834.0,13,-49377.0,-5.24,892323.0
Rejected_H1_ATR_P70,2015-04-06 06:00:00,892323.0,17846.0,7,11745.0,1.32,904069.0
Rejected_H1_ATR_P70,2015-04-13 06:00:00,904069.0,18081.0,16,-112027.0,-12.39,792042.0
Rejected_H1_ATR_P70,2015-04-20 06:00:00,792042.0,15841.0,7,7693.0,0.97,799735.0
Rejected_H1_ATR_P70,2015-04-27 06:00:00,799735.0,15995.0,8,24556.0,3.07,824291.0
Rejected_H1_ATR_P70,2015-05-04 06:00:00,824291.0,16486.0,12,55292.0,6.71,879583.0
Rejected_H1_ATR_P70,2015-05-11 06:00:00,879583.0,17592.0,37,-32536.0,-3.7,847047.0
Rejected_H1_ATR_P70,2015-05-18 06:00:00,847047.0,16941.0,6,-3289.0,-0.39,843758.0
Rejected_H1_ATR_P70,2015-05-25 06:00:00,843758.0,16875.0,12,-4193.0,-0.5,839565.0
Rejected_H1_ATR_P70,2015-06-01 06:00:00,839565.0,16791.0,7,35421.0,4.22,874986.0
Rejected_H1_ATR_P70,2015-06-08 06:00:00,874986.0,17500.0,32,54275.0,6.2,929261.0
Rejected_H1_ATR_P70,2015-06-15 06:00:00,929261.0,18585.0,11,100213.0,10.78,1029474.0
Rejected_H1_ATR_P70,2015-06-22 06:00:00,1029474.0,20589.0,8,18915.0,1.84,1048389.0
Rejected_H1_ATR_P70,2015-06-29 06:00:00,1048389.0,20968.0,19,162984.0,15.55,1211372.0
Rejected_H1_ATR_P70,2015-07-06 06:00:00,1211372.0,24227.0,32,19890.0,1.64,1231262.0
Rejected_H1_ATR_P70,2015-07-13 06:00:00,1231262.0,24625.0,24,234365.0,19.03,1465627.0
Rejected_H1_ATR_P70,2015-07-20 06:00:00,1465627.0,29313.0,6,31068.0,2.12,1496695.0
Rejected_H1_ATR_P70,2015-07-27 06:00:00,1496695.0,29934.0,11,210548.0,14.07,1707243.0
Rejected_H1_ATR_P70,2015-08-03 06:00:00,1707243.0,34145.0,3,-4096.0,-0.24,1703147.0
Rejected_H1_ATR_P70,2015-08-10 06:00:00,1703147.0,34063.0,7,-25600.0,-1.5,1677547.0
Rejected_H1_ATR_P70,2015-08-17 06:00:00,1677547.0,33551.0,7,37298.0,2.22,1714845.0
Rejected_H1_ATR_P70,2015-08-24 06:00:00,1714845.0,34297.0,22,-293794.0,-17.13,1421050.0
Rejected_H1_ATR_P70,2015-08-31 06:00:00,1421050.0,28421.0,13,-131055.0,-9.22,1289996.0
Rejected_H1_ATR_P70,2015-09-07 06:00:00,1289996.0,25800.0,32,330685.0,25.63,1620680.0
Rejected_H1_ATR_P70,2015-09-14 06:00:00,1620680.0,32414.0,19,-316275.0,-19.51,1304405.0
Rejected_H1_ATR_P70,2015-09-21 06:00:00,1304405.0,26088.0,24,37210.0,2.85,1341616.0
Rejected_H1_ATR_P70,2015-09-28 06:00:00,1341616.0,26832.0,10,-19786.0,-1.47,1321829.0
Rejected_H1_ATR_P70,2015-10-05 06:00:00,1321829.0,26437.0,11,-56659.0,-4.29,1265170.0
Rejected_H1_ATR_P70,2015-10-12 06:00:00,1265170.0,25303.0,7,42556.0,3.36,1307726.0
Rejected_H1_ATR_P70,2015-10-19 06:00:00,1307726.0,26155.0,6,-73592.0,-5.63,1234134.0
Rejected_H1_ATR_P70,2015-10-26 06:00:00,1234134.0,24683.0,8,17762.0,1.44,1251897.0
Rejected_H1_ATR_P70,2015-11-02 06:00:00,1251897.0,25038.0,6,-9604.0,-0.77,1242293.0
Rejected_H1_ATR_P70,2015-11-09 06:00:00,1242293.0,24846.0,15,100912.0,8.12,1343205.0
Rejected_H1_ATR_P70,2015-11-16 06:00:00,1343205.0,26864.0,7,-33339.0,-2.48,1309866.0
Rejected_H1_ATR_P70,2015-11-23 06:00:00,1309866.0,26197.0,7,52958.0,4.04,1362823.0
Rejected_H1_ATR_P70,2015-12-07 06:00:00,1362823.0,27256.0,23,-268852.0,-19.73,1093971.0
Rejected_H1_ATR_P70,2015-12-14 06:00:00,1093971.0,21879.0,18,183002.0,16.73,1276973.0
Rejected_H1_ATR_P70,2015-12-21 06:00:00,1276973.0,25539.0,6,15284.0,1.2,1292257.0
Rejected_H1_ATR_P70,2016-01-04 06:00:00,1292257.0,25845.0,17,166611.0,12.89,1458868.0
Rejected_H1_ATR_P70,2016-01-11 06:00:00,1458868.0,29177.0,39,315327.0,21.61,1774195.0
Rejected_H1_ATR_P70,2016-01-18 06:00:00,1774195.0,35484.0,15,-10856.0,-0.61,1763339.0
Rejected_H1_ATR_P70,2016-01-25 06:00:00,1763339.0,35267.0,17,-14093.0,-0.8,1749246.0
Rejected_H1_ATR_P70,2016-02-01 06:00:00,1749246.0,34985.0,13,235018.0,13.44,1984264.0
Rejected_H1_ATR_P70,2016-02-08 06:00:00,1984264.0,39685.0,37,36406.0,1.83,2020669.0
Rejected_H1_ATR_P70,2016-02-15 06:00:00,2020669.0,40413.0,22,188693.0,9.34,2209363.0
Rejected_H1_ATR_P70,2016-02-22 06:00:00,2209363.0,44187.0,28,203224.0,9.2,2412587.0
Rejected_H1_ATR_P70,2016-02-29 06:00:00,2412587.0,48252.0,16,-148298.0,-6.15,2264288.0
Rejected_H1_ATR_P70,2016-03-07 06:00:00,2264288.0,45286.0,35,206682.0,9.13,2470970.0
Rejected_H1_ATR_P70,2016-03-14 06:00:00,2470970.0,49419.0,18,-297935.0,-12.06,2173035.0
Rejected_H1_ATR_P70,2016-03-21 06:00:00,2173035.0,43461.0,10,214599.0,9.88,2387634.0
Rejected_H1_ATR_P70,2016-03-28 06:00:00,2387634.0,47753.0,2,-5253.0,-0.22,2382381.0
Rejected_H1_ATR_P70,2016-04-04 06:00:00,2382381.0,47648.0,19,174413.0,7.32,2556794.0
Rejected_H1_ATR_P70,2016-04-11 06:00:00,2556794.0,51136.0,38,905385.0,35.41,3462179.0
Rejected_H1_ATR_P70,2016-04-18 06:00:00,3462179.0,69244.0,19,700006.0,20.22,4162185.0
Rejected_H1_ATR_P70,2016-04-25 06:00:00,4162185.0,83244.0,19,473805.0,11.38,4635990.0
Rejected_H1_ATR_P70,2016-05-02 06:00:00,4635990.0,92720.0,17,378913.0,8.17,5014903.0
Rejected_H1_ATR_P70,2016-05-09 06:00:00,5014903.0,100298.0,31,-765951.0,-15.27,4248952.0
Rejected_H1_ATR_P70,2016-05-16 06:00:00,4248952.0,84979.0,14,319892.0,7.53,4568844.0
Rejected_H1_ATR_P70,2016-05-23 06:00:00,4568844.0,91377.0,8,-42482.0,-0.93,4526363.0
Rejected_H1_ATR_P70,2016-05-30 06:00:00,4526363.0,90527.0,8,374432.0,8.27,4900795.0
Rejected_H1_ATR_P70,2016-06-06 06:00:00,4900795.0,98016.0,24,931470.0,19.01,5832265.0
Rejected_H1_ATR_P70,2016-06-13 06:00:00,5832265.0,116645.0,19,905208.0,15.52,6737473.0
Rejected_H1_ATR_P70,2016-06-20 06:00:00,6737473.0,134749.0,24,2916826.0,43.29,9654298.0
Rejected_H1_ATR_P70,2016-06-27 06:00:00,9654298.0,193086.0,28,424747.0,4.4,10079045.0
Rejected_H1_ATR_P70,2016-07-04 06:00:00,10079045.0,201581.0,15,1150895.0,11.42,11229940.0
Rejected_H1_ATR_P70,2016-07-11 06:00:00,11229940.0,224599.0,27,1469208.0,13.08,12699149.0
Rejected_H1_ATR_P70,2016-07-18 06:00:00,12699149.0,253983.0,21,1165887.0,9.18,13865035.0
Rejected_H1_ATR_P70,2016-07-25 06:00:00,13865035.0,277301.0,17,-46898.0,-0.34,13818138.0
Rejected_H1_ATR_P70,2016-08-01 06:00:00,13818138.0,276363.0,12,-542090.0,-3.92,13276048.0
Rejected_H1_ATR_P70,2016-08-08 06:00:00,13276048.0,265521.0,3,483945.0,3.65,13759993.0
Rejected_H1_ATR_P70,2016-08-15 06:00:00,13759993.0,275200.0,4,610530.0,4.44,14370523.0
Rejected_H1_ATR_P70,2016-08-22 06:00:00,14370523.0,287410.0,1,-19677.0,-0.14,14350847.0
Rejected_H1_ATR_P70,2016-08-29 06:00:00,14350847.0,287017.0,1,-227563.0,-1.59,14123283.0
Rejected_H1_ATR_P70,2016-09-05 06:00:00,14123283.0,282466.0,14,-211006.0,-1.49,13912277.0
Rejected_H1_ATR_P70,2016-09-12 06:00:00,13912277.0,278246.0,14,34158.0,0.25,13946435.0
Rejected_H1_ATR_P70,2016-09-19 06:00:00,13946435.0,278929.0,3,-25192.0,-0.18,13921243.0
Rejected_H1_ATR_P70,2016-09-26 06:00:00,13921243.0,278425.0,8,-784317.0,-5.63,13136926.0
Rejected_H1_ATR_P70,2016-10-03 06:00:00,13136926.0,262739.0,6,184838.0,1.41,13321765.0
Rejected_H1_ATR_P70,2016-10-10 06:00:00,13321765.0,266435.0,9,-113767.0,-0.85,13207997.0
Rejected_H1_ATR_P70,2016-10-17 06:00:00,13207997.0,264160.0,4,-223723.0,-1.69,12984274.0
Rejected_H1_ATR_P70,2016-10-24 06:00:00,12984274.0,259685.0,1,64344.0,0.5,13048618.0
Rejected_H1_ATR_P70,2016-10-31 06:00:00,13048618.0,260972.0,2,87902.0,0.67,13136520.0
Rejected_H1_ATR_P70,2016-11-07 06:00:00,13136520.0,262730.0,37,-401059.0,-3.05,12735461.0
Rejected_H1_ATR_P70,2016-11-14 06:00:00,12735461.0,254709.0,30,975508.0,7.66,13710969.0
Rejected_H1_ATR_P70,2016-11-21 06:00:00,13710969.0,274219.0,14,680903.0,4.97,14391872.0
Rejected_H1_ATR_P70,2016-11-28 06:00:00,14391872.0,287837.0,15,-224012.0,-1.56,14167860.0
Rejected_H1_ATR_P70,2016-12-05 06:00:00,14167860.0,283357.0,16,2335433.0,16.48,16503293.0
Rejected_H1_ATR_P70,2016-12-12 06:00:00,16503293.0,330066.0,14,149686.0,0.91,16652980.0
Rejected_H1_ATR_P70,2016-12-19 06:00:00,16652980.0,333060.0,5,-369827.0,-2.22,16283152.0
Rejected_H1_ATR_P70,2017-01-02 06:00:00,16283152.0,325663.0,3,-304676.0,-1.87,15978476.0
Rejected_H1_ATR_P70,2017-01-09 06:00:00,15978476.0,319570.0,17,255717.0,1.6,16234194.0
Rejected_H1_ATR_P70,2017-01-16 06:00:00,16234194.0,324684.0,10,1137695.0,7.01,17371888.0
Rejected_H1_ATR_P70,2017-01-23 06:00:00,17371888.0,347438.0,12,-414013.0,-2.38,16957875.0
Rejected_H1_ATR_P70,2017-01-30 06:00:00,16957875.0,339158.0,1,218757.0,1.29,17176632.0
Rejected_H1_ATR_P70,2017-02-06 06:00:00,17176632.0,343533.0,4,136444.0,0.79,17313076.0
Rejected_H1_ATR_P70,2017-02-13 06:00:00,17313076.0,346262.0,4,117210.0,0.68,17430286.0
Rejected_H1_ATR_P70,2017-02-20 06:00:00,17430286.0,348606.0,3,75686.0,0.43,17505972.0
Rejected_H1_ATR_P70,2017-02-27 06:00:00,17505972.0,350119.0,4,235213.0,1.34,17741185.0
Rejected_H1_ATR_P70,2017-03-06 06:00:00,17741185.0,354824.0,1,93437.0,0.53,17834622.0
Rejected_H1_ATR_P70,2017-03-13 06:00:00,17834622.0,356692.0,1,-204334.0,-1.15,17630288.0
Rejected_H1_ATR_P70,2017-03-20 06:00:00,17630288.0,352606.0,5,-621526.0,-3.53,17008761.0
Rejected_H1_ATR_P70,2017-03-27 06:00:00,17008761.0,340175.0,3,299732.0,1.76,17308493.0
Rejected_H1_ATR_P70,2017-04-03 06:00:00,17308493.0,346170.0,1,100123.0,0.58,17408616.0
Rejected_H1_ATR_P70,2017-04-10 06:00:00,17408616.0,348172.0,6,-713366.0,-4.1,16695250.0
Rejected_H1_ATR_P70,2017-04-17 06:00:00,16695250.0,333905.0,1,231165.0,1.38,16926415.0
Rejected_H1_ATR_P70,2017-04-24 06:00:00,16926415.0,338528.0,14,-1401624.0,-8.28,15524791.0
Rejected_H1_ATR_P70,2017-05-01 06:00:00,15524791.0,310496.0,2,416340.0,2.68,15941132.0
Rejected_H1_ATR_P70,2017-05-08 06:00:00,15941132.0,318823.0,8,116158.0,0.73,16057289.0
Rejected_H1_ATR_P70,2017-05-15 06:00:00,16057289.0,321146.0,4,-114097.0,-0.71,15943192.0
Rejected_H1_ATR_P70,2017-05-22 06:00:00,15943192.0,318864.0,5,47931.0,0.3,15991123.0
Rejected_H1_ATR_P70,2017-05-29 06:00:00,15991123.0,319822.0,2,53801.0,0.34,16044924.0
Rejected_H1_ATR_P70,2017-06-05 06:00:00,16044924.0,320898.0,5,424985.0,2.65,16469909.0
Rejected_H1_ATR_P70,2017-06-12 06:00:00,16469909.0,329398.0,2,273620.0,1.66,16743529.0
Rejected_H1_ATR_P70,2017-06-19 06:00:00,16743529.0,334871.0,1,-58044.0,-0.35,16685485.0
Rejected_H1_ATR_P70,2017-06-26 06:00:00,16685485.0,333710.0,6,-568864.0,-3.41,16116621.0
Rejected_H1_ATR_P70,2017-07-10 06:00:00,16116621.0,322332.0,3,128073.0,0.79,16244694.0
Rejected_H1_ATR_P70,2017-07-17 06:00:00,16244694.0,324894.0,3,374461.0,2.31,16619155.0
Rejected_H1_ATR_P70,2017-07-24 06:00:00,16619155.0,332383.0,4,914338.0,5.5,17533494.0
Rejected_H1_ATR_P70,2017-07-31 06:00:00,17533494.0,350670.0,1,170075.0,0.97,17703569.0
Rejected_H1_ATR_P70,2017-08-07 06:00:00,17703569.0,354071.0,2,599403.0,3.39,18302972.0
Rejected_H1_ATR_P70,2017-08-14 06:00:00,18302972.0,366059.0,1,77605.0,0.42,18380577.0
Rejected_H1_ATR_P70,2017-08-21 06:00:00,18380577.0,367612.0,1,-99255.0,-0.54,18281322.0
Rejected_H1_ATR_P70,2017-08-28 06:00:00,18281322.0,365626.0,2,221465.0,1.21,18502787.0
Rejected_H1_ATR_P70,2017-09-04 06:00:00,18502787.0,370056.0,4,-482200.0,-2.61,18020587.0
Rejected_H1_ATR_P70,2017-09-11 06:00:00,18020587.0,360412.0,5,-171010.0,-0.95,17849577.0
Rejected_H1_ATR_P70,2017-09-18 06:00:00,17849577.0,356992.0,3,747285.0,4.19,18596862.0
Rejected_H1_ATR_P70,2017-09-25 06:00:00,18596862.0,371937.0,8,-537451.0,-2.89,18059410.0
Rejected_H1_ATR_P70,2017-10-23 06:00:00,18059410.0,361188.0,1,-35718.0,-0.2,18023693.0
Rejected_H1_ATR_P70,2017-11-06 06:00:00,18023693.0,360474.0,1,116954.0,0.65,18140647.0
Rejected_H1_ATR_P70,2017-11-13 06:00:00,18140647.0,362813.0,3,-230185.0,-1.27,17910462.0
Rejected_H1_ATR_P70,2017-11-20 06:00:00,17910462.0,358209.0,3,492521.0,2.75,18402983.0
Rejected_H1_ATR_P70,2017-11-27 06:00:00,18402983.0,368060.0,2,-736119.0,-4.0,17666863.0
Rejected_H1_ATR_P70,2017-12-04 06:00:00,17666863.0,353337.0,6,705050.0,3.99,18371913.0
Rejected_H1_ATR_P70,2017-12-11 06:00:00,18371913.0,367438.0,2,-22230.0,-0.12,18349683.0
Rejected_H1_ATR_P70,2018-01-15 06:00:00,18349683.0,366994.0,7,968281.0,5.28,19317964.0
Rejected_H1_ATR_P70,2018-01-22 06:00:00,19317964.0,386359.0,6,483196.0,2.5,19801159.0
Rejected_H1_ATR_P70,2018-01-29 06:00:00,19801159.0,396023.0,5,-805737.0,-4.07,18995422.0
Rejected_H1_ATR_P70,2018-02-05 06:00:00,18995422.0,379908.0,18,558409.0,2.94,19553831.0
Rejected_H1_ATR_P70,2018-02-12 06:00:00,19553831.0,391077.0,19,2330248.0,11.92,21884078.0
Rejected_H1_ATR_P70,2018-02-19 06:00:00,21884078.0,437682.0,1,208628.0,0.95,22092707.0
Rejected_H1_ATR_P70,2018-02-26 06:00:00,22092707.0,441854.0,3,532680.0,2.41,22625386.0
Rejected_H1_ATR_P70,2018-03-05 06:00:00,22625386.0,452508.0,15,2929666.0,12.95,25555052.0
Rejected_H1_ATR_P70,2018-03-19 06:00:00,25555052.0,511101.0,9,204362.0,0.8,25759414.0
Rejected_H1_ATR_P70,2018-03-26 06:00:00,25759414.0,515188.0,5,1024652.0,3.98,26784066.0
Rejected_H1_ATR_P70,2018-04-02 06:00:00,26784066.0,535681.0,1,-535681.0,-2.0,26248385.0
Rejected_H1_ATR_P70,2018-04-16 06:00:00,26248385.0,524968.0,1,139991.0,0.53,26388376.0
Rejected_H1_ATR_P70,2018-04-23 06:00:00,26388376.0,527768.0,1,-201724.0,-0.76,26186652.0
Rejected_H1_ATR_P70,2018-05-07 06:00:00,26186652.0,523733.0,2,74952.0,0.29,26261604.0
Rejected_H1_ATR_P70,2018-05-21 06:00:00,26261604.0,525232.0,6,2655807.0,10.11,28917411.0
Rejected_H1_ATR_P70,2018-05-28 06:00:00,28917411.0,578348.0,8,644094.0,2.23,29561505.0
Rejected_H1_ATR_P70,2018-06-04 06:00:00,29561505.0,591230.0,7,933487.0,3.16,30494992.0
Rejected_H1_ATR_P70,2018-06-11 06:00:00,30494992.0,609900.0,5,117372.0,0.38,30612364.0
Rejected_H1_ATR_P70,2018-06-18 06:00:00,30612364.0,612247.0,4,1305165.0,4.26,31917528.0
Rejected_H1_ATR_P70,2018-06-25 06:00:00,31917528.0,638351.0,4,1042675.0,3.27,32960203.0
Rejected_H1_ATR_P70,2018-07-09 06:00:00,32960203.0,659204.0,3,-1099992.0,-3.34,31860211.0
Rejected_H1_ATR_P70,2018-07-16 06:00:00,31860211.0,637204.0,1,97705.0,0.31,31957916.0
Rejected_H1_ATR_P70,2018-08-13 06:00:00,31957916.0,639158.0,10,-1356141.0,-4.24,30601775.0
Rejected_H1_ATR_P70,2018-08-27 06:00:00,30601775.0,612035.0,1,402583.0,1.32,31004358.0
Rejected_H1_ATR_P70,2018-09-03 06:00:00,31004358.0,620087.0,2,600796.0,1.94,31605154.0
Rejected_H1_ATR_P70,2018-09-10 06:00:00,31605154.0,632103.0,3,429765.0,1.36,32034919.0
Rejected_H1_ATR_P70,2018-10-01 06:00:00,32034919.0,640698.0,2,624183.0,1.95,32659102.0
Rejected_H1_ATR_P70,2018-10-08 06:00:00,32659102.0,653182.0,3,903367.0,2.77,33562469.0
Rejected_H1_ATR_P70,2018-10-22 06:00:00,33562469.0,671249.0,1,284506.0,0.85,33846976.0
Rejected_H1_ATR_P70,2018-10-29 06:00:00,33846976.0,676940.0,4,366966.0,1.08,34213941.0
Rejected_H1_ATR_P70,2018-11-05 06:00:00,34213941.0,684279.0,2,-154308.0,-0.45,34059633.0
Rejected_H1_ATR_P70,2018-11-12 06:00:00,34059633.0,681193.0,13,1402823.0,4.12,35462456.0
Rejected_H1_ATR_P70,2018-11-19 06:00:00,35462456.0,709249.0,4,1121719.0,3.16,36584175.0
Rejected_H1_ATR_P70,2018-11-26 06:00:00,36584175.0,731683.0,1,374988.0,1.02,36959162.0
Rejected_H1_ATR_P70,2018-12-03 06:00:00,36959162.0,739183.0,4,772977.0,2.09,37732139.0
Rejected_H1_ATR_P70,2018-12-10 06:00:00,37732139.0,754643.0,15,-720154.0,-1.91,37011985.0
Rejected_H1_ATR_P70,2018-12-17 06:00:00,37011985.0,740240.0,1,356960.0,0.96,37368945.0
Rejected_H1_ATR_P70,2018-12-24 06:00:00,37368945.0,747379.0,1,34379.0,0.09,37403325.0
Rejected_H1_ATR_P70,2019-01-07 06:00:00,37403325.0,748066.0,9,2534630.0,6.78,39937955.0
Rejected_H1_ATR_P70,2019-01-14 06:00:00,39937955.0,798759.0,9,-1286142.0,-3.22,38651813.0
Rejected_H1_ATR_P70,2019-01-21 06:00:00,38651813.0,773036.0,2,567752.0,1.47,39219566.0
Rejected_H1_ATR_P70,2019-01-28 06:00:00,39219566.0,784391.0,1,264732.0,0.68,39484298.0
Rejected_H1_ATR_P70,2019-02-04 06:00:00,39484298.0,789686.0,1,279900.0,0.71,39764198.0
Rejected_H1_ATR_P70,2019-02-11 06:00:00,39764198.0,795284.0,1,578967.0,1.46,40343164.0
Rejected_H1_ATR_P70,2019-02-18 06:00:00,40343164.0,806863.0,4,2645231.0,6.56,42988395.0
Rejected_H1_ATR_P70,2019-02-25 06:00:00,42988395.0,859768.0,2,932097.0,2.17,43920492.0
Rejected_H1_ATR_P70,2019-03-04 06:00:00,43920492.0,878410.0,1,-25376.0,-0.06,43895115.0
Rejected_H1_ATR_P70,2019-03-11 06:00:00,43895115.0,877902.0,11,-953406.0,-2.17,42941709.0
Rejected_H1_ATR_P70,2019-03-18 06:00:00,42941709.0,858834.0,2,1044915.0,2.43,43986624.0
Rejected_H1_ATR_P70,2019-03-25 06:00:00,43986624.0,879732.0,8,-1469508.0,-3.34,42517116.0
Rejected_H1_ATR_P70,2019-04-01 06:00:00,42517116.0,850342.0,1,429895.0,1.01,42947012.0
Rejected_H1_ATR_P70,2019-05-06 06:00:00,42947012.0,858940.0,5,577332.0,1.34,43524343.0
Rejected_H1_ATR_P70,2019-05-13 06:00:00,43524343.0,870487.0,1,-276234.0,-0.63,43248109.0
Rejected_H1_ATR_P70,2019-05-20 06:00:00,43248109.0,864962.0,1,-616785.0,-1.43,42631324.0
Rejected_H1_ATR_P70,2019-08-05 06:00:00,42631324.0,852626.0,13,443767.0,1.04,43075091.0
Rejected_H1_ATR_P70,2019-08-12 06:00:00,43075091.0,861502.0,4,-1813793.0,-4.21,41261298.0
Rejected_H1_ATR_P70,2019-08-26 06:00:00,41261298.0,825226.0,8,2380825.0,5.77,43642123.0
Rejected_H1_ATR_P70,2019-09-02 06:00:00,43642123.0,872842.0,1,-48342.0,-0.11,43593781.0
Rejected_H1_ATR_P70,2019-09-09 06:00:00,43593781.0,871876.0,6,-1868771.0,-4.29,41725010.0
Rejected_H1_ATR_P70,2019-09-16 06:00:00,41725010.0,834500.0,1,658328.0,1.58,42383338.0
Rejected_H1_ATR_P70,2019-10-07 06:00:00,42383338.0,847667.0,3,-1670845.0,-3.94,40712493.0
Rejected_H1_ATR_P70,2019-10-14 06:00:00,40712493.0,814250.0,9,1735995.0,4.26,42448488.0
Rejected_H1_ATR_P70,2019-10-21 06:00:00,42448488.0,848970.0,3,-122002.0,-0.29,42326486.0
Rejected_H1_ATR_P70,2019-12-09 06:00:00,42326486.0,846530.0,6,3065566.0,7.24,45392052.0
Rejected_H1_ATR_P70,2019-12-16 06:00:00,45392052.0,907841.0,4,-1436360.0,-3.16,43955691.0
Rejected_H1_ATR_P70,2020-01-06 06:00:00,43955691.0,879114.0,7,2229707.0,5.07,46185398.0
Rejected_H1_ATR_P70,2020-01-13 06:00:00,46185398.0,923708.0,1,711871.0,1.54,46897269.0
Rejected_H1_ATR_P70,2020-01-27 06:00:00,46897269.0,937945.0,1,965042.0,2.06,47862311.0
Rejected_H1_ATR_P70,2020-02-03 06:00:00,47862311.0,957246.0,3,136732.0,0.29,47999043.0
Rejected_H1_ATR_P70,2020-02-10 06:00:00,47999043.0,959981.0,2,-109496.0,-0.23,47889547.0
Rejected_H1_ATR_P70,2020-02-17 06:00:00,47889547.0,957791.0,3,-993974.0,-2.08,46895573.0
Rejected_H1_ATR_P70,2020-02-24 06:00:00,46895573.0,937911.0,7,4040229.0,8.62,50935802.0
Rejected_H1_ATR_P70,2020-03-02 06:00:00,50935802.0,1018716.0,19,6312003.0,12.39,57247805.0
Rejected_H1_ATR_P70,2020-03-09 06:00:00,57247805.0,1144956.0,41,-6272191.0,-10.96,50975613.0
Rejected_H1_ATR_P70,2020-03-16 06:00:00,50975613.0,1019512.0,23,-1651832.0,-3.24,49323782.0
Rejected_H1_ATR_P70,2020-03-23 06:00:00,49323782.0,986476.0,34,23556151.0,47.76,72879933.0
Rejected_H1_ATR_P70,2020-03-30 06:00:00,72879933.0,1457599.0,19,461211.0,0.63,73341143.0
Rejected_H1_ATR_P70,2020-04-06 06:00:00,73341143.0,1466823.0,27,2932285.0,4.0,76273428.0
Rejected_H1_ATR_P70,2020-04-13 06:00:00,76273428.0,1525469.0,24,-7209218.0,-9.45,69064210.0
Rejected_H1_ATR_P70,2020-04-20 06:00:00,69064210.0,1381284.0,16,-582044.0,-0.84,68482166.0
Rejected_H1_ATR_P70,2020-04-27 06:00:00,68482166.0,1369643.0,8,6427390.0,9.39,74909556.0
Rejected_H1_ATR_P70,2020-05-04 06:00:00,74909556.0,1498191.0,8,5057694.0,6.75,79967251.0
Rejected_H1_ATR_P70,2020-05-11 06:00:00,79967251.0,1599345.0,27,4321475.0,5.4,84288725.0
Rejected_H1_ATR_P70,2020-05-18 06:00:00,84288725.0,1685775.0,11,-4202794.0,-4.99,80085931.0
Rejected_H1_ATR_P70,2020-05-25 06:00:00,80085931.0,1601719.0,6,-4074238.0,-5.09,76011693.0
Rejected_H1_ATR_P70,2020-06-01 06:00:00,76011693.0,1520234.0,11,8386823.0,11.03,84398516.0
Rejected_H1_ATR_P70,2020-06-08 06:00:00,84398516.0,1687970.0,28,4701310.0,5.57,89099826.0
Rejected_H1_ATR_P70,2020-06-15 06:00:00,89099826.0,1781997.0,24,9354002.0,10.5,98453828.0
Rejected_H1_ATR_P70,2020-06-22 06:00:00,98453828.0,1969077.0,8,6436724.0,6.54,104890552.0
Rejected_H1_ATR_P70,2020-07-20 06:00:00,104890552.0,2097811.0,3,1803119.0,1.72,106693670.0
Rejected_H1_ATR_P70,2020-07-27 06:00:00,106693670.0,2133873.0,6,-2547845.0,-2.39,104145826.0
Rejected_H1_ATR_P70,2020-08-03 06:00:00,104145826.0,2082917.0,4,-1862136.0,-1.79,102283689.0
Rejected_H1_ATR_P70,2020-09-07 06:00:00,102283689.0,2045674.0,10,1503736.0,1.47,103787426.0
Rejected_H1_ATR_P70,2020-09-14 06:00:00,103787426.0,2075749.0,1,-293372.0,-0.28,103494053.0
Rejected_H1_ATR_P70,2020-09-21 06:00:00,103494053.0,2069881.0,3,1889563.0,1.83,105383616.0
Rejected_H1_ATR_P70,2020-09-28 06:00:00,105383616.0,2107672.0,1,-970487.0,-0.92,104413128.0
Rejected_H1_ATR_P70,2020-10-12 06:00:00,104413128.0,2088263.0,1,-315560.0,-0.3,104097569.0
Rejected_H1_ATR_P70,2020-10-26 06:00:00,104097569.0,2081951.0,1,1212158.0,1.16,105309727.0
Rejected_H1_ATR_P70,2020-11-02 06:00:00,105309727.0,2106195.0,9,-2014090.0,-1.91,103295637.0
Rejected_H1_ATR_P70,2020-11-09 06:00:00,103295637.0,2065913.0,16,4128379.0,4.0,107424016.0
Rejected_H1_ATR_P70,2020-12-07 06:00:00,107424016.0,2148480.0,7,10809460.0,10.06,118233476.0
Rejected_H1_ATR_P70,2020-12-14 06:00:00,118233476.0,2364670.0,2,-335138.0,-0.28,117898338.0
Rejected_H1_ATR_P70,2020-12-21 06:00:00,117898338.0,2357967.0,6,-1192336.0,-1.01,116706002.0
Rejected_H1_ATR_P70,2021-01-04 06:00:00,116706002.0,2334120.0,3,5098355.0,4.37,121804357.0
Rejected_H1_ATR_P70,2021-01-11 06:00:00,121804357.0,2436087.0,3,-322782.0,-0.27,121481575.0
Rejected_H1_ATR_P70,2021-01-25 06:00:00,121481575.0,2429632.0,2,-577037.0,-0.48,120904538.0
Rejected_H1_ATR_P70,2021-02-01 06:00:00,120904538.0,2418091.0,3,4763716.0,3.94,125668253.0
Rejected_H1_ATR_P70,2021-02-22 06:00:00,125668253.0,2513365.0,7,4143879.0,3.3,129812132.0
Rejected_H1_ATR_P70,2021-03-01 06:00:00,129812132.0,2596243.0,4,7252089.0,5.59,137064221.0
Rejected_H1_ATR_P70,2021-03-08 06:00:00,137064221.0,2741284.0,10,6215944.0,4.54,143280164.0
Rejected_H1_ATR_P70,2021-03-15 06:00:00,143280164.0,2865603.0,2,162384.0,0.11,143442548.0
Rejected_H1_ATR_P70,2021-05-10 06:00:00,143442548.0,2868851.0,2,674180.0,0.47,144116728.0
Rejected_H1_ATR_P70,2021-06-21 06:00:00,144116728.0,2882335.0,1,1013251.0,0.7,145129980.0
Rejected_H1_ATR_P70,2021-07-12 06:00:00,145129980.0,2902600.0,1,1008653.0,0.7,146138633.0
Rejected_H1_ATR_P70,2021-07-19 06:00:00,146138633.0,2922773.0,3,1038209.0,0.71,147176842.0
Rejected_H1_ATR_P70,2021-09-20 06:00:00,147176842.0,2943537.0,2,194273.0,0.13,147371115.0
Rejected_H1_ATR_P70,2021-10-04 06:00:00,147371115.0,2947422.0,1,253932.0,0.17,147625047.0
Rejected_H1_ATR_P70,2021-10-11 06:00:00,147625047.0,2952501.0,1,-738125.0,-0.5,146886922.0
Rejected_H1_ATR_P70,2021-10-18 06:00:00,146886922.0,2937738.0,1,1468869.0,1.0,148355791.0
Rejected_H1_ATR_P70,2021-11-08 06:00:00,148355791.0,2967116.0,1,-637930.0,-0.43,147717861.0
Rejected_H1_ATR_P70,2021-11-22 06:00:00,147717861.0,2954357.0,4,5274998.0,3.57,152992860.0
Rejected_H1_ATR_P70,2021-11-29 06:00:00,152992860.0,3059857.0,12,16475078.0,10.77,169467938.0
Rejected_H1_ATR_P70,2021-12-06 06:00:00,169467938.0,3389359.0,5,9519687.0,5.62,178987624.0
Rejected_H1_ATR_P70,2021-12-13 06:00:00,178987624.0,3579752.0,1,-3579752.0,-2.0,175407872.0
Rejected_H1_ATR_P70,2022-01-10 06:00:00,175407872.0,3508157.0,1,-1824242.0,-1.04,173583630.0
Rejected_H1_ATR_P70,2022-01-17 06:00:00,173583630.0,3471673.0,2,1738291.0,1.0,175321921.0
Rejected_H1_ATR_P70,2022-01-24 06:00:00,175321921.0,3506438.0,5,-7207484.0,-4.11,168114437.0
Rejected_H1_ATR_P70,2022-01-31 06:00:00,168114437.0,3362289.0,2,7070413.0,4.21,175184850.0
Rejected_H1_ATR_P70,2022-02-07 06:00:00,175184850.0,3503697.0,7,1280336.0,0.73,176465186.0
Rejected_H1_ATR_P70,2022-02-14 06:00:00,176465186.0,3529304.0,15,3729451.0,2.11,180194636.0
Rejected_H1_ATR_P70,2022-02-21 06:00:00,180194636.0,3603893.0,9,4693870.0,2.6,184888506.0
Rejected_H1_ATR_P70,2022-02-28 06:00:00,184888506.0,3697770.0,8,2069548.0,1.12,186958054.0
Rejected_H1_ATR_P70,2022-03-07 06:00:00,186958054.0,3739161.0,22,8635304.0,4.62,195593358.0
Rejected_H1_ATR_P70,2022-03-14 06:00:00,195593358.0,3911867.0,12,-16606502.0,-8.49,178986856.0
Rejected_H1_ATR_P70,2022-03-21 06:00:00,178986856.0,3579737.0,9,-10273540.0,-5.74,168713316.0
Rejected_H1_ATR_P70,2022-03-28 06:00:00,168713316.0,3374266.0,20,51455716.0,30.5,220169033.0
Rejected_H1_ATR_P70,2022-04-04 06:00:00,220169033.0,4403381.0,4,-7740724.0,-3.52,212428309.0
Rejected_H1_ATR_P70,2022-04-11 06:00:00,212428309.0,4248566.0,6,-3901701.0,-1.84,208526608.0
Rejected_H1_ATR_P70,2022-04-18 06:00:00,208526608.0,4170532.0,11,29862763.0,14.32,238389371.0
Rejected_H1_ATR_P70,2022-04-25 06:00:00,238389371.0,4767787.0,29,-11052887.0,-4.64,227336484.0
Rejected_H1_ATR_P70,2022-05-02 06:00:00,227336484.0,4546730.0,8,4634167.0,2.04,231970651.0
Rejected_H1_ATR_P70,2022-05-09 06:00:00,231970651.0,4639413.0,40,27287896.0,11.76,259258547.0
Rejected_H1_ATR_P70,2022-05-16 06:00:00,259258547.0,5185171.0,28,-35278757.0,-13.61,223979790.0
Rejected_H1_ATR_P70,2022-05-23 06:00:00,223979790.0,4479596.0,28,26554035.0,11.86,250533825.0
Rejected_H1_ATR_P70,2022-05-30 06:00:00,250533825.0,5010676.0,3,10204282.0,4.07,260738107.0
Rejected_H1_ATR_P70,2022-06-06 06:00:00,260738107.0,5214762.0,13,20286205.0,7.78,281024312.0
Rejected_H1_ATR_P70,2022-06-13 06:00:00,281024312.0,5620486.0,22,-22335164.0,-7.95,258689148.0
Rejected_H1_ATR_P70,2022-06-20 06:00:00,258689148.0,5173783.0,23,35771579.0,13.83,294460727.0
Rejected_H1_ATR_P70,2022-06-27 06:00:00,294460727.0,5889215.0,20,15834673.0,5.38,310295400.0
Rejected_H1_ATR_P70,2022-07-04 06:00:00,310295400.0,6205908.0,20,29459973.0,9.49,339755373.0
Rejected_H1_ATR_P70,2022-07-11 06:00:00,339755373.0,6795107.0,30,-14565226.0,-4.29,325190147.0
Rejected_H1_ATR_P70,2022-07-18 06:00:00,325190147.0,6503803.0,10,5438858.0,1.67,330629006.0
Rejected_H1_ATR_P70,2022-07-25 06:00:00,330629006.0,6612580.0,20,113522723.0,34.34,444151729.0
Rejected_H1_ATR_P70,2022-08-01 06:00:00,444151729.0,8883035.0,16,-33360773.0,-7.51,410790955.0
Rejected_H1_ATR_P70,2022-08-08 06:00:00,410790955.0,8215819.0,9,22935096.0,5.58,433726051.0
Rejected_H1_ATR_P70,2022-08-15 06:00:00,433726051.0,8674521.0,8,-26382703.0,-6.08,407343348.0
Rejected_H1_ATR_P70,2022-08-22 06:00:00,407343348.0,8146867.0,5,-11587352.0,-2.84,395755997.0
Rejected_H1_ATR_P70,2022-08-29 06:00:00,395755997.0,7915120.0,7,43822124.0,11.07,439578121.0
Rejected_H1_ATR_P70,2022-09-05 06:00:00,439578121.0,8791562.0,15,87484526.0,19.9,527062647.0
Rejected_H1_ATR_P70,2022-09-12 06:00:00,527062647.0,10541253.0,24,-58050214.0,-11.01,469012434.0
Rejected_H1_ATR_P70,2022-09-19 06:00:00,469012434.0,9380249.0,12,51281562.0,10.93,520293996.0
Rejected_H1_ATR_P70,2022-09-26 06:00:00,520293996.0,10405880.0,31,96076405.0,18.47,616370401.0
Rejected_H1_ATR_P70,2022-10-03 06:00:00,616370401.0,12327408.0,17,103406447.0,16.78,719776849.0
Rejected_H1_ATR_P70,2022-10-10 06:00:00,719776849.0,14395537.0,14,45335763.0,6.3,765112611.0
Rejected_H1_ATR_P70,2022-10-17 06:00:00,765112611.0,15302252.0,14,44825448.0,5.86,809938060.0
Rejected_H1_ATR_P70,2022-10-24 06:00:00,809938060.0,16198761.0,18,65677146.0,8.11,875615206.0
Rejected_H1_ATR_P70,2022-10-31 06:00:00,875615206.0,17512304.0,8,-901189.0,-0.1,874714018.0
Rejected_H1_ATR_P70,2022-11-07 06:00:00,874714018.0,17494280.0,35,157727051.0,18.03,1032441069.0
Rejected_H1_ATR_P70,2022-11-14 06:00:00,1032441069.0,20648821.0,30,74282501.0,7.19,1106723569.0
Rejected_H1_ATR_P70,2022-11-21 06:00:00,1106723569.0,22134471.0,9,166397064.0,15.04,1273120634.0
Rejected_H1_ATR_P70,2022-11-28 06:00:00,1273120634.0,25462413.0,13,17799983.0,1.4,1290920616.0
Rejected_H1_ATR_P70,2022-12-05 06:00:00,1290920616.0,25818412.0,14,25728276.0,1.99,1316648892.0
Rejected_H1_ATR_P70,2022-12-12 06:00:00,1316648892.0,26332978.0,13,18921442.0,1.44,1335570334.0
Rejected_H1_ATR_P70,2022-12-19 06:00:00,1335570334.0,26711407.0,20,130564288.0,9.78,1466134622.0
Rejected_H1_ATR_P70,2023-01-02 06:00:00,1466134622.0,29322692.0,10,247832246.0,16.9,1713966868.0
Rejected_H1_ATR_P70,2023-01-09 06:00:00,1713966868.0,34279337.0,24,347910138.0,20.3,2061877006.0
Rejected_H1_ATR_P70,2023-01-16 06:00:00,2061877006.0,41237540.0,15,11331109.0,0.55,2073208116.0
Rejected_H1_ATR_P70,2023-01-23 06:00:00,2073208116.0,41464162.0,21,105795892.0,5.1,2179004008.0
Rejected_H1_ATR_P70,2023-01-30 06:00:00,2179004008.0,43580080.0,5,119545002.0,5.49,2298549010.0
Rejected_H1_ATR_P70,2023-02-06 06:00:00,2298549010.0,45970980.0,12,9428501.0,0.41,2307977510.0
Rejected_H1_ATR_P70,2023-02-13 06:00:00,2307977510.0,46159550.0,11,36535932.0,1.58,2344513443.0
Rejected_H1_ATR_P70,2023-02-20 06:00:00,2344513443.0,46890269.0,6,91457265.0,3.9,2435970708.0
Rejected_H1_ATR_P70,2023-02-27 06:00:00,2435970708.0,48719414.0,3,51848283.0,2.13,2487818991.0
Rejected_H1_ATR_P70,2023-03-06 06:00:00,2487818991.0,49756380.0,1,29256751.0,1.18,2517075742.0
Rejected_H1_ATR_P70,2023-03-13 06:00:00,2517075742.0,50341515.0,36,840411640.0,33.39,3357487382.0
Rejected_H1_ATR_P70,2023-03-20 06:00:00,3357487382.0,67149748.0,20,199474873.0,5.94,3556962255.0
Rejected_H1_ATR_P70,2023-03-27 06:00:00,3556962255.0,71139245.0,17,740110715.0,20.81,4297072970.0
Rejected_H1_ATR_P70,2023-04-03 06:00:00,4297072970.0,85941459.0,17,-316884696.0,-7.37,3980188274.0
Rejected_H1_ATR_P70,2023-04-10 06:00:00,3980188274.0,79603765.0,11,359463390.0,9.03,4339651664.0
Rejected_H1_ATR_P70,2023-04-17 06:00:00,4339651664.0,86793033.0,3,-5861868.0,-0.14,4333789796.0
Rejected_H1_ATR_P70,2023-04-24 06:00:00,4333789796.0,86675796.0,9,-60574567.0,-1.4,4273215229.0
Rejected_H1_ATR_P70,2023-05-01 06:00:00,4273215229.0,85464305.0,5,109667712.0,2.57,4382882941.0
Rejected_H1_ATR_P70,2023-05-08 06:00:00,4382882941.0,87657659.0,9,-106053245.0,-2.42,4276829696.0
Rejected_H1_ATR_P70,2023-05-15 06:00:00,4276829696.0,85536594.0,2,-47271762.0,-1.11,4229557934.0
Rejected_H1_ATR_P70,2023-05-22 06:00:00,4229557934.0,84591159.0,8,25320475.0,0.6,4254878409.0
Rejected_H1_ATR_P70,2023-05-29 06:00:00,4254878409.0,85097568.0,5,-195867729.0,-4.6,4059010680.0
Rejected_H1_ATR_P70,2023-06-12 06:00:00,4059010680.0,81180214.0,5,278007539.0,6.85,4337018219.0
Rejected_H1_ATR_P70,2023-06-19 06:00:00,4337018219.0,86740364.0,9,64727664.0,1.49,4401745884.0
Rejected_H1_ATR_P70,2023-06-26 06:00:00,4401745884.0,88034918.0,7,12486125.0,0.28,4414232009.0
Rejected_H1_ATR_P70,2023-07-03 06:00:00,4414232009.0,88284640.0,2,-65840723.0,-1.49,4348391286.0
Rejected_H1_ATR_P70,2023-07-10 06:00:00,4348391286.0,86967826.0,17,-390487024.0,-8.98,3957904262.0
Rejected_H1_ATR_P70,2023-07-17 06:00:00,3957904262.0,79158085.0,12,-17320042.0,-0.44,3940584220.0
Rejected_H1_ATR_P70,2023-07-24 06:00:00,3940584220.0,78811684.0,13,233432501.0,5.92,4174016720.0
Rejected_H1_ATR_P70,2023-07-31 06:00:00,4174016720.0,83480334.0,14,281663668.0,6.75,4455680388.0
Rejected_H1_ATR_P70,2023-08-07 06:00:00,4455680388.0,89113608.0,7,186153213.0,4.18,4641833600.0
Rejected_H1_ATR_P70,2023-08-14 06:00:00,4641833600.0,92836672.0,6,-73031515.0,-1.57,4568802085.0
Rejected_H1_ATR_P70,2023-08-21 06:00:00,4568802085.0,91376042.0,3,126301995.0,2.76,4695104081.0
Rejected_H1_ATR_P70,2023-08-28 06:00:00,4695104081.0,93902082.0,1,121804414.0,2.59,4816908495.0
Rejected_H1_ATR_P70,2023-09-04 06:00:00,4816908495.0,96338170.0,5,56218674.0,1.17,4873127169.0
Rejected_H1_ATR_P70,2023-09-11 06:00:00,4873127169.0,97462543.0,7,420997013.0,8.64,5294124182.0
Rejected_H1_ATR_P70,2023-09-18 06:00:00,5294124182.0,105882484.0,1,4941183.0,0.09,5299065365.0
Rejected_H1_ATR_P70,2023-10-02 06:00:00,5299065365.0,105981307.0,4,-105818259.0,-2.0,5193247106.0
Rejected_H1_ATR_P70,2023-10-09 06:00:00,5193247106.0,103864942.0,3,-185621489.0,-3.57,5007625616.0
Rejected_H1_ATR_P70,2023-10-16 06:00:00,5007625616.0,100152512.0,1,77040.0,0.0,5007702657.0
Rejected_H1_ATR_P70,2023-10-23 06:00:00,5007702657.0,100154053.0,1,-19398259.0,-0.39,4988304398.0
Rejected_H1_ATR_P70,2023-11-13 06:00:00,4988304398.0,99766088.0,3,140614758.0,2.82,5128919156.0
Rejected_H1_ATR_P70,2023-11-20 06:00:00,5128919156.0,102578383.0,8,546634066.0,10.66,5675553223.0
Rejected_H1_ATR_P70,2023-11-27 06:00:00,5675553223.0,113511064.0,8,-195986099.0,-3.45,5479567124.0
Rejected_H1_ATR_P70,2023-12-04 06:00:00,5479567124.0,109591342.0,5,-404026749.0,-7.37,5075540375.0
Rejected_H1_ATR_P70,2023-12-11 06:00:00,5075540375.0,101510807.0,12,325750102.0,6.42,5401290477.0
Rejected_H1_ATR_P70,2023-12-18 06:00:00,5401290477.0,108025810.0,12,851627471.0,15.77,6252917948.0
Rejected_H1_ATR_P70,2024-01-01 06:00:00,6252917948.0,125058359.0,2,-250116718.0,-4.0,6002801230.0
Rejected_H1_ATR_P70,2024-01-08 06:00:00,6002801230.0,120056025.0,6,86056642.0,1.43,6088857872.0
Rejected_H1_ATR_P70,2024-01-15 06:00:00,6088857872.0,121777157.0,2,75339468.0,1.24,6164197340.0
Rejected_H1_ATR_P70,2024-01-22 06:00:00,6164197340.0,123283947.0,7,-132080309.0,-2.14,6032117031.0
Rejected_H1_ATR_P70,2024-01-29 06:00:00,6032117031.0,120642341.0,1,965139.0,0.02,6033082170.0
Rejected_H1_ATR_P70,2024-02-05 06:00:00,6033082170.0,120661643.0,1,-1042078.0,-0.02,6032040092.0
Rejected_H1_ATR_P70,2024-02-26 06:00:00,6032040092.0,120640802.0,1,42668747.0,0.71,6074708839.0
Rejected_H1_ATR_P70,2024-03-11 06:00:00,6074708839.0,121494177.0,2,20062115.0,0.33,6094770954.0
Rejected_H1_ATR_P70,2024-03-18 06:00:00,6094770954.0,121895419.0,2,213785812.0,3.51,6308556766.0
Rejected_H1_ATR_P70,2024-04-08 06:00:00,6308556766.0,126171135.0,3,-18750433.0,-0.3,6289806334.0
Rejected_H1_ATR_P70,2024-04-15 06:00:00,6289806334.0,125796127.0,5,242455313.0,3.85,6532261647.0
Rejected_H1_ATR_P70,2024-04-22 06:00:00,6532261647.0,130645233.0,1,21305223.0,0.33,6553566869.0
Rejected_H1_ATR_P70,2024-04-29 06:00:00,6553566869.0,131071337.0,10,457211713.0,6.98,7010778582.0
Rejected_H1_ATR_P70,2024-05-06 06:00:00,7010778582.0,140215572.0,4,32759768.0,0.47,7043538350.0
Rejected_H1_ATR_P70,2024-05-13 06:00:00,7043538350.0,140870767.0,2,-281741534.0,-4.0,6761796816.0
Rejected_H1_ATR_P70,2024-06-03 06:00:00,6761796816.0,135235936.0,7,268905183.0,3.98,7030701999.0
Rejected_H1_ATR_P70,2024-06-10 06:00:00,7030701999.0,140614040.0,7,152309557.0,2.17,7183011556.0
Rejected_H1_ATR_P70,2024-06-17 06:00:00,7183011556.0,143660231.0,3,90779584.0,1.26,7273791140.0
Rejected_H1_ATR_P70,2024-06-24 06:00:00,7273791140.0,145475823.0,3,229156749.0,3.15,7502947889.0
Rejected_H1_ATR_P70,2024-07-01 06:00:00,7502947889.0,150058958.0,1,71027907.0,0.95,7573975796.0
Rejected_H1_ATR_P70,2024-07-08 06:00:00,7573975796.0,151479516.0,7,113643736.0,1.5,7687619532.0
Rejected_H1_ATR_P70,2024-07-15 06:00:00,7687619532.0,153752391.0,8,-659885737.0,-8.58,7027733796.0
Rejected_H1_ATR_P70,2024-07-22 06:00:00,7027733796.0,140554676.0,16,-248250137.0,-3.53,6779483659.0
Rejected_H1_ATR_P70,2024-07-29 06:00:00,6779483659.0,135589673.0,8,-103930229.0,-1.53,6675553429.0
Rejected_H1_ATR_P70,2024-08-05 06:00:00,6675553429.0,133511069.0,26,979609612.0,14.67,7655163041.0
Rejected_H1_ATR_P70,2024-08-12 06:00:00,7655163041.0,153103261.0,12,66388490.0,0.87,7721551532.0
Rejected_H1_ATR_P70,2024-08-19 06:00:00,7721551532.0,154431031.0,16,13017461.0,0.17,7734568993.0
Rejected_H1_ATR_P70,2024-08-26 06:00:00,7734568993.0,154691380.0,14,363046721.0,4.69,8097615714.0
Rejected_H1_ATR_P70,2024-09-02 06:00:00,8097615714.0,161952314.0,12,222282814.0,2.75,8319898528.0
Rejected_H1_ATR_P70,2024-09-09 06:00:00,8319898528.0,166397971.0,23,238669435.0,2.87,8558567964.0
Rejected_H1_ATR_P70,2024-09-16 06:00:00,8558567964.0,171171359.0,10,1096030904.0,12.81,9654598868.0
Rejected_H1_ATR_P70,2024-09-23 06:00:00,9654598868.0,193091977.0,19,-576995806.0,-5.98,9077603062.0
Rejected_H1_ATR_P70,2024-09-30 06:00:00,9077603062.0,181552061.0,13,3195588495.0,35.2,12273191557.0
Rejected_H1_ATR_P70,2024-10-07 06:00:00,12273191557.0,245463831.0,14,-1140251127.0,-9.29,11132940430.0
Rejected_H1_ATR_P70,2024-10-14 06:00:00,11132940430.0,222658809.0,3,-86897833.0,-0.78,11046042597.0
Rejected_H1_ATR_P70,2024-10-21 06:00:00,11046042597.0,220920852.0,8,753351434.0,6.82,11799394031.0
Rejected_H1_ATR_P70,2024-10-28 06:00:00,11799394031.0,235987881.0,11,541513948.0,4.59,12340907979.0
Rejected_H1_ATR_P70,2024-11-04 06:00:00,12340907979.0,246818160.0,12,1242462177.0,10.07,13583370156.0
Rejected_H1_ATR_P70,2024-11-11 06:00:00,13583370156.0,271667403.0,8,-126376757.0,-0.93,13456993399.0
Rejected_H1_ATR_P70,2024-11-18 06:00:00,13456993399.0,269139868.0,14,1102461966.0,8.19,14559455365.0
Rejected_H1_ATR_P70,2024-11-25 06:00:00,14559455365.0,291189107.0,19,-247744079.0,-1.7,14311711286.0
Rejected_H1_ATR_P70,2024-12-02 06:00:00,14311711286.0,286234226.0,13,-909121840.0,-6.35,13402589446.0
Rejected_H1_ATR_P70,2024-12-09 06:00:00,13402589446.0,268051789.0,15,2447720638.0,18.26,15850310085.0
Rejected_H1_ATR_P70,2024-12-16 06:00:00,15850310085.0,317006202.0,8,1810472279.0,11.42,17660782363.0
Rejected_H1_ATR_P70,2024-12-23 06:00:00,17660782363.0,353215647.0,4,263992253.0,1.49,17924774617.0
Rejected_H1_ATR_P70,2025-01-06 06:00:00,17924774617.0,358495492.0,10,1237815337.0,6.91,19162589954.0
Rejected_H1_ATR_P70,2025-01-13 06:00:00,19162589954.0,383251799.0,9,1327361487.0,6.93,20489951441.0
Rejected_H1_ATR_P70,2025-01-20 06:00:00,20489951441.0,409799029.0,10,2052228003.0,10.02,22542179444.0
Rejected_H1_ATR_P70,2025-01-27 06:00:00,22542179444.0,450843589.0,11,-1542233296.0,-6.84,20999946148.0
Rejected_H1_ATR_P70,2025-02-03 06:00:00,20999946148.0,419998923.0,14,-629911904.0,-3.0,20370034243.0
Rejected_H1_ATR_P70,2025-02-10 06:00:00,20370034243.0,407400685.0,6,-433601424.0,-2.13,19936432820.0
Rejected_H1_ATR_P70,2025-02-17 06:00:00,19936432820.0,398728656.0,9,-48474499.0,-0.24,19887958320.0
Rejected_H1_ATR_P70,2025-02-24 06:00:00,19887958320.0,397759166.0,14,-199500109.0,-1.0,19688458211.0
Rejected_H1_ATR_P70,2025-03-03 06:00:00,19688458211.0,393769164.0,16,1005669137.0,5.11,20694127348.0
Rejected_H1_ATR_P70,2025-03-10 06:00:00,20694127348.0,413882547.0,22,-1405690165.0,-6.79,19288437183.0
Rejected_H1_ATR_P70,2025-03-17 06:00:00,19288437183.0,385768744.0,13,2345574290.0,12.16,21634011473.0
Rejected_H1_ATR_P70,2025-03-24 06:00:00,21634011473.0,432680229.0,10,3005048055.0,13.89,24639059527.0
Rejected_H1_ATR_P70,2025-03-31 06:00:00,24639059527.0,492781191.0,15,5120992963.0,20.78,29760052490.0
Rejected_H1_ATR_P70,2025-04-07 06:00:00,29760052490.0,595201050.0,29,13383712608.0,44.97,43143765098.0
Rejected_H1_ATR_P70,2025-04-14 06:00:00,43143765098.0,862875302.0,29,4559130433.0,10.57,47702895531.0
Rejected_H1_ATR_P70,2025-04-21 06:00:00,47702895531.0,954057911.0,19,1528898082.0,3.21,49231793613.0
Rejected_H1_ATR_P70,2025-04-28 06:00:00,49231793613.0,984635872.0,8,-4090271637.0,-8.31,45141521976.0
Rejected_H1_ATR_P70,2025-05-05 06:00:00,45141521976.0,902830440.0,9,1463124064.0,3.24,46604646040.0
Rejected_H1_ATR_P70,2025-05-12 06:00:00,46604646040.0,932092921.0,17,11127628847.0,23.88,57732274887.0
Rejected_H1_ATR_P70,2025-05-19 06:00:00,57732274887.0,1154645498.0,10,175844473.0,0.3,57908119361.0
Rejected_H1_ATR_P70,2025-05-26 06:00:00,57908119361.0,1158162387.0,12,-444872196.0,-0.77,57463247165.0
Rejected_H1_ATR_P70,2025-06-02 06:00:00,57463247165.0,1149264943.0,5,-2062656939.0,-3.59,55400590226.0
Rejected_H1_ATR_P70,2025-06-09 06:00:00,55400590226.0,1108011805.0,9,1289195410.0,2.33,56689785636.0
Rejected_H1_ATR_P70,2025-06-16 06:00:00,56689785636.0,1133795713.0,9,1364325868.0,2.41,58054111504.0
Rejected_H1_ATR_P70,2025-06-23 06:00:00,58054111504.0,1161082230.0,14,-625637952.0,-1.08,57428473553.0
Rejected_H1_ATR_P70,2025-07-07 06:00:00,57428473553.0,1148569471.0,7,3315497939.0,5.77,60743971492.0
Rejected_H1_ATR_P70,2025-07-14 06:00:00,60743971492.0,1214879430.0,5,-710112602.0,-1.17,60033858889.0
Rejected_H1_ATR_P70,2025-07-21 06:00:00,60033858889.0,1200677178.0,10,5716824269.0,9.52,65750683159.0
Rejected_H1_ATR_P70,2025-08-04 06:00:00,65750683159.0,1315013663.0,10,-7857644975.0,-11.95,57893038183.0
Rejected_H1_ATR_P70,2025-09-01 06:00:00,57893038183.0,1157860764.0,2,2127099082.0,3.67,60020137265.0
Rejected_H1_ATR_P70,2025-09-08 06:00:00,60020137265.0,1200402745.0,3,-19962742.0,-0.03,60000174523.0
Rejected_H1_ATR_P70,2025-10-06 06:00:00,60000174523.0,1200003490.0,11,-218708328.0,-0.36,59781466195.0
Rejected_H1_ATR_P70,2025-10-13 06:00:00,59781466195.0,1195629324.0,9,-320907494.0,-0.54,59460558700.0
Rejected_H1_ATR_P70,2025-10-20 06:00:00,59460558700.0,1189211174.0,7,-1971305559.0,-3.32,57489253142.0
Rejected_H1_ATR_P70,2025-10-27 06:00:00,57489253142.0,1149785063.0,4,2133672567.0,3.71,59622925708.0
Rejected_H1_ATR_P70,2025-11-03 06:00:00,59622925708.0,1192458514.0,4,621199542.0,1.04,60244125251.0
Rejected_H1_ATR_P70,2025-11-10 06:00:00,60244125251.0,1204882505.0,9,1664210491.0,2.76,61908335742.0
Rejected_H1_ATR_P70,2025-11-17 06:00:00,61908335742.0,1238166715.0,6,-2831549703.0,-4.57,59076786039.0
Rejected_H1_ATR_P70,2025-11-24 06:00:00,59076786039.0,1181535721.0,7,1067966152.0,1.81,60144752191.0
Rejected_H1_ATR_P70,2025-12-01 06:00:00,60144752191.0,1202895044.0,2,586478161.0,0.98,60731230352.0
Rejected_H1_ATR_P70,2025-12-08 06:00:00,60731230352.0,1214624607.0,1,68828728.0,0.11,60800059080.0
Rejected_H1_ATR_P70,2025-12-22 06:00:00,60800059080.0,1216001182.0,3,-950488289.0,-1.56,59849570791.0
Rejected_H1_ATR_P70,2026-01-05 06:00:00,59849570791.0,1196991416.0,3,1253915008.0,2.1,61103485799.0
Rejected_H1_ATR_P70,2026-01-12 06:00:00,61103485799.0,1222069716.0,1,160226918.0,0.26,61263712717.0
Rejected_H1_ATR_P70,2026-01-19 06:00:00,61263712717.0,1225274254.0,4,2033685971.0,3.32,63297398688.0
Rejected_H1_ATR_P70,2026-01-26 06:00:00,63297398688.0,1265947974.0,23,-631897838.0,-1.0,62665500851.0
Rejected_H1_ATR_P70,2026-02-02 06:00:00,62665500851.0,1253310017.0,11,-2468743472.0,-3.94,60196757379.0
Rejected_H1_ATR_P70,2026-02-09 06:00:00,60196757379.0,1203935148.0,23,-3568057321.0,-5.93,56628700058.0
Rejected_H1_ATR_P70,2026-02-16 06:00:00,56628700058.0,1132574001.0,11,226900496.0,0.4,56855600554.0
Rejected_H1_ATR_P70,2026-02-23 06:00:00,56855600554.0,1137112011.0,13,-1934833312.0,-3.4,54920767243.0
Rejected_H1_ATR_P70,2026-03-02 06:00:00,54920767243.0,1098415345.0,23,2304706562.0,4.2,57225473804.0
Rejected_H1_ATR_P70,2026-03-09 06:00:00,57225473804.0,1144509476.0,26,12440442854.0,21.74,69665916658.0
Rejected_H1_ATR_P70,2026-03-16 06:00:00,69665916658.0,1393318333.0,5,-286794373.0,-0.41,69379122286.0
Rejected_H1_ATR_P70,2026-03-23 06:00:00,69379122286.0,1387582446.0,21,-8971854448.0,-12.93,60407267837.0
Rejected_H1_ATR_P70,2026-03-30 06:00:00,60407267837.0,1208145357.0,2,302036339.0,0.5,60709304176.0
