StrategyNo,EntryTime,Variant,Direction,Checkpoint,IndependentMFE,IndependentR,Status
1,2015-01-05 13:55:00,NP50,Long,2015-01-05 21:25:00,,-1.0,PASS
1,2026-09-07 13:55:00,NP50,Long,2026-09-07 21:25:00,,-1.0,PASS
1,2015-01-05 13:55:00,NP75,Long,2015-01-06 01:10:00,,-1.0,PASS
1,2026-09-07 13:55:00,NP75,Long,2026-09-08 01:10:00,,-1.0,PASS
2,2015-01-05 20:56:00,NP50,Long,2015-01-06 00:50:00,,-1.0,PASS
2,2026-09-07 20:56:00,NP50,Long,2026-09-08 00:50:00,,-1.0,PASS
2,2015-01-05 20:56:00,NP75,Long,2015-01-06 02:47:00,,-1.0,PASS
2,2026-09-07 20:56:00,NP75,Long,2026-09-08 02:47:00,,-1.0,PASS
3,2015-01-05 21:56:00,NP50,Long,2015-01-06 01:41:00,0.009333333333340002,-0.550666667,PASS
3,2026-08-26 21:56:00,NP50,Long,2026-08-27 01:41:00,0.12133333333334424,0.005333333,PASS
3,2015-01-05 21:56:00,NP75,Long,2015-01-06 03:34:00,0.009333333333340002,-0.305333333,PASS
3,2026-08-26 21:56:00,NP75,Long,2026-08-27 03:34:00,0.12133333333334424,0.102666667,PASS
1,2015-01-07 13:55:00,NP50,Long,2015-01-07 21:25:00,0.4299999999999824,-0.547142857,PASS
1,2026-08-26 13:55:00,NP50,Long,2026-08-26 21:25:00,0.3100000000000185,0.311428571,PASS
1,2015-01-07 13:55:00,NP75,Long,2015-01-08 01:10:00,0.4299999999999824,-0.547142857,PASS
1,2026-08-31 13:55:00,NP75,Long,2026-09-01 01:10:00,0.574285714285736,0.555714286,PASS
2,2015-01-07 20:56:00,NP50,Long,2015-01-08 00:50:00,1.3600000000000516,0.615555556,PASS
2,2026-08-31 20:56:00,NP50,Long,2026-09-01 00:50:00,0.9000000000000656,0.844444444,PASS
2,2015-01-07 20:56:00,NP75,Long,2015-01-08 02:47:00,1.3600000000000516,0.615555556,PASS
2,2026-08-31 20:56:00,NP75,Long,2026-09-01 02:47:00,0.9000000000000656,0.844444444,PASS
3,2015-01-07 21:56:00,NP50,Long,2015-01-08 01:41:00,0.5600000000000213,0.012,PASS
3,2026-09-07 21:56:00,NP50,Long,2026-09-08 01:41:00,0.36533333333333456,-0.194666667,PASS
3,2015-01-07 21:56:00,NP75,Long,2015-01-08 03:34:00,0.5600000000000213,0.012,PASS
3,2026-09-07 21:56:00,NP75,Long,2026-09-08 03:34:00,0.36533333333333456,-0.194666667,PASS
3,2015-01-12 21:56:00,NP75,Long,2015-01-13 03:34:00,,-1.0,PASS
3,2026-09-02 21:56:00,NP75,Long,2026-09-03 03:34:00,,-1.0,PASS
3,2015-01-26 21:56:00,NP50,Long,2015-01-27 01:41:00,,0.933333333,PASS
3,2026-09-02 21:56:00,NP50,Long,2026-09-03 01:41:00,,-1.0,PASS
2,2015-02-02 20:56:00,NP50,Long,2015-02-03 00:50:00,0.02222222222220201,-0.582222222,PASS
2,2026-08-26 20:56:00,NP50,Long,2026-08-27 00:50:00,0.22888888888890807,0.055555556,PASS
2,2015-02-02 20:56:00,NP75,Long,2015-02-03 02:47:00,0.02222222222220201,-0.922222222,PASS
2,2026-08-26 20:56:00,NP75,Long,2026-08-27 02:47:00,0.22888888888890807,0.206666667,PASS
1,2015-04-20 13:55:00,NP50,Long,2015-04-20 21:25:00,0.22428571428572952,-0.527142857,PASS
1,2026-08-31 13:55:00,NP50,Long,2026-08-31 21:25:00,0.16142857142857076,0.041428571,PASS
1,2015-08-31 13:55:00,NP75,Long,2015-09-01 01:10:00,0.2171428571428789,-0.551428571,PASS
1,2026-07-22 13:55:00,NP75,Long,2026-07-23 01:10:00,0.07285714285716591,-0.085714286,PASS
7,2015-01-05 18:02:00,NP50,Long,2015-01-05 20:32:00,0.07692307692307254,-0.300769231,PASS
7,2026-08-31 18:02:00,NP50,Long,2026-08-31 20:32:00,0.05153846153844527,-0.079230769,PASS
7,2015-01-05 18:02:00,NP75,Long,2015-01-05 21:47:00,0.07692307692307254,-0.958461538,PASS
7,2026-08-31 18:02:00,NP75,Long,2026-08-31 21:47:00,0.09076923076922692,0.03,PASS
4,2015-01-06 00:00:00,NP50,Long,2015-01-06 04:27:00,0.43999999999998024,0.173076923,PASS
4,2026-08-11 00:00:00,NP50,Long,2026-08-11 04:27:00,0.25461538461537603,0.117692308,PASS
4,2015-01-06 00:00:00,NP75,Long,2015-01-06 06:41:00,0.5184615384615217,0.173076923,PASS
4,2026-08-11 00:00:00,NP75,Long,2026-08-11 06:41:00,0.25461538461537603,0.117692308,PASS
5,2015-01-06 09:55:00,NP50,Short,2015-01-06 16:55:00,0.9888888888888737,1.895555556,PASS
5,2026-09-08 09:55:00,NP50,Short,2026-09-08 16:55:00,1.1577777777777796,-0.522222222,PASS
5,2015-01-06 09:55:00,NP75,Short,2015-01-06 20:25:00,1.9355555555555446,1.895555556,PASS
5,2026-09-08 09:55:00,NP75,Short,2026-09-08 20:25:00,1.1577777777777796,-0.522222222,PASS
7,2015-01-12 18:02:00,NP50,Long,2015-01-12 20:32:00,0.6623076923076846,0.343076923,PASS
7,2026-09-07 18:02:00,NP50,Long,2026-09-07 20:32:00,0.33692307692306783,0.171538462,PASS
7,2015-01-12 18:02:00,NP75,Long,2015-01-12 21:47:00,0.7069230769230854,0.343076923,PASS
7,2026-09-07 18:02:00,NP75,Long,2026-09-07 21:47:00,0.33692307692306783,0.171538462,PASS
4,2015-01-13 00:00:00,NP50,Long,2015-01-13 04:27:00,0.09538461538461171,0.019230769,PASS
4,2026-09-08 00:00:00,NP50,Long,2026-09-08 04:27:00,0.0915384615384395,-0.025384615,PASS
4,2015-01-13 00:00:00,NP75,Long,2015-01-13 06:41:00,0.09538461538461171,-0.067692308,PASS
4,2026-09-08 00:00:00,NP75,Long,2026-09-08 06:41:00,0.0915384615384395,-0.040769231,PASS
5,2015-01-13 09:55:00,NP50,Short,2015-01-13 16:55:00,,-1.0,PASS
5,2026-02-24 09:55:00,NP50,Short,2026-02-24 16:55:00,,-1.0,PASS
5,2015-01-13 09:55:00,NP75,Short,2015-01-13 20:25:00,,-1.0,PASS
5,2026-08-04 09:55:00,NP75,Short,2026-08-04 20:25:00,,-1.0,PASS
4,2015-01-14 00:00:00,NP50,Long,2015-01-14 04:27:00,,-1.0,PASS
4,2026-03-04 00:00:00,NP50,Long,2026-03-04 04:27:00,,0.692307692,PASS
4,2015-01-14 00:00:00,NP75,Long,2015-01-14 06:41:00,,-1.0,PASS
4,2026-03-04 00:00:00,NP75,Long,2026-03-04 06:41:00,,0.692307692,PASS
5,2015-02-10 09:55:00,NP50,Short,2015-02-10 16:55:00,0.1666666666666414,-0.526666667,PASS
5,2026-09-01 09:55:00,NP50,Short,2026-09-01 16:55:00,0.20888888888887575,-0.038888889,PASS
6,2015-03-02 15:45:00,NP50,Long,2015-03-02 19:17:00,0.7419999999999618,-0.332,PASS
6,2026-08-24 15:45:00,NP50,Long,2026-08-24 19:17:00,0.5980000000000132,0.388,PASS
6,2015-03-02 15:45:00,NP75,Long,2015-03-02 21:03:00,0.7419999999999618,-0.332,PASS
6,2026-08-24 15:45:00,NP75,Long,2026-08-24 21:03:00,0.5980000000000132,0.388,PASS
5,2015-03-20 09:55:00,NP75,Short,2015-03-20 20:25:00,0.22222222222220958,-0.358888889,PASS
5,2026-09-01 09:55:00,NP75,Short,2026-09-01 20:25:00,0.20888888888887575,-0.235555556,PASS
6,2015-03-23 15:45:00,NP50,Long,2015-03-23 19:17:00,,-1.0,PASS
6,2026-09-07 15:45:00,NP50,Long,2026-09-07 19:17:00,,-1.0,PASS
6,2015-03-23 15:45:00,NP75,Long,2015-03-23 21:03:00,,-1.0,PASS
6,2026-09-07 15:45:00,NP75,Long,2026-09-07 21:03:00,,-1.0,PASS
6,2015-08-17 15:45:00,NP50,Long,2015-08-17 19:17:00,0.21199999999998909,-0.448,PASS
6,2026-08-31 15:45:00,NP50,Long,2026-08-31 19:17:00,0.031999999999982265,-0.362,PASS
7,2015-08-24 18:02:00,NP75,Long,2015-08-24 21:47:00,,-1.0,PASS
7,2025-03-03 18:02:00,NP75,Long,2025-03-03 21:47:00,,1.923076923,PASS
7,2016-02-08 18:02:00,NP50,Long,2016-02-08 20:32:00,,-1.0,PASS
7,2023-03-13 18:02:00,NP50,Long,2023-03-13 20:32:00,,-1.0,PASS
6,2016-11-07 15:45:00,NP75,Long,2016-11-07 21:03:00,0.04599999999999227,-0.576,PASS
6,2026-08-31 15:45:00,NP75,Long,2026-08-31 21:03:00,0.031999999999982265,-0.646,PASS
4,2016-04-05 00:00:00,NP75,Long,2016-04-05 06:41:00,0.08384615384616066,-0.154615385,PASS
4,2022-08-23 00:00:00,NP75,Long,2022-08-23 06:41:00,0.12846153846153968,-0.013076923,PASS
8,2015-01-05 08:01:00,NP50,Long,2015-01-05 15:23:00,0.1571428571428563,-0.522857143,PASS
8,2026-09-07 08:01:00,NP50,Long,2026-09-07 15:23:00,0.06000000000000227,-0.392857143,PASS
8,2015-01-05 08:01:00,NP75,Long,2015-01-05 19:04:00,0.1571428571428563,-0.157142857,PASS
8,2026-08-31 08:01:00,NP75,Long,2026-08-31 19:04:00,0.06571428571427466,-0.421428571,PASS
9,2015-01-08 17:14:00,NP50,Short,2015-01-08 21:14:00,0.580000000000022,0.056666667,PASS
9,2026-07-23 17:14:00,NP50,Short,2026-07-23 21:14:00,0.6800000000000258,0.25,PASS
9,2015-01-08 17:14:00,NP75,Short,2015-01-08 23:14:00,1.0999999999999943,0.056666667,PASS
9,2026-07-23 17:14:00,NP75,Short,2026-07-23 23:14:00,0.7700000000000292,0.25,PASS
26,2015-01-09 10:00:00,NP50,Long,2015-01-09 12:55:00,0.07333333333333611,-0.193333333,PASS
26,2026-07-15 10:00:00,NP50,Long,2026-07-15 12:55:00,0.23333333333334216,0.128888889,PASS
26,2015-01-09 10:00:00,NP75,Long,2015-01-09 14:22:00,0.07333333333333611,-0.775555556,PASS
26,2026-07-15 10:00:00,NP75,Long,2026-07-15 14:22:00,0.23333333333334216,0.084444444,PASS
8,2015-01-12 08:01:00,NP50,Long,2015-01-12 15:23:00,0.49428571428571944,-0.627142857,PASS
8,2026-08-17 08:01:00,NP50,Long,2026-08-17 15:23:00,0.5057142857142846,0.655714286,PASS
8,2015-01-12 08:01:00,NP75,Long,2015-01-12 19:04:00,0.5000000000000121,-0.627142857,PASS
8,2026-08-17 08:01:00,NP75,Long,2026-08-17 19:04:00,0.8585714285714475,0.655714286,PASS
26,2015-01-12 10:00:00,NP50,Long,2015-01-12 12:55:00,0.5999999999999911,0.511111111,PASS
26,2026-07-14 10:00:00,NP50,Long,2026-07-14 12:55:00,0.28444444444444467,0.333333333,PASS
26,2015-01-12 10:00:00,NP75,Long,2015-01-12 14:22:00,0.704444444444429,0.511111111,PASS
26,2026-07-14 10:00:00,NP75,Long,2026-07-14 14:22:00,0.4311111111111169,0.333333333,PASS
26,2015-01-14 10:00:00,NP50,Long,2015-01-14 12:55:00,,-1.0,PASS
26,2025-12-11 10:00:00,NP50,Long,2025-12-11 12:55:00,,-1.0,PASS
26,2015-01-14 10:00:00,NP75,Long,2015-01-14 14:22:00,,-1.0,PASS
26,2026-05-15 10:00:00,NP75,Long,2026-05-15 14:22:00,,-1.0,PASS
9,2015-01-15 17:14:00,NP50,Short,2015-01-15 21:14:00,,2.666666667,PASS
9,2026-03-05 17:14:00,NP50,Short,2026-03-05 21:14:00,,-1.0,PASS
9,2015-01-15 17:14:00,NP75,Short,2015-01-15 23:14:00,,2.666666667,PASS
9,2026-07-16 17:14:00,NP75,Short,2026-07-16 23:14:00,,-1.0,PASS
10,2015-01-23 10:58:00,NP50,Short,2015-01-23 12:24:00,0.29199999999997317,0.5,PASS
10,2026-07-17 10:58:00,NP50,Short,2026-07-17 12:24:00,0.28999999999999204,0.168,PASS
10,2015-01-23 10:58:00,NP75,Short,2015-01-23 13:07:00,0.3459999999999752,0.5,PASS
10,2026-07-17 10:58:00,NP75,Short,2026-07-17 13:07:00,0.28999999999999204,0.168,PASS
11,2015-01-23 18:57:00,NP50,Short,2015-01-23 22:20:00,,1.727272727,PASS
11,2026-01-30 18:57:00,NP50,Short,2026-01-30 22:20:00,,-1.0,PASS
11,2015-01-23 18:57:00,NP75,Short,2015-01-24 00:01:00,,1.727272727,PASS
11,2026-05-29 18:57:00,NP75,Short,2026-05-30 00:01:00,,-1.0,PASS
10,2015-01-30 10:58:00,NP50,Short,2015-01-30 12:24:00,,0.5,PASS
10,2026-01-30 10:58:00,NP50,Short,2026-01-30 12:24:00,,0.5,PASS
10,2015-01-30 10:58:00,NP75,Short,2015-01-30 13:07:00,,0.5,PASS
10,2026-02-13 10:58:00,NP75,Short,2026-02-13 13:07:00,,0.5,PASS
11,2015-01-30 18:57:00,NP50,Short,2015-01-30 22:20:00,0.725454545454547,0.301818182,PASS
11,2026-03-27 18:57:00,NP50,Short,2026-03-27 22:20:00,0.41999999999999005,0.052727273,PASS
11,2015-01-30 18:57:00,NP75,Short,2015-01-31 00:01:00,0.8527272727272878,0.301818182,PASS
11,2026-08-28 18:57:00,NP75,Short,2026-08-29 00:01:00,0.5836363636363857,0.436363636,PASS
10,2015-02-13 10:58:00,NP50,Short,2015-02-13 12:24:00,0.04200000000000159,-0.102,PASS
10,2026-08-28 10:58:00,NP50,Short,2026-08-28 12:24:00,0.0,-0.312,PASS
10,2015-02-13 10:58:00,NP75,Short,2015-02-13 13:07:00,0.057999999999992724,-0.194,PASS
10,2026-08-28 10:58:00,NP75,Short,2026-08-28 13:07:00,0.0,-0.22,PASS
11,2015-02-13 18:57:00,NP50,Short,2015-02-13 22:20:00,0.24181818181819958,-0.518181818,PASS
11,2026-08-28 18:57:00,NP50,Short,2026-08-28 22:20:00,0.1818181818181973,-0.058181818,PASS
11,2015-02-13 18:57:00,NP75,Short,2015-02-14 00:01:00,0.24181818181819958,-0.68,PASS
11,2026-08-21 18:57:00,NP75,Short,2026-08-22 00:01:00,0.014545454545446482,-0.625454545,PASS
9,2015-03-05 17:14:00,NP50,Short,2015-03-05 21:14:00,0.060000000000002274,-0.74,PASS
9,2026-08-13 17:14:00,NP50,Short,2026-08-13 21:14:00,0.0,-0.18,PASS
9,2015-03-05 17:14:00,NP75,Short,2015-03-05 23:14:00,0.14000000000000531,-0.113333333,PASS
9,2026-08-13 17:14:00,NP75,Short,2026-08-13 23:14:00,0.0,-0.17,PASS
8,2015-04-13 08:01:00,NP50,Long,2015-04-13 15:23:00,,-1.0,PASS
8,2026-08-03 08:01:00,NP50,Long,2026-08-03 15:23:00,,-1.0,PASS
8,2015-04-13 08:01:00,NP75,Long,2015-04-13 19:04:00,,-1.0,PASS
8,2026-09-07 08:01:00,NP75,Long,2026-09-07 19:04:00,,-1.0,PASS
26,2017-09-12 10:00:00,NP50,Long,2017-09-12 12:55:00,0.0,-0.433333333,PASS
12,2015-01-20 09:55:00,NP50,Short,2015-01-20 12:25:00,,-1.0,PASS
12,2026-03-20 09:55:00,NP50,Short,2026-03-20 12:25:00,,-1.0,PASS
12,2015-01-20 09:55:00,NP75,Short,2015-01-20 13:40:00,,-1.0,PASS
12,2026-03-20 09:55:00,NP75,Short,2026-03-20 13:40:00,,-1.0,PASS
12,2015-01-23 09:55:00,NP50,Short,2015-01-23 12:25:00,1.1899999999999977,-1.0,PASS
12,2026-07-27 08:04:00,NP50,Short,2026-07-27 11:30:00,0.452000000000055,0.182,PASS
12,2015-01-23 09:55:00,NP75,Short,2015-01-23 13:40:00,1.1899999999999977,-1.0,PASS
12,2026-07-27 08:04:00,NP75,Short,2026-07-27 13:13:00,0.452000000000055,0.182,PASS
13,2015-01-28 18:04:00,NP50,Long,2015-01-28 20:03:00,0.05368421052631782,-0.125263158,PASS
13,2026-08-27 18:04:00,NP50,Long,2026-08-27 20:03:00,0.18105263157894425,0.135789474,PASS
13,2015-01-28 18:04:00,NP75,Long,2015-01-28 21:03:00,0.07263157894737117,0.010526316,PASS
13,2026-08-27 18:04:00,NP75,Long,2026-08-27 21:03:00,0.18105263157894425,0.057894737,PASS
14,2015-02-03 20:01:00,NP50,Short,2015-02-03 23:34:00,0.5088888888889187,0.437777778,PASS
14,2026-08-03 20:01:00,NP50,Short,2026-08-03 23:34:00,1.2333333333333485,-0.488888889,PASS
14,2015-02-03 20:01:00,NP75,Short,2015-02-04 01:21:00,0.5088888888889187,0.437777778,PASS
14,2026-08-03 20:01:00,NP75,Short,2026-08-04 01:21:00,1.2333333333333485,-0.488888889,PASS
16,2015-02-10 02:58:00,NP50,Long,2015-02-10 06:24:00,0.07555555555556895,-0.168888889,PASS
16,2026-02-10 02:58:00,NP50,Long,2026-02-10 06:24:00,0.15777777777777321,-0.211111111,PASS
16,2015-02-10 02:58:00,NP75,Long,2015-02-10 08:07:00,0.07555555555556895,-0.153333333,PASS
16,2026-02-10 02:58:00,NP75,Long,2026-02-10 08:07:00,0.21777777777780707,-0.004444444,PASS
12,2015-02-23 08:04:00,NP50,Short,2015-02-23 11:30:00,0.10400000000001342,-0.046,PASS
12,2026-07-30 09:55:00,NP50,Short,2026-07-30 12:25:00,0.11499999999998067,-0.33,PASS
12,2015-02-23 08:04:00,NP75,Short,2015-02-23 13:13:00,0.21999999999999886,0.22,PASS
12,2026-07-30 09:55:00,NP75,Short,2026-07-30 13:40:00,0.11499999999998067,-0.18,PASS
16,2015-04-10 02:58:00,NP50,Long,2015-04-10 06:24:00,0.3711111111111462,-0.126666667,PASS
16,2026-07-10 02:58:00,NP50,Long,2026-07-10 06:24:00,0.29333333333334444,-0.328888889,PASS
16,2015-04-10 02:58:00,NP75,Long,2015-04-10 08:07:00,0.3711111111111462,-0.126666667,PASS
16,2026-07-10 02:58:00,NP75,Long,2026-07-10 08:07:00,0.3244444444444778,-0.328888889,PASS
13,2015-05-27 18:04:00,NP50,Long,2015-05-27 20:03:00,0.6631578947368523,0.726315789,PASS
13,2026-02-25 18:04:00,NP50,Long,2026-02-25 20:03:00,0.42631578947368537,0.356842105,PASS
13,2015-05-27 18:04:00,NP75,Long,2015-05-27 21:03:00,0.734736842105271,0.726315789,PASS
13,2026-02-25 18:04:00,NP75,Long,2026-02-25 21:03:00,0.46421052631579207,0.356842105,PASS
15,2015-08-03 19:00:00,NP50,Short,2015-08-03 21:15:00,0.0,-0.52,PASS
15,2026-08-06 19:00:00,NP50,Short,2026-08-06 21:15:00,0.22500000000007958,0.01,PASS
15,2015-08-03 19:00:00,NP75,Short,2015-08-03 22:22:00,0.3750000000000142,0.525,PASS
15,2026-08-05 19:00:00,NP75,Short,2026-08-05 22:22:00,1.6599999999999682,1.75,PASS
15,2015-08-04 19:00:00,NP50,Short,2015-08-04 21:15:00,0.2949999999999875,-0.465,PASS
15,2026-08-05 19:00:00,NP50,Short,2026-08-05 21:15:00,1.3049999999999784,1.75,PASS
15,2015-08-05 19:00:00,NP75,Short,2015-08-05 22:22:00,,1.75,PASS
15,2026-08-10 19:00:00,NP75,Short,2026-08-10 22:22:00,,1.75,PASS
15,2015-08-06 19:00:00,NP75,Short,2015-08-06 22:22:00,0.19000000000005457,-0.09,PASS
15,2026-08-06 19:00:00,NP75,Short,2026-08-06 22:22:00,0.22500000000007958,-0.19,PASS
16,2015-09-10 02:58:00,NP50,Long,2015-09-10 06:24:00,,-1.0,PASS
16,2026-03-10 02:58:00,NP50,Long,2026-03-10 06:24:00,,-1.0,PASS
16,2015-09-10 02:58:00,NP75,Long,2015-09-10 08:07:00,,-1.0,PASS
16,2026-03-10 02:58:00,NP75,Long,2026-03-10 08:07:00,,-1.0,PASS
14,2015-11-03 20:01:00,NP50,Short,2015-11-03 23:34:00,0.06444444444443635,-0.5,PASS
14,2026-07-03 20:01:00,NP50,Short,2026-07-03 23:34:00,0.10444444444443787,-0.275555556,PASS
14,2015-11-03 20:01:00,NP75,Short,2015-11-04 01:21:00,0.06444444444443635,-0.78,PASS
14,2026-07-03 20:01:00,NP75,Short,2026-07-04 01:21:00,0.10444444444443787,-0.535555556,PASS
14,2016-02-03 20:01:00,NP75,Short,2016-02-04 01:21:00,,1.555555556,PASS
14,2026-09-03 20:01:00,NP75,Short,2026-09-04 01:21:00,,1.555555556,PASS
15,2018-08-06 19:00:00,NP50,Short,2018-08-06 21:15:00,,-1.0,PASS
15,2026-08-10 19:00:00,NP50,Short,2026-08-10 21:15:00,,1.75,PASS
14,2022-08-03 20:01:00,NP50,Short,2022-08-03 23:34:00,,-1.0,PASS
14,2026-09-03 20:01:00,NP50,Short,2026-09-03 23:34:00,,1.555555556,PASS
13,2026-04-30 18:04:00,NP50,Long,2026-04-30 20:03:00,,-1.0,PASS
13,2026-07-30 18:04:00,NP50,Long,2026-07-30 20:03:00,,-1.0,PASS
13,2026-04-30 18:04:00,NP75,Long,2026-04-30 21:03:00,,-1.0,PASS
13,2026-07-30 18:04:00,NP75,Long,2026-07-30 21:03:00,,-1.0,PASS
16,2017-08-10 02:58:00,NP75,Long,2017-08-10 08:07:00,0.16666666666667299,-0.035555556,PASS
13,2017-09-28 18:04:00,NP50,Long,2017-09-28 20:03:00,0.030526315789469852,-0.163157895,PASS
20,2015-01-05 10:01:00,NP50,Short,2015-01-05 13:00:00,,-1.0,PASS
20,2026-02-02 10:01:00,NP50,Short,2026-02-02 13:00:00,,-1.0,PASS
20,2015-01-05 10:01:00,NP75,Short,2015-01-05 14:30:00,,-1.0,PASS
20,2026-06-23 10:01:00,NP75,Short,2026-06-23 14:30:00,,-1.0,PASS
20,2015-01-06 10:01:00,NP50,Short,2015-01-06 13:00:00,0.8379999999999832,0.576,PASS
20,2026-09-01 10:01:00,NP50,Short,2026-09-01 13:00:00,0.40599999999995084,0.098,PASS
20,2015-01-06 10:01:00,NP75,Short,2015-01-06 14:30:00,0.8379999999999832,0.576,PASS
20,2026-09-01 10:01:00,NP75,Short,2026-09-01 14:30:00,0.40599999999995084,0.098,PASS
17,2015-01-07 09:59:00,NP50,Short,2015-01-07 15:28:00,0.45285714285712786,1.098571429,PASS
17,2026-09-02 09:59:00,NP50,Short,2026-09-02 15:28:00,0.4099999999999897,0.234285714,PASS
17,2015-01-07 09:59:00,NP75,Short,2015-01-07 18:13:00,0.5314285714285636,1.098571429,PASS
17,2026-09-02 09:59:00,NP75,Short,2026-09-02 18:13:00,0.4099999999999897,0.234285714,PASS
19,2015-01-07 20:56:00,NP50,Long,2015-01-08 03:28:00,0.5522222222222132,-0.21,PASS
19,2026-09-03 20:56:00,NP50,Long,2026-09-04 03:28:00,0.25777777777776417,-0.115555556,PASS
19,2015-01-07 20:56:00,NP75,Long,2015-01-08 06:44:00,0.59111111111111,-0.21,PASS
19,2026-09-03 20:56:00,NP75,Long,2026-09-04 06:44:00,0.25777777777776417,-0.115555556,PASS
27,2015-01-09 10:00:00,NP50,Short,2015-01-09 12:55:00,0.28833333333329786,0.001666667,PASS
27,2026-07-14 10:00:00,NP50,Short,2026-07-14 12:55:00,0.28999999999997544,0.406666667,PASS
27,2015-01-09 10:00:00,NP75,Short,2015-01-09 14:22:00,0.28833333333329786,0.001666667,PASS
27,2026-07-14 10:00:00,NP75,Short,2026-07-14 14:22:00,0.42166666666665353,0.406666667,PASS
27,2015-01-12 10:00:00,NP75,Short,2015-01-12 14:22:00,,1.0,PASS
27,2026-05-15 10:00:00,NP75,Short,2026-05-15 14:22:00,,-1.0,PASS
17,2015-01-14 09:59:00,NP50,Short,2015-01-14 15:28:00,,-1.0,PASS
17,2025-11-19 09:59:00,NP50,Short,2025-11-19 15:28:00,,-1.0,PASS
17,2015-01-14 09:59:00,NP75,Short,2015-01-14 18:13:00,,-1.0,PASS
17,2025-11-19 09:59:00,NP75,Short,2025-11-19 18:13:00,,-1.0,PASS
27,2015-01-14 10:00:00,NP50,Short,2015-01-14 12:55:00,,-1.0,PASS
27,2026-03-11 10:00:00,NP50,Short,2026-03-11 12:55:00,,1.0,PASS
19,2015-01-15 20:56:00,NP50,Long,2015-01-16 03:28:00,,-1.0,PASS
19,2025-11-05 20:56:00,NP50,Long,2025-11-06 03:28:00,,-1.0,PASS
19,2015-01-15 20:56:00,NP75,Long,2015-01-16 06:44:00,,-1.0,PASS
19,2026-04-09 20:56:00,NP75,Long,2026-04-10 06:44:00,,-1.0,PASS
18,2015-02-02 09:59:00,NP50,Short,2015-02-02 19:42:00,0.321111111111093,0.017777778,PASS
18,2026-09-07 09:59:00,NP50,Short,2026-09-07 19:42:00,0.33888888888886387,0.188888889,PASS
18,2015-02-02 09:59:00,NP75,Short,2015-02-03 00:34:00,0.375555555555524,0.017777778,PASS
18,2026-09-08 09:59:00,NP75,Short,2026-09-09 00:34:00,0.2988888888888732,0.022222222,PASS
17,2015-02-11 09:59:00,NP50,Short,2015-02-11 15:28:00,0.21857142857140133,-0.045714286,PASS
17,2026-07-22 09:59:00,NP50,Short,2026-07-22 15:28:00,0.06571428571427212,-0.657142857,PASS
17,2015-02-11 09:59:00,NP75,Short,2015-02-11 18:13:00,0.21857142857140133,-0.501428571,PASS
17,2026-07-22 09:59:00,NP75,Short,2026-07-22 18:13:00,0.06571428571427212,-0.492857143,PASS
18,2015-02-11 09:59:00,NP50,Short,2015-02-11 19:42:00,0.16999999999997878,-0.597777778,PASS
18,2026-09-08 09:59:00,NP50,Short,2026-09-08 19:42:00,0.13999999999997964,0.072222222,PASS
18,2015-02-11 09:59:00,NP75,Short,2015-02-12 00:34:00,,-1.0,PASS
18,2026-05-19 09:59:00,NP75,Short,2026-05-20 00:34:00,,-1.0,PASS
27,2015-02-11 10:00:00,NP50,Short,2015-02-11 12:55:00,0.23333333333330764,-0.348333333,PASS
27,2026-07-15 10:00:00,NP50,Short,2026-07-15 12:55:00,0.06999999999997748,-0.038333333,PASS
27,2015-02-11 10:00:00,NP75,Short,2015-02-11 14:22:00,0.23333333333330764,-0.146666667,PASS
27,2026-07-15 10:00:00,NP75,Short,2026-07-15 14:22:00,0.06999999999997748,-0.165,PASS
18,2015-02-16 09:59:00,NP75,Short,2015-02-17 00:34:00,0.2266666666666713,-0.114444444,PASS
18,2026-09-01 09:59:00,NP75,Short,2026-09-02 00:34:00,0.22111111111107934,0.01,PASS
20,2015-02-16 10:01:00,NP50,Short,2015-02-16 13:00:00,0.17799999999996707,-0.008,PASS
20,2026-09-08 10:01:00,NP50,Short,2026-09-08 13:00:00,0.0,-0.068,PASS
19,2015-02-19 20:56:00,NP50,Long,2015-02-20 03:28:00,0.14111111111109803,-0.281111111,PASS
19,2026-09-02 20:56:00,NP50,Long,2026-09-03 03:28:00,0.02999999999999916,-0.45,PASS
19,2015-02-19 20:56:00,NP75,Long,2015-02-20 06:44:00,0.14111111111109803,-0.422222222,PASS
19,2026-09-02 20:56:00,NP75,Long,2026-09-03 06:44:00,0.02999999999999916,-0.46,PASS
20,2015-02-23 10:01:00,NP75,Short,2015-02-23 14:30:00,0.24199999999998667,-0.088,PASS
20,2026-09-08 10:01:00,NP75,Short,2026-09-08 14:30:00,0.05199999999998539,-0.114,PASS
18,2015-04-13 09:59:00,NP50,Short,2015-04-13 19:42:00,,-1.0,PASS
18,2026-03-23 09:59:00,NP50,Short,2026-03-23 19:42:00,,-1.0,PASS
19,2021-06-17 20:56:00,NP50,Long,2021-06-18 03:28:00,0.15444444444442001,-0.054444444,PASS
20,2025-01-07 10:01:00,NP50,Short,2025-01-07 13:00:00,0.17399999999998528,0.228,PASS
19,2015-05-14 20:56:00,NP50,Long,2015-05-15 03:28:00,0.17222222222221556,0.12,PASS
21,2015-01-05 21:02:00,NP50,Long,2015-01-06 03:31:00,0.0,-0.314545455,PASS
21,2026-09-07 21:02:00,NP50,Long,2026-09-08 03:31:00,0.026363636363637494,0.01,PASS
21,2015-01-05 21:02:00,NP75,Long,2015-01-06 06:45:00,0.0,-0.250909091,PASS
21,2026-09-07 21:02:00,NP75,Long,2026-09-08 06:45:00,0.026363636363637494,-0.045909091,PASS
28,2015-01-09 10:00:00,NP50,Short,2015-01-09 13:05:00,0.5159999999999757,0.069333333,PASS
28,2026-07-14 10:00:00,NP50,Short,2026-07-14 13:05:00,0.3026666666666955,0.466666667,PASS
28,2015-01-09 10:00:00,NP75,Short,2015-01-09 14:37:00,0.5159999999999757,0.069333333,PASS
28,2026-07-14 10:00:00,NP75,Short,2026-07-14 14:37:00,0.3880000000000253,0.466666667,PASS
28,2015-01-12 10:00:00,NP75,Short,2015-01-12 14:37:00,,0.933333333,PASS
28,2026-03-11 10:00:00,NP75,Short,2026-03-11 14:37:00,,0.933333333,PASS
21,2015-01-12 21:02:00,NP50,Long,2015-01-13 03:31:00,0.3945454545454555,0.454545455,PASS
21,2026-06-29 21:02:00,NP50,Long,2026-06-30 03:31:00,0.3686363636363664,0.454545455,PASS
21,2015-01-12 21:02:00,NP75,Long,2015-01-13 06:45:00,0.3945454545454555,0.454545455,PASS
21,2026-06-29 21:02:00,NP75,Long,2026-06-30 06:45:00,0.3686363636363664,0.454545455,PASS
28,2015-01-13 10:00:00,NP50,Short,2015-01-13 13:05:00,,0.933333333,PASS
28,2026-03-11 10:00:00,NP50,Short,2026-03-11 13:05:00,,0.933333333,PASS
22,2015-01-15 16:56:00,NP50,Long,2015-01-15 21:05:00,,1.142857143,PASS
22,2026-09-03 16:56:00,NP50,Long,2026-09-03 21:05:00,,-1.0,PASS
22,2015-01-15 16:56:00,NP75,Long,2015-01-15 23:10:00,,1.142857143,PASS
22,2026-09-03 16:56:00,NP75,Long,2026-09-03 23:10:00,,-1.0,PASS
22,2015-01-22 16:56:00,NP50,Long,2015-01-22 21:05:00,0.5142857142857211,-1.0,PASS
22,2026-08-20 16:56:00,NP50,Long,2026-08-20 21:05:00,0.7114285714285692,0.371428571,PASS
23,2015-01-23 19:42:00,NP50,Short,2015-01-23 21:13:00,0.19666666666667212,0.028888889,PASS
23,2026-08-28 19:42:00,NP50,Short,2026-08-28 21:13:00,0.0,-0.064444444,PASS
23,2015-01-23 19:42:00,NP75,Short,2015-01-23 21:59:00,,-1.0,PASS
23,2021-02-26 19:42:00,NP75,Short,2021-02-26 21:59:00,,-1.0,PASS
24,2015-01-23 22:44:00,NP50,Long,2015-01-24 00:56:00,0.668888888888904,0.502222222,PASS
24,2026-08-28 22:44:00,NP50,Long,2026-08-29 00:56:00,0.5477777777777643,0.375555556,PASS
24,2015-01-23 22:44:00,NP75,Long,2015-01-24 02:02:00,0.668888888888904,0.502222222,PASS
24,2026-08-28 22:44:00,NP75,Long,2026-08-29 02:02:00,0.5877777777777796,0.375555556,PASS
23,2015-01-30 19:42:00,NP50,Short,2015-01-30 21:13:00,1.5388888888888796,0.868888889,PASS
23,2026-05-29 19:42:00,NP50,Short,2026-05-29 21:13:00,0.2922222222222122,0.4,PASS
23,2015-01-30 19:42:00,NP75,Short,2015-01-30 21:59:00,1.5999999999999963,0.868888889,PASS
23,2026-08-21 19:42:00,NP75,Short,2026-08-21 21:59:00,0.3711111111111245,0.397777778,PASS
24,2015-01-30 22:44:00,NP50,Long,2015-01-31 00:56:00,,-1.0,PASS
24,2025-11-14 22:44:00,NP50,Long,2025-11-15 00:56:00,,-1.0,PASS
24,2015-01-30 22:44:00,NP75,Long,2015-01-31 02:02:00,,-1.0,PASS
24,2026-02-27 22:44:00,NP75,Long,2026-02-28 02:02:00,,-1.0,PASS
28,2015-02-11 10:00:00,NP50,Short,2015-02-11 13:05:00,0.23066666666666788,-0.3,PASS
28,2026-07-15 10:00:00,NP50,Short,2026-07-15 13:05:00,0.16533333333335065,0.078666667,PASS
28,2015-02-11 10:00:00,NP75,Short,2015-02-11 14:37:00,0.23066666666666788,-0.013333333,PASS
28,2026-07-15 10:00:00,NP75,Short,2026-07-15 14:37:00,0.16533333333335065,-0.073333333,PASS
24,2015-02-13 22:44:00,NP50,Long,2015-02-14 00:56:00,0.09333333333332798,-0.316666667,PASS
24,2026-08-21 22:44:00,NP50,Long,2026-08-22 00:56:00,0.0,-0.357777778,PASS
24,2015-02-13 22:44:00,NP75,Long,2015-02-14 02:02:00,0.09333333333332798,-0.552222222,PASS
24,2026-08-21 22:44:00,NP75,Long,2026-08-22 02:02:00,0.0,-0.232222222,PASS
22,2015-02-19 16:56:00,NP75,Long,2015-02-19 23:10:00,1.1071428571428779,-0.188571429,PASS
22,2026-08-20 16:56:00,NP75,Long,2026-08-20 23:10:00,0.8599999999999878,0.371428571,PASS
21,2015-02-23 21:02:00,NP50,Long,2015-02-24 03:31:00,,0.454545455,PASS
21,2025-05-12 21:02:00,NP50,Long,2025-05-13 03:31:00,,0.454545455,PASS
21,2015-02-23 21:02:00,NP75,Long,2015-02-24 06:45:00,,0.454545455,PASS
21,2025-05-12 21:02:00,NP75,Long,2025-05-13 06:45:00,,0.454545455,PASS
23,2015-02-27 19:42:00,NP75,Short,2015-02-27 21:59:00,0.14666666666668998,-0.397777778,PASS
23,2026-08-28 19:42:00,NP75,Short,2026-08-28 21:59:00,0.12333333333332713,0.115555556,PASS
22,2015-05-14 16:56:00,NP50,Long,2015-05-14 21:05:00,0.22000000000001382,-0.31,PASS
22,2026-08-27 16:56:00,NP50,Long,2026-08-27 21:05:00,0.0014285714285807874,-0.488571429,PASS
23,2015-06-26 19:42:00,NP50,Short,2015-06-26 21:13:00,,-1.0,PASS
23,2021-02-26 19:42:00,NP50,Short,2021-02-26 21:13:00,,-1.0,PASS
22,2015-11-26 16:56:00,NP75,Long,2015-11-26 23:10:00,0.0014285714285173462,-0.255714286,PASS
22,2026-08-27 16:56:00,NP75,Long,2026-08-27 23:10:00,0.0014285714285807874,-0.347142857,PASS
21,2022-08-08 21:02:00,NP75,Long,2022-08-09 06:45:00,0.001363636363645297,-0.273636364,PASS
25,2015-01-09 10:00:00,NP50,Long,2015-01-09 12:55:00,0.4224999999999923,0.0,PASS
25,2026-07-27 10:00:00,NP50,Long,2026-07-27 12:55:00,0.28250000000001885,0.3175,PASS
25,2015-01-09 10:00:00,NP75,Long,2015-01-09 14:22:00,0.4224999999999923,0.0,PASS
25,2026-07-27 10:00:00,NP75,Long,2026-07-27 14:22:00,0.28250000000001885,0.3175,PASS
25,2015-01-13 10:00:00,NP50,Long,2015-01-13 12:55:00,,1.0,PASS
25,2026-03-11 10:00:00,NP50,Long,2026-03-11 12:55:00,,1.0,PASS
25,2015-01-13 10:00:00,NP75,Long,2015-01-13 14:22:00,,1.0,PASS
25,2026-05-15 10:00:00,NP75,Long,2026-05-15 14:22:00,,-1.0,PASS
25,2015-01-29 10:00:00,NP50,Long,2015-01-29 12:55:00,0.10999999999999899,-0.36,PASS
25,2026-07-31 10:00:00,NP50,Long,2026-07-31 12:55:00,0.04750000000000587,-0.15,PASS
25,2015-01-29 10:00:00,NP75,Long,2015-01-29 14:22:00,0.10999999999999899,-0.7875,PASS
25,2026-07-31 10:00:00,NP75,Long,2026-07-31 14:22:00,0.04750000000000587,-0.0625,PASS
