Variant,StrategyNo,Strategy,Trades,TriggerCount,TriggerRate,TriggerWeeks,R0TotalR,NPTotalR,DeltaTotalR,R0AvgR,NPAvgR,AvgDeltaR,Improved,Harmed,Unchanged,AvgGainWhenImproved,AvgDamageWhenHarmed,BaselineTriggerAvgR,NPTriggerAvgR,RecoveryRate,LaterTPRate,R0PF,NPPF,R0WinRate,NPWinRate,R0AvgWinR,NPAvgWinR,R0AvgLossR,NPAvgLossR,R0SLRate,NPSLRate,R0TPRate,NPTPRate,R0TimeExitRate,NPTimeExitRate,R0WorstDayR,NPWorstDayR,R0WorstWeekR,NPWorstWeekR,R0MaxDDR,NPMaxDDR,NPExitRate,PeriodEligible,SampleStatus,DiagnosticLabel
NP50,1,1_EJ_Log1,852,236,0.27699530516431925,208,129.86285713499998,103.56428570700001,-26.298571428000002,0.15242119382042252,0.12155432594718311,-0.03086686787323944,91,144,617,0.2920408163736264,-0.3671825397083333,-0.1647276029279661,-0.2761622276228814,0.3940677966101695,0.0,1.600577427416156,1.4808508662076392,0.5774647887323944,0.5129107981220657,0.703440766550813,0.7298430859725401,-0.6006388889111111,-0.5189810671397591,0.17488262910798122,0.13849765258215962,0.004694835680751174,0.004694835680751174,0.8204225352112676,0.57981220657277,-1.0,-1.0,-2.0,-2.0,9.908571428999998,12.600000002,0.27699530516431925,True,ELIGIBLE,NO_EXPLORATORY_SIGNAL
NP50,2,2_EJ_NightBlitz_20,1029,213,0.20699708454810495,185,112.95111115899999,103.237777827,-9.713333332000001,0.1097678436919339,0.10032825833527698,-0.009439585356656949,94,118,817,0.2577541371382979,-0.28764595104237295,-0.24440271255399063,-0.29000521646009386,0.3333333333333333,0.0,1.3807283787613496,1.353637464108625,0.5607385811467445,0.5228377065111759,0.7099171963102253,0.7345146634498142,-0.6592691358044445,-0.5969961372372189,0.21671525753158405,0.18658892128279883,0.11078717201166181,0.11078717201166181,0.6724975704567542,0.4956268221574344,-1.0,-1.0,-2.0,-2.0,7.624444446,7.560000001000001,0.20699708454810495,True,ELIGIBLE,NO_EXPLORATORY_SIGNAL
NP50,3,3_EJ_NightBlitz_21,1029,485,0.4713313896987366,377,69.061333309,49.85066664599999,-19.210666662999998,0.06711499835665695,0.048445740180758014,-0.01866925817589893,203,282,544,0.1600788177438424,-0.1833569739893617,-0.15199450171958762,-0.19160412370515464,0.354639175257732,0.004123711340206186,1.421095420291097,1.3001509263129827,0.5675413022351797,0.5179786200194364,0.39908447484246573,0.4051332082101313,-0.3727363636340909,-0.33620512819838055,0.056365403304178816,0.0369290573372206,0.09523809523809523,0.09329446064139942,0.8483965014577259,0.39844509232264336,-1.0,-1.0,-2.0,-2.0,5.096,6.214666670000001,0.4713313896987366,True,ELIGIBLE,NO_EXPLORATORY_SIGNAL
NP50,4,4_GJ_Port_Log1,956,626,0.6548117154811716,422,39.222307666999995,32.133846129999995,-7.088461537000001,0.04102751848012552,0.03361280975941422,-0.007414708720711298,276,349,331,0.10977146039492754,-0.10712144586246419,-0.06916195626517573,-0.08048537725079873,0.40894568690095845,0.003194888178913738,1.415094800132389,1.3620715056575035,0.5648535564853556,0.5428870292887029,0.24761538457962962,0.23291685190366088,-0.22823671499033812,-0.20449308757603687,0.02092050209205021,0.013598326359832637,0.06903765690376569,0.06694560669456066,0.9100418410041841,0.26464435146443516,-1.0,-1.0,-2.0,-2.0,2.57846154,3.0930769239999947,0.6548117154811716,True,ELIGIBLE,NO_EXPLORATORY_SIGNAL
NP50,5,5_GJ_Port_Log2,1252,492,0.3929712460063898,350,104.85444444800001,80.390000001,-24.464444447000005,0.08374955626837062,0.06420926517651758,-0.01954029109185304,255,236,761,0.39140305010196075,-0.526577212809322,-0.19209801264634144,-0.2418224932296748,0.3597560975609756,0.0,1.2743595931026266,1.2454906351789583,0.5007987220447284,0.43450479233226835,0.7767676767735247,0.7497365196176471,-0.6124661680913461,-0.46252354049576266,0.20447284345047922,0.11741214057507987,0.0,0.0,0.7955271565495208,0.48961661341853036,-1.0,-1.0,-3.0,-2.112222223,9.45,8.774444443000014,0.3929712460063898,True,ELIGIBLE,NO_EXPLORATORY_SIGNAL
NP50,6,6_GJ_Old_Mon,491,74,0.15071283095723015,74,82.97999999999999,69.38999999999999,-13.59,0.16900203665987779,0.14132382892057024,-0.027678207739307535,30,44,417,0.40366666666666673,-0.5840909090909091,-0.17486486486486486,-0.35851351351351346,0.36486486486486486,0.0,1.4538394224458542,1.3835863304182467,0.5234215885947047,0.47657841140529533,1.0343190661478598,1.0696068376068377,-0.7813675213675214,-0.7038832684824903,0.32179226069246436,0.2830957230142566,0.012219959266802444,0.012219959266802444,0.6659877800407332,0.5539714867617108,-1.0,-1.0,-1.0,-1.0,13.148000000000001,16.258,0.15071283095723015,True,ELIGIBLE,NO_EXPLORATORY_SIGNAL
NP50,7,7_GJ_Mon_Blitz,589,433,0.735144312393888,433,24.834615375000002,10.809999995999995,-14.024615379,0.042164032894736844,0.01835314091001697,-0.023810891984719865,190,240,159,0.18095951421578949,-0.20169551283333334,-0.04882394743879907,-0.0812133593995381,0.4618937644341801,0.0,1.3557614958155406,1.185822336167514,0.5551782682512734,0.48217317487266553,0.2894236650152905,0.242900866721831,-0.2664386377290076,-0.19391282051,0.01867572156196944,0.006791171477079796,0.003395585738539898,0.003395585738539898,0.9779286926994907,0.2546689303904924,-1.0,-1.0,-1.0,-1.0,5.838461538000002,7.234615386999999,0.735144312393888,True,ELIGIBLE,NO_EXPLORATORY_SIGNAL
NP50,8,8_AJ_Core1,590,278,0.4711864406779661,278,54.74999999400001,39.019999988,-15.730000006000001,0.09279661015932204,0.06613559320000001,-0.026661016959322034,124,154,312,0.2694009216370968,-0.31906307979870135,-0.12569886947841727,-0.18228160331294965,0.38848920863309355,0.0035971223021582736,1.456423875724678,1.3596171315375547,0.5661016949152542,0.488135593220339,0.5230667236676646,0.5122371031319444,-0.4685714285585938,-0.3592857142847683,0.1016949152542373,0.06610169491525424,0.03559322033898305,0.03389830508474576,0.8627118644067797,0.4288135593220339,-1.0,-1.0,-1.0,-1.0,4.820000000000002,5.039999999000003,0.4711864406779661,True,ELIGIBLE,NO_EXPLORATORY_SIGNAL
NP50,9,9_AJ_Core2,340,87,0.25588235294117645,87,62.970000006999996,52.746666667999996,-10.223333339,0.1852058823735294,0.15513725490588234,-0.030068627467647057,48,39,253,0.4434722221458334,-0.807948718,-0.19708812262068964,-0.31459770122988506,0.3793103448275862,0.011494252873563218,1.4906116089403243,1.4549348819757666,0.5235294117647059,0.4588235294117647,1.074831460707865,1.0813461538846154,-0.792283950611111,-0.6335701275300547,0.3235294117647059,0.22647058823529412,0.08235294117647059,0.07941176470588235,0.5941176470588235,0.43823529411764706,-1.0,-1.0,-1.0,-1.0,7.919999997999998,7.160000002,0.25588235294117645,True,ELIGIBLE,NO_EXPLORATORY_SIGNAL
NP50,10,10_AJ_SatA,403,292,0.7245657568238213,292,2.8739999999999983,-2.716,-5.59,0.0071315136476426755,-0.006739454094292804,-0.013870967741935483,141,148,114,0.12443971631205673,-0.15632432432432433,-0.07984931506849315,-0.0989931506849315,0.3356164383561644,0.03767123287671233,1.0611541407779386,0.9364945753834643,0.46898263027295284,0.4466501240694789,0.2638624338624339,0.2225111111111111,-0.22167924528301888,-0.19264864864864864,0.01240694789081886,0.007444168734491315,0.15384615384615385,0.12655086848635236,0.8337468982630273,0.141439205955335,-1.0,-1.0,-1.0,-1.0,7.084,8.334,0.7245657568238213,True,ELIGIBLE,NO_EXPLORATORY_SIGNAL
NP50,11,11_AJ_SatB,403,230,0.5707196029776674,230,23.105454530999996,7.183636349999999,-15.921818181,0.057333634071960286,0.017825400372208432,-0.039508233699751864,112,118,173,0.26011363633928575,-0.3818181817881356,-0.13002371543913044,-0.19924901187826086,0.36086956521739133,0.004347826086956522,1.2700956427370997,1.0985753846484825,0.49379652605459057,0.38957816377171217,0.545984467763819,0.5099247249171973,-0.41934046350000004,-0.29744712433469395,0.07196029776674938,0.02977667493796526,0.034739454094292806,0.03225806451612903,0.8933002481389578,0.36724565756823824,-1.0,-1.0,-1.0,-1.0,5.985454548000003,10.312727273000002,0.5707196029776674,True,ELIGIBLE,NO_EXPLORATORY_SIGNAL
NP50,12,12_UJ_Short_Core,546,141,0.25824175824175827,102,129.353,128.59300000000002,-0.7599999999999998,0.23691025641025643,0.23551831501831505,-0.0013919413919413915,83,58,405,0.13402409638554216,-0.20489655172413793,-0.14319148936170215,-0.14858156028368796,0.3191489361702128,0.0,2.1739406645067025,2.2068114418709412,0.5860805860805861,0.5677655677655677,0.7485625,0.7585451612903226,-0.49411210762331836,-0.4515084745762712,0.11355311355311355,0.10989010989010989,0.05311355311355311,0.05311355311355311,0.8333333333333334,0.5787545787545788,-1.0,-1.0,-3.0,-3.0,5.0,5.0,0.25824175824175827,True,ELIGIBLE,NO_EXPLORATORY_SIGNAL
NP50,13,13_UJ_Fix_MidWeek,223,187,0.8385650224215246,124,19.084210522,7.422105260999999,-11.662105261,0.08557941938116592,0.03328298323318385,-0.052296436147982066,75,112,36,0.11957894738666665,-0.1842011278125,0.046068111443850264,-0.016296087812834224,0.5775401069518716,0.0053475935828877,2.323454266251948,1.6081593925784625,0.6233183856502242,0.4977578475336323,0.24103748578417267,0.17681365574774774,-0.1716666666904762,-0.11094736842727274,0.008968609865470852,0.008968609865470852,0.008968609865470852,0.004484304932735426,0.9820627802690582,0.14798206278026907,-1.0,-1.0,-0.797894737,-0.98,1.8926315789999997,1.8578947360000004,0.8385650224215246,True,ELIGIBLE,NO_EXPLORATORY_SIGNAL
NP50,14,14_UJ_Sat_3rd,73,20,0.273972602739726,20,28.233333342,28.080000010000003,-0.15333333200000002,0.38675799098630137,0.3846575343835617,-0.0021004566027397263,12,8,53,0.17074074083333335,-0.27527777775,-0.32411111115,-0.33177777775,0.25,0.0,3.336766599987802,3.389109473408653,0.684931506849315,0.6438356164383562,0.80631111128,0.8475177307021277,-0.5253140096521739,-0.45205128203846157,0.0958904109589041,0.0547945205479452,0.2191780821917808,0.2191780821917808,0.684931506849315,0.4520547945205479,-1.0,-1.0,-1.0,-1.0,1.6266666670000003,1.7755555550000004,0.273972602739726,False,INSUFFICIENT_SAMPLE,NO_EXPLORATORY_SIGNAL
NP50,15,15_UJ_Sat_Aug,70,9,0.12857142857142856,7,24.075,21.280000000000005,-2.795,0.3439285714285714,0.30400000000000005,-0.039928571428571424,5,4,61,0.418,-1.22125,-0.145,-0.4555555555555555,0.4444444444444444,0.1111111111111111,1.857371794871795,1.7826406767193825,0.5428571428571428,0.5,1.3725,1.384857142857143,-0.8775,-0.7768571428571428,0.37142857142857144,0.3,0.35714285714285715,0.34285714285714286,0.2714285714285714,0.22857142857142856,-1.0,-1.0,-1.25,-2.3600000000000003,3.620000000000001,3.620000000000001,0.12857142857142856,False,INSUFFICIENT_SAMPLE,NO_EXPLORATORY_SIGNAL
NP50,16,16_UJ_T10A,60,30,0.5,30,11.744444443999997,8.142222221,-3.602222223,0.19574074073333328,0.13570370368333334,-0.06003703705,8,22,30,0.38333333337500003,-0.30313131318181824,0.0107407408,-0.10933333330000002,0.6,0.0,2.250887573902357,1.993223095756188,0.65,0.48333333333333334,0.5418803418717949,0.5634482757586207,-0.447089947095238,-0.2644444443870968,0.08333333333333333,0.05,0.03333333333333333,0.03333333333333333,0.8833333333333333,0.4166666666666667,-1.0,-1.0,-1.0,-1.0,1.211111111000001,2.0977777779999993,0.5,True,ELIGIBLE,NO_EXPLORATORY_SIGNAL
NP50,17,17_EA_1B_Wed_Short,351,115,0.32763532763532766,115,52.781428567999995,40.548571429000006,-12.232857139,0.15037444036467235,0.11552299552421655,-0.03485144484045584,49,66,236,0.36023323620408165,-0.4527922077727273,-0.14252173913913044,-0.24889440991304349,0.40869565217391307,0.0,1.6097267145859668,1.4991471027908234,0.5897435897435898,0.5156695156695157,0.6731746031642513,0.6728413575414365,-0.6011507936597222,-0.47785714285882347,0.17094017094017094,0.11965811965811966,0.014245014245014245,0.014245014245014245,0.8148148148148148,0.5384615384615384,-1.0,-1.0,-1.0,-1.0,4.3471428589999945,4.265714287,0.32763532763532766,True,ELIGIBLE,NO_EXPLORATORY_SIGNAL
NP50,18,18_EA_2_MonWed_Short,953,286,0.3001049317943337,223,39.053333343,37.967777791,-1.0855555519999998,0.04097936342392445,0.039840270504721935,-0.001139092919202518,147,139,667,0.3286470143333333,-0.3553717025827339,-0.2832284382272727,-0.28702408701048954,0.3111888111888112,0.0,1.145359200373806,1.1529821011852208,0.5183630640083945,0.46799580272822666,0.6229172289757084,0.6415969108183857,-0.5866108684956333,-0.49048309176679844,0.18782791185729275,0.12906610703043023,0.026232948583420776,0.026232948583420776,0.7859391395592865,0.5445960125918153,-1.0,-1.0,-3.0,-3.0,23.832222218000005,19.635555552,0.3001049317943337,True,ELIGIBLE,NO_EXPLORATORY_SIGNAL
NP50,19,19_EA_3_WedThu_Long,703,252,0.3584637268847795,216,63.135555575999994,54.631111135,-8.504444441000002,0.08980875615362731,0.0777113956401138,-0.012097360513513516,117,134,452,0.1896011395897436,-0.22901326696268653,-0.2541931216825397,-0.2879409170833333,0.25793650793650796,0.0,1.4285865139566416,1.3765614112156197,0.55049786628734,0.5078236130867709,0.5437898363875969,0.5594117647535014,-0.46765432097142845,-0.4205185184985507,0.0953058321479374,0.06970128022759602,0.0,0.0,0.9046941678520626,0.5718349928876245,-1.0,-1.0,-2.0,-2.0,7.2344444439999975,7.112222222,0.3584637268847795,True,ELIGIBLE,NO_EXPLORATORY_SIGNAL
NP50,20,20_EA_1A_MonTue_Short,770,277,0.35974025974025975,229,24.314000000000004,15.392000000000001,-8.921999999999999,0.03157662337662338,0.01998961038961039,-0.011587012987012986,133,144,493,0.27278195488721807,-0.31390277777777775,-0.20771841155234655,-0.23992779783393506,0.3140794223826715,0.0,1.1200560926714136,1.081106146193407,0.509090909090909,0.461038961038961,0.5786632653061224,0.5779380281690141,-0.5371936339522546,-0.4595060532687651,0.15324675324675324,0.11688311688311688,0.014285714285714285,0.014285714285714285,0.8324675324675325,0.509090909090909,-1.0,-1.0,-2.0,-2.0,12.853999999999992,11.132000000000003,0.35974025974025975,True,ELIGIBLE,NO_EXPLORATORY_SIGNAL
NP50,21,21_GA_B_3,587,434,0.7393526405451448,434,8.894545480999998,2.3822727499999985,-6.512272730999999,0.015152547667802382,0.004058386286201019,-0.01109416138160136,196,236,155,0.08542671613775508,-0.0985419876864407,-0.05883116881566821,-0.07383640552304147,0.4055299539170507,0.018433179723502304,1.1673980928189815,1.0473351943169913,0.5264054514480409,0.5025553662691652,0.20073992357605178,0.178677966179661,-0.19181982275812276,-0.17294751640206182,0.008517887563884156,0.0034071550255536627,0.10562180579216354,0.0919931856899489,0.8858603066439523,0.16524701873935263,-1.0,-1.0,-1.0,-1.0,6.221363637000001,8.030454529000007,0.7393526405451448,True,ELIGIBLE,NO_EXPLORATORY_SIGNAL
NP50,23,23_GA_F_2,434,287,0.6612903225806451,287,19.614444442,4.952222219,-14.662222223,0.04519457244700461,0.01141065027419355,-0.03378392217281106,132,155,147,0.20452861955303028,-0.2687741935741935,-0.07562911343554007,-0.12671699574564463,0.39372822299651566,0.0,1.306273638852968,1.0857758703091611,0.5069124423963134,0.4447004608294931,0.38025757577272723,0.3248013816735752,-0.3006677099906103,-0.23956201014107883,0.03456221198156682,0.018433179723502304,0.0069124423963133645,0.0069124423963133645,0.9585253456221198,0.31336405529953915,-1.0,-1.0,-1.0,-1.0,9.660000002,12.013333332999999,0.6612903225806451,True,ELIGIBLE,NO_EXPLORATORY_SIGNAL
NP50,24,24_GA_D_1,434,193,0.4447004608294931,193,24.537777772000002,25.854444445000002,1.3166666730000003,0.0565386584608295,0.059572452638248855,0.0030337941774193555,95,98,241,0.1725146199263158,-0.15379818591836736,-0.20454231433160622,-0.19772020721761657,0.2849740932642487,0.0,1.3198679044998782,1.3680115137196287,0.5576036866359447,0.5345622119815668,0.41838842973140494,0.41426245210344825,-0.39954282407812497,-0.3477942794207921,0.06451612903225806,0.04608294930875576,0.013824884792626729,0.013824884792626729,0.9216589861751152,0.49539170506912444,-1.0,-1.0,-1.0,-1.0,4.628888887999988,4.602222215999998,0.4447004608294931,True,ELIGIBLE,EXPLORATORY_STRATEGY_SIGNAL
NP50,25,25_AU_China_Demand,1022,528,0.5166340508806262,263,49.6725,44.855000000000004,-4.817499999999999,0.048603228962818004,0.0438894324853229,-0.004713796477495107,256,271,495,0.204404296875,-0.2108671586715867,-0.15856060606060607,-0.16768465909090907,0.3333333333333333,0.003787878787878788,1.2887600279037323,1.3010352175299074,0.538160469667319,0.49902152641878667,0.40307727272727273,0.3801127450980393,-0.3691416309012875,-0.29273575638506877,0.046966731898238745,0.022504892367906065,0.07436399217221135,0.07240704500978473,0.8786692759295499,0.388454011741683,-1.0,-1.0,-2.415,-2.79,8.079999999999998,10.3475,0.5166340508806262,True,ELIGIBLE,NO_EXPLORATORY_SIGNAL
NP50,26,26_AJ_China_Demand,514,220,0.4280155642023346,121,59.173333336,44.56888888899999,-14.604444446999999,0.11512321660700389,0.08670990056225679,-0.02841331604474708,89,130,295,0.22699126095505617,-0.2677435897846154,-0.13280808079545456,-0.19919191919090912,0.39545454545454545,0.004545454545454545,1.593236198405849,1.4610786702811307,0.5836575875486382,0.5038910505836576,0.5297333333366667,0.5452938652972973,-0.46829420969483565,-0.37906753812941174,0.0914396887159533,0.06614785992217899,0.033073929961089495,0.0311284046692607,0.8754863813229572,0.47470817120622566,-1.0,-1.0,-3.0,-3.0,4.171111107999998,5.813333334999996,0.4280155642023346,True,ELIGIBLE,NO_EXPLORATORY_SIGNAL
NP50,27,27_EA_China_Demand,583,237,0.4065180102915952,132,54.554999998,45.848333341,-8.706666657,0.09357632932761578,0.07864208120240138,-0.014934248125214407,101,136,346,0.22651815188118812,-0.2322426470367647,-0.15243319270042197,-0.18917018281434597,0.3670886075949367,0.0,1.5101379256353447,1.4469882847047328,0.5797598627787307,0.5283018867924528,0.47780078895266276,0.4818831168961039,-0.4382855191311476,-0.3729878787745455,0.08576329331046312,0.06518010291595197,0.1320754716981132,0.1320754716981132,0.7821612349914236,0.39622641509433965,-1.0,-1.0,-2.666666667,-2.578333333,5.516666667000006,7.386666665000007,0.4065180102915952,True,ELIGIBLE,NO_EXPLORATORY_SIGNAL
NP50,28,28_GA_China_Demand,580,265,0.45689655172413796,137,44.565333313,35.681333307,-8.884000006,0.07683678157413792,0.06151954018448276,-0.015317241389655173,125,140,315,0.25289599996000006,-0.2892571428642857,-0.13038490564150942,-0.16390943396603772,0.3660377358490566,0.01509433962264151,1.413612176540003,1.3671926451786114,0.5517241379310345,0.5086206896551724,0.475974999921875,0.45035480216610174,-0.41601029599227796,-0.34095906432280704,0.08448275862068966,0.05517241379310345,0.1396551724137931,0.13275862068965516,0.7758620689655172,0.35517241379310344,-1.0,-1.0,-3.066666667,-3.066666667,5.411999999999999,5.710666668999998,0.45689655172413796,True,ELIGIBLE,NO_EXPLORATORY_SIGNAL
NP75,1,1_EJ_Log1,852,148,0.17370892018779344,131,129.86285713499998,122.64142856800001,-7.221428567000001,0.15242119382042252,0.1439453386948357,-0.008475855125586856,66,82,704,0.12393939396969697,-0.1878222996219512,-0.2428281853581081,-0.29162162162162164,0.2635135135135135,0.0,1.600577427416156,1.561130247769393,0.5774647887323944,0.5598591549295775,0.703440766550813,0.7153099730419287,-0.6006388889111111,-0.5828304761946667,0.17488262910798122,0.16784037558685447,0.004694835680751174,0.004694835680751174,0.8204225352112676,0.653755868544601,-1.0,-1.0,-2.0,-2.0,9.908571428999998,11.281428571000001,0.17370892018779344,True,ELIGIBLE,NO_EXPLORATORY_SIGNAL
NP75,2,2_EJ_NightBlitz_20,1029,151,0.1467444120505345,132,112.95111115899999,109.260000048,-3.6911111109999997,0.1097678436919339,0.10618075806413994,-0.003587085627793974,65,86,878,0.13600000004615384,-0.1457105943488372,-0.22158940394701987,-0.24603384839072848,0.271523178807947,0.0,1.3807283787613496,1.3681459796610609,0.5607385811467445,0.5422740524781341,0.7099171963102253,0.7276782159354839,-0.6592691358044445,-0.6341547958205128,0.21671525753158405,0.21477162293488825,0.11078717201166181,0.11078717201166181,0.6724975704567542,0.5276967930029155,-1.0,-1.0,-2.0,-2.0,7.624444446,7.835555557000001,0.1467444120505345,True,ELIGIBLE,NO_EXPLORATORY_SIGNAL
NP75,3,3_EJ_NightBlitz_21,1029,421,0.40913508260447035,336,69.061333309,60.094666641,-8.966666668,0.06711499835665695,0.05840103658017493,-0.008713961776482022,171,249,609,0.10056920077777777,-0.1050763052248996,-0.17078068092161522,-0.19207917657007123,0.2992874109263658,0.0023752969121140144,1.421095420291097,1.360227944659757,0.5675413022351797,0.5374149659863946,0.39908447484246573,0.4103411693381555,-0.3727363636340909,-0.3526934460951374,0.056365403304178816,0.052478134110787174,0.09523809523809523,0.09426627793974733,0.8483965014577259,0.44412050534499514,-1.0,-1.0,-2.0,-2.0,5.096,5.8946666689999985,0.40913508260447035,True,ELIGIBLE,NO_EXPLORATORY_SIGNAL
NP75,4,4_GJ_Port_Log1,956,594,0.6213389121338913,404,39.222307666999995,24.006153833,-15.216153834000002,0.04102751848012552,0.02511103957426778,-0.01591647890585774,225,364,367,0.08353846155555555,-0.09344040572527475,-0.07627557628787879,-0.10189199688383838,0.3888888888888889,0.003367003367003367,1.415094800132389,1.2465009003071068,0.5648535564853556,0.5177824267782427,0.24761538457962962,0.2452400932161616,-0.22823671499033812,-0.21356950067763159,0.02092050209205021,0.01778242677824268,0.06903765690376569,0.06694560669456066,0.9100418410041841,0.2939330543933054,-1.0,-1.0,-2.0,-2.0,2.57846154,5.388461538999996,0.6213389121338913,True,ELIGIBLE,NO_EXPLORATORY_SIGNAL
NP75,5,5_GJ_Port_Log2,1252,279,0.22284345047923323,224,104.85444444800001,94.693333341,-10.161111106999998,0.08374955626837062,0.07563365282827476,-0.008115903440095846,132,147,973,0.27287878788636366,-0.3141572184217687,-0.31097570688888887,-0.34739545996057347,0.2222222222222222,0.0,1.2743595931026266,1.252062217013198,0.5007987220447284,0.4752396166134185,0.7767676767735247,0.7905340803058822,-0.6124661680913461,-0.5718028073683409,0.20447284345047922,0.17172523961661343,0.0,0.0,0.7955271565495208,0.6054313099041534,-1.0,-1.0,-3.0,-2.716666667,9.45,9.105555552000041,0.22284345047923323,True,ELIGIBLE,NO_EXPLORATORY_SIGNAL
NP75,6,6_GJ_Old_Mon,491,42,0.0855397148676171,42,82.97999999999999,77.96599999999998,-5.014,0.16900203665987779,0.15879022403258652,-0.010211812627291242,17,25,449,0.26823529411764707,-0.38295999999999997,-0.1813809523809524,-0.30076190476190473,0.30952380952380953,0.0,1.4538394224458542,1.425843592628601,0.5234215885947047,0.5091649694501018,1.0343190661478598,1.044208,-0.7813675213675214,-0.7596929460580912,0.32179226069246436,0.3136456211812627,0.012219959266802444,0.012219959266802444,0.6659877800407332,0.5885947046843177,-1.0,-1.0,-1.0,-1.0,13.148000000000001,13.13,0.0855397148676171,True,ELIGIBLE,NO_EXPLORATORY_SIGNAL
NP75,7,7_GJ_Mon_Blitz,589,372,0.631578947368421,372,24.834615375000002,17.473846155999997,-7.360769219,0.042164032894736844,0.029666971402376906,-0.012497061492359933,166,205,218,0.12684893421686746,-0.13862288926341465,-0.0951550868736559,-0.1149421009032258,0.3978494623655914,0.0,1.3557614958155406,1.2698695559457707,0.5551782682512734,0.5229202037351444,0.2894236650152905,0.2669580419707792,-0.2664386377290076,-0.23124725275357144,0.01867572156196944,0.008488964346349746,0.003395585738539898,0.003395585738539898,0.9779286926994907,0.3565365025466893,-1.0,-1.0,-1.0,-1.0,5.838461538000002,7.0430769200000025,0.631578947368421,True,ELIGIBLE,NO_EXPLORATORY_SIGNAL
NP75,8,8_AJ_Core1,590,211,0.3576271186440678,211,54.74999999400001,52.652857135999994,-2.0971428579999998,0.09279661015932204,0.08924213073898304,-0.0035544794203389825,107,104,379,0.1632443257570094,-0.18811813186538462,-0.20934326336492892,-0.21928232904265405,0.2843601895734597,0.0,1.456423875724678,1.4541444360400155,0.5661016949152542,0.5440677966101695,0.5230667236676646,0.5252069425638629,-0.4685714285585938,-0.4309984067918216,0.1016949152542373,0.0847457627118644,0.03559322033898305,0.03559322033898305,0.8627118644067797,0.5220338983050847,-1.0,-1.0,-1.0,-1.0,4.820000000000002,3.5471428579999973,0.3576271186440678,True,ELIGIBLE,NO_EXPLORATORY_SIGNAL
NP75,9,9_AJ_Core2,340,39,0.11470588235294117,39,62.970000006999996,63.503333342,0.5333333350000002,0.1852058823735294,0.18677450982941177,0.0015686274558823537,23,16,301,0.3371014493478261,-0.45125,-0.3876923077179487,-0.374017094,0.3076923076923077,0.0,1.4906116089403243,1.5158678581929133,0.5235294117647059,0.5,1.074831460707865,1.0976666667000001,-0.792283950611111,-0.7241176470411764,0.3235294117647059,0.2823529411764706,0.08235294117647059,0.08235294117647059,0.5941176470588235,0.5205882352941177,-1.0,-1.0,-1.0,-1.0,7.919999997999998,7.723333332999999,0.11470588235294117,True,ELIGIBLE,EXPLORATORY_STRATEGY_SIGNAL
NP75,10,10_AJ_SatA,403,267,0.6625310173697271,267,2.8739999999999983,-2.5140000000000016,-5.388,0.0071315136476426755,-0.006238213399503726,-0.013369727047146401,125,141,137,0.07972800000000001,-0.10889361702127662,-0.10399250936329589,-0.12417228464419475,0.2846441947565543,0.011235955056179775,1.0611541407779386,0.9469172297297297,0.46898263027295284,0.45905707196029777,0.2638624338624339,0.24241081081081078,-0.22167924528301888,-0.21824884792626728,0.01240694789081886,0.01240694789081886,0.15384615384615385,0.14640198511166252,0.8337468982630273,0.17866004962779156,-1.0,-1.0,-1.0,-1.0,7.084,9.542,0.6625310173697271,True,ELIGIBLE,NO_EXPLORATORY_SIGNAL
NP75,11,11_AJ_SatB,403,155,0.38461538461538464,155,23.105454530999996,20.758181807999996,-2.347272722999999,0.057333634071960286,0.05150913599999999,-0.0058244980719602945,80,75,248,0.1477272727125,-0.18887272719999998,-0.2482463343290322,-0.26339002931612904,0.21935483870967742,0.0,1.2700956427370997,1.249868685847913,0.49379652605459057,0.4813895781637717,0.545984467763819,0.535229615716495,-0.41934046350000004,-0.40328331864563105,0.07196029776674938,0.062034739454094295,0.034739454094292806,0.034739454094292806,0.8933002481389578,0.5186104218362283,-1.0,-1.0,-1.0,-1.0,5.985454548000003,5.070909092000004,0.38461538461538464,True,ELIGIBLE,NO_EXPLORATORY_SIGNAL
NP75,12,12_UJ_Short_Core,546,130,0.23809523809523808,95,129.353,131.04700000000003,1.6939999999999997,0.23691025641025643,0.24001282051282055,0.003102564102564102,70,59,417,0.11345714285714285,-0.10589830508474578,-0.17439230769230768,-0.16136153846153845,0.2846153846153846,0.0,2.1739406645067025,2.227802085578031,0.5860805860805861,0.5714285714285714,0.7485625,0.7621153846153845,-0.49411210762331836,-0.4580815450643777,0.11355311355311355,0.10989010989010989,0.05311355311355311,0.05311355311355311,0.8333333333333334,0.5989010989010989,-1.0,-1.0,-3.0,-3.0,5.0,5.0,0.23809523809523808,True,ELIGIBLE,EXPLORATORY_STRATEGY_SIGNAL
NP75,13,13_UJ_Fix_MidWeek,223,175,0.7847533632286996,120,19.084210522,11.256842108,-7.827368414,0.08557941938116592,0.050479112591928256,-0.03510030678923767,70,105,48,0.1042857143,-0.1440701753809524,0.030105263154285713,-0.014622556354285719,0.5542857142857143,0.005714285714285714,2.323454266251948,1.8478553875856198,0.6233183856502242,0.6053811659192825,0.24103748578417267,0.18173099416296296,-0.1716666666904762,-0.15087320572727272,0.008968609865470852,0.008968609865470852,0.008968609865470852,0.004484304932735426,0.9820627802690582,0.20179372197309417,-1.0,-1.0,-0.797894737,-0.951578947,1.8926315789999997,1.8515789470000001,0.7847533632286996,True,ELIGIBLE,NO_EXPLORATORY_SIGNAL
NP75,14,14_UJ_Sat_3rd,73,16,0.2191780821917808,16,28.233333342,27.73111112,-0.502222222,0.38675799098630137,0.379878234520548,-0.0068797564657534244,6,10,57,0.09925925916666667,-0.10977777770000001,-0.2200000000625,-0.2513888889375,0.25,0.0,3.336766599987802,3.2851126173856398,0.684931506849315,0.6986301369863014,0.80631111128,0.7816993465882354,-0.5253140096521739,-0.5516161616363636,0.0958904109589041,0.0958904109589041,0.2191780821917808,0.2191780821917808,0.684931506849315,0.4657534246575342,-1.0,-1.0,-1.0,-1.0,1.6266666670000003,1.675555555999999,0.2191780821917808,False,INSUFFICIENT_SAMPLE,NO_EXPLORATORY_SIGNAL
NP75,15,15_UJ_Sat_Aug,70,2,0.02857142857142857,2,24.075,24.724999999999998,0.65,0.3439285714285714,0.3532142857142857,0.009285714285714286,1,1,68,0.81,-0.16,-0.46499999999999997,-0.14,0.5,0.0,1.857371794871795,1.9036915204678364,0.5428571428571428,0.5285714285714286,1.3725,1.4077027027027027,-0.8775,-0.8290909090909091,0.37142857142857144,0.35714285714285715,0.35714285714285715,0.35714285714285715,0.2714285714285714,0.2571428571428571,-1.0,-1.0,-1.25,-1.25,3.620000000000001,3.620000000000001,0.02857142857142857,False,INSUFFICIENT_SAMPLE,NO_EXPLORATORY_SIGNAL
NP75,16,16_UJ_T10A,60,24,0.4,24,11.744444443999997,7.511111108,-4.233333335999999,0.19574074073333328,0.12518518513333332,-0.07055555559999999,7,17,36,0.12285714271428569,-0.2996078432352941,0.07527777783333334,-0.10111111116666666,0.625,0.0,2.250887573902357,1.7598920858965996,0.65,0.4666666666666667,0.5418803418717949,0.6212698412142856,-0.447089947095238,-0.3088888889375,0.08333333333333333,0.08333333333333333,0.03333333333333333,0.03333333333333333,0.8833333333333333,0.48333333333333334,-1.0,-1.0,-1.0,-1.0,1.211111111000001,1.8911111109999998,0.4,False,INSUFFICIENT_SAMPLE,NO_EXPLORATORY_SIGNAL
NP75,17,17_EA_1B_Wed_Short,351,66,0.18803418803418803,66,52.781428567999995,52.13714285699999,-0.6442857110000002,0.15037444036467235,0.14853886853846152,-0.0018355718262108268,35,31,285,0.20808163274285713,-0.2557142857096774,-0.2818398268333333,-0.2916017315454545,0.25757575757575757,0.0,1.6097267145859668,1.608327499441305,0.5897435897435898,0.5698005698005698,0.6731746031642513,0.6892142856950001,-0.6011507936597222,-0.5675875118013245,0.17094017094017094,0.15384615384615385,0.014245014245014245,0.014245014245014245,0.8148148148148148,0.6438746438746439,-1.0,-1.0,-1.0,-1.0,4.3471428589999945,4.9928571439999985,0.18803418803418803,True,ELIGIBLE,NO_EXPLORATORY_SIGNAL
NP75,18,18_EA_2_MonWed_Short,953,173,0.18153200419727178,149,39.053333343,34.515555568,-4.537777775,0.04097936342392445,0.03621779178174187,-0.0047615716421825814,77,96,780,0.20106782107792207,-0.20854166664583332,-0.2924662813121387,-0.31869621064739884,0.2254335260115607,0.0,1.145359200373806,1.129675394120013,0.5183630640083945,0.5057712486883525,0.6229172289757084,0.6238266482323651,-0.5866108684956333,-0.5663167848510638,0.18782791185729275,0.17418677859391396,0.026232948583420776,0.026232948583420776,0.7859391395592865,0.6180482686253935,-1.0,-1.0,-3.0,-3.0,23.832222218000005,22.416666662,0.18153200419727178,True,ELIGIBLE,NO_EXPLORATORY_SIGNAL
NP75,19,19_EA_3_WedThu_Long,703,229,0.32574679943101,203,63.135555575999994,53.460000018,-9.675555558,0.08980875615362731,0.07604551922901849,-0.013763236924608818,90,138,475,0.14827160486666666,-0.16681159417391306,-0.2733430373580786,-0.31559437167248905,0.2183406113537118,0.0,1.4285865139566416,1.3543917800378442,0.55049786628734,0.5092460881934566,0.5437898363875969,0.5706983240670391,-0.46765432097142845,-0.43851744185465114,0.0953058321479374,0.07965860597439545,0.0,0.0,0.9046941678520626,0.5945945945945946,-1.0,-1.0,-2.0,-2.0,7.2344444439999975,7.195555556000002,0.32574679943101,True,ELIGIBLE,NO_EXPLORATORY_SIGNAL
NP75,20,20_EA_1A_MonTue_Short,770,223,0.2896103896103896,190,24.314000000000004,18.522000000000002,-5.792000000000002,0.03157662337662338,0.024054545454545457,-0.007522077922077924,109,114,547,0.20269724770642203,-0.2446140350877193,-0.24550672645739913,-0.2714798206278027,0.242152466367713,0.0,1.1200560926714136,1.094084300996617,0.509090909090909,0.4792207792207792,0.5786632653061224,0.5837073170731707,-0.5371936339522546,-0.49216499999999996,0.15324675324675324,0.13376623376623376,0.014285714285714285,0.014285714285714285,0.8324675324675325,0.5623376623376624,-1.0,-1.0,-2.0,-2.0,12.853999999999992,12.826000000000002,0.2896103896103896,True,ELIGIBLE,NO_EXPLORATORY_SIGNAL
NP75,21,21_GA_B_3,587,415,0.706984667802385,415,8.894545480999998,-1.3004545269999985,-10.195000007999997,0.015152547667802382,-0.0022154250885860283,-0.017367972756388413,147,267,173,0.07722016076870748,-0.08069799116479401,-0.07541621028674698,-0.09998247536626506,0.3783132530120482,0.004819277108433735,1.1673980928189815,0.9765503339240751,0.5264054514480409,0.4752981260647359,0.20073992357605178,0.19411045950896058,-0.19181982275812276,-0.18064258218241042,0.008517887563884156,0.0034071550255536627,0.10562180579216354,0.10221465076660988,0.8858603066439523,0.18739352640545145,-1.0,-1.0,-1.0,-1.0,6.221363637000001,12.289090901000014,0.706984667802385,True,ELIGIBLE,NO_EXPLORATORY_SIGNAL
NP75,23,23_GA_F_2,434,233,0.5368663594470046,233,19.614444442,15.653333327000002,-3.9611111150000005,0.04519457244700461,0.03606758831105991,-0.009126984135944701,109,124,201,0.15125382265137619,-0.16490143374193544,-0.1510061993304721,-0.16800667621888413,0.31759656652360513,0.0,1.306273638852968,1.259161147767978,0.5069124423963134,0.4470046082949309,0.38025757577272723,0.39202749141237114,-0.3006677099906103,-0.2537815126344538,0.03456221198156682,0.02304147465437788,0.0069124423963133645,0.0069124423963133645,0.9585253456221198,0.43317972350230416,-1.0,-1.0,-1.0,-1.0,9.660000002,10.147777780999997,0.5368663594470046,True,ELIGIBLE,NO_EXPLORATORY_SIGNAL
NP75,24,24_GA_D_1,434,170,0.391705069124424,170,24.537777772000002,25.633333324,1.0955555519999995,0.0565386584608295,0.05906298000921659,0.0025243215483870957,88,82,264,0.1235479797840909,-0.11922764230487803,-0.2323071895470588,-0.22586274512352944,0.2235294117647059,0.0,1.3198679044998782,1.3478169097557335,0.5576036866359447,0.5506912442396313,0.41838842973140494,0.41561134353974893,-0.39954282407812497,-0.3818537708911917,0.06451612903225806,0.055299539170506916,0.013824884792626729,0.013824884792626729,0.9216589861751152,0.5391705069124424,-1.0,-1.0,-1.0,-1.0,4.628888887999988,4.1222222199999905,0.391705069124424,True,ELIGIBLE,EXPLORATORY_STRATEGY_SIGNAL
NP75,25,25_AU_China_Demand,1022,464,0.45401174168297453,244,49.6725,41.455,-8.2175,0.048603228962818004,0.04056262230919765,-0.008040606653620351,214,247,561,0.1557943925233645,-0.16824898785425102,-0.19476293103448278,-0.2124730603448276,0.27801724137931033,0.0021551724137931034,1.2887600279037323,1.2519371600474034,0.538160469667319,0.5058708414872799,0.40307727272727273,0.3984526112185687,-0.3691416309012875,-0.32909000000000005,0.046966731898238745,0.030332681017612523,0.07436399217221135,0.07338551859099804,0.8786692759295499,0.44227005870841485,-1.0,-1.0,-2.415,-2.4400000000000004,8.079999999999998,9.760000000000002,0.45401174168297453,True,ELIGIBLE,NO_EXPLORATORY_SIGNAL
NP75,26,26_AJ_China_Demand,514,192,0.3735408560311284,111,59.173333336,50.111111118,-9.062222217999999,0.11512321660700389,0.09749243408171206,-0.017630782525291825,85,106,323,0.17513725492941176,-0.2259329140283019,-0.17847222220833334,-0.22567129626041668,0.3385416666666667,0.0,1.593236198405849,1.5050278830112946,0.5836575875486382,0.519455252918288,0.5297333333366667,0.5593091968426966,-0.46829420969483565,-0.40335140015853654,0.0914396887159533,0.07392996108949416,0.033073929961089495,0.033073929961089495,0.8754863813229572,0.519455252918288,-1.0,-1.0,-3.0,-3.0,4.171111107999998,4.9955555570000065,0.3735408560311284,True,ELIGIBLE,NO_EXPLORATORY_SIGNAL
NP75,27,27_EA_China_Demand,583,210,0.3602058319039451,124,54.554999998,49.209999999,-5.344999998999999,0.09357632932761578,0.08440823327444254,-0.009168096053173239,90,119,374,0.17409259259999998,-0.17658263305042018,-0.1933809523904762,-0.21883333333809524,0.30952380952380953,0.0,1.5101379256353447,1.4646544126795147,0.5797598627787307,0.5351629502572899,0.47780078895266276,0.4971688034166667,-0.4382855191311476,-0.39079950799630997,0.08576329331046312,0.0686106346483705,0.1320754716981132,0.1320754716981132,0.7821612349914236,0.4391080617495712,-1.0,-1.0,-2.666666667,-2.551666667,5.516666667000006,7.5083333349999855,0.3602058319039451,True,ELIGIBLE,NO_EXPLORATORY_SIGNAL
NP75,28,28_GA_China_Demand,580,225,0.3879310344827586,127,44.565333313,36.663999972999996,-7.901333340000001,0.07683678157413792,0.06321379305689655,-0.01362298851724138,106,118,356,0.20086792447169813,-0.2474011299491525,-0.1930311110888889,-0.2281481481555556,0.3022222222222222,0.0044444444444444444,1.413612176540003,1.3495360363489926,0.5517241379310345,0.506896551724138,0.475974999921875,0.4814875282551021,-0.41601029599227796,-0.3667599067622378,0.08448275862068966,0.05862068965517241,0.1396551724137931,0.13793103448275862,0.7758620689655172,0.41551724137931034,-1.0,-1.0,-3.066666667,-3.066666667,5.411999999999999,6.216000002999985,0.3879310344827586,True,ELIGIBLE,NO_EXPLORATORY_SIGNAL
