Strategy,Pair,Direction,EntryTime,CloseTime,Pips,ExitReason,EntryHour,EntryMinute,SL,TP,PipSize,SpreadPips,SpreadPrice,CumPips,MaxCumPips,Drawdown,Group,Month,Date
20_EA_1A_MonTue_Short,EA,Short,2026-01-05 10:01:00,2026-01-05 16:00:00,23.4,TimeExit,10,1,50,125,0.0001,1.5,0.00015,23.4,23.4,0.0,EA_Rev4,2026-01,2026-01-05
1_EJ_Log1,EJ,Long,2026-01-05 13:55:00,2026-01-05 19:50:00,-70.0,SL,13,55,70,250,0.01,1.0,0.01,-46.6,23.4,70.0,CrossJPY_16,2026-01,2026-01-05
8_AJ_Core1,AJ,Long,2026-01-05 08:01:00,2026-01-05 22:46:00,-24.9,TimeExit,8,1,70,110,0.01,1.5,0.015,-71.5,23.4,94.9,CrossJPY_16,2026-01,2026-01-05
7_GJ_Mon_Blitz,GJ,Long,2026-01-05 18:02:00,2026-01-05 23:02:00,41.6,TimeExit,18,2,130,250,0.01,2.0,0.02,-29.9,23.4,53.3,CrossJPY_16,2026-01,2026-01-05
2_EJ_NightBlitz_20,EJ,Long,2026-01-05 20:56:00,2026-01-06 04:45:00,10.3,TimeExit,20,56,45,70,0.01,1.0,0.01,-19.599999999999998,23.4,43.0,CrossJPY_16,2026-01,2026-01-06
3_EJ_NightBlitz_21,EJ,Long,2026-01-05 21:56:00,2026-01-06 05:27:00,26.3,TimeExit,21,56,75,70,0.01,1.0,0.01,6.700000000000003,23.4,16.699999999999996,CrossJPY_16,2026-01,2026-01-06
4_GJ_Port_Log1,GJ,Long,2026-01-06 00:00:00,2026-01-06 08:55:00,76.4,TimeExit,0,0,130,90,0.01,2.0,0.02,83.10000000000001,83.10000000000001,0.0,CrossJPY_16,2026-01,2026-01-06
21_GA_B_3,GA,Long,2026-01-05 21:02:00,2026-01-06 10:00:00,33.8,TimeExit,21,2,220,100,0.0001,2.0,0.0002,116.9,116.9,0.0,GA,2026-01,2026-01-06
20_EA_1A_MonTue_Short,EA,Short,2026-01-06 10:01:00,2026-01-06 16:00:00,41.7,TimeExit,10,1,50,125,0.0001,1.5,0.00015,158.60000000000002,158.60000000000002,0.0,EA_Rev4,2026-01,2026-01-06
5_GJ_Port_Log2,GJ,Short,2026-01-06 09:55:00,2026-01-06 23:55:00,40.0,TimeExit,9,55,90,999,0.01,2.0,0.02,198.60000000000002,198.60000000000002,0.0,CrossJPY_16,2026-01,2026-01-06
4_GJ_Port_Log1,GJ,Long,2026-01-07 00:00:00,2026-01-07 08:55:00,-4.0,TimeExit,0,0,130,90,0.01,2.0,0.02,194.60000000000002,198.60000000000002,4.0,CrossJPY_16,2026-01,2026-01-07
17_EA_1B_Wed_Short,EA,Short,2026-01-07 09:59:00,2026-01-07 20:58:00,11.9,TimeExit,9,59,70,175,0.0001,1.5,0.00015,206.50000000000003,206.50000000000003,0.0,EA_Rev4,2026-01,2026-01-07
2_EJ_NightBlitz_20,EJ,Long,2026-01-07 20:56:00,2026-01-08 04:45:00,16.4,TimeExit,20,56,45,70,0.01,1.0,0.01,222.90000000000003,222.90000000000003,0.0,CrossJPY_16,2026-01,2026-01-08
1_EJ_Log1,EJ,Long,2026-01-07 13:55:00,2026-01-08 04:55:00,5.9,TimeExit,13,55,70,250,0.01,1.0,0.01,228.80000000000004,228.80000000000004,0.0,CrossJPY_16,2026-01,2026-01-08
3_EJ_NightBlitz_21,EJ,Long,2026-01-07 21:56:00,2026-01-08 05:27:00,23.5,TimeExit,21,56,75,70,0.01,1.0,0.01,252.30000000000004,252.30000000000004,0.0,CrossJPY_16,2026-01,2026-01-08
19_EA_3_WedThu_Long,EA,Long,2026-01-07 20:56:00,2026-01-08 10:00:00,30.7,TimeExit,20,56,90,999,0.0001,1.5,0.00015,283.00000000000006,283.00000000000006,0.0,EA_Rev4,2026-01,2026-01-08
5_GJ_Port_Log2,GJ,Short,2026-01-08 09:55:00,2026-01-08 23:55:00,14.8,TimeExit,9,55,90,999,0.01,2.0,0.02,297.80000000000007,297.80000000000007,0.0,CrossJPY_16,2026-01,2026-01-08
9_AJ_Core2,AJ,Short,2026-01-08 17:14:00,2026-01-09 00:28:00,-30.0,SL,17,14,30,80,0.01,1.5,0.015,267.80000000000007,297.80000000000007,30.0,CrossJPY_16,2026-01,2026-01-09
22_GA_C_2,GA,Long,2026-01-08 16:56:00,2026-01-09 01:15:00,-4.8,TimeExit,16,56,70,80,0.0001,2.0,0.0002,263.00000000000006,297.80000000000007,34.80000000000001,GA,2026-01,2026-01-09
19_EA_3_WedThu_Long,EA,Long,2026-01-08 20:56:00,2026-01-09 10:00:00,-38.4,TimeExit,20,56,90,999,0.0001,1.5,0.00015,224.60000000000005,297.80000000000007,73.20000000000002,EA_Rev4,2026-01,2026-01-09
25_AU_China_Demand,AU,Long,2026-01-09 10:00:00,2026-01-09 15:50:00,-4.9,TimeExit,10,0,40,40,0.0001,1.5,0.00015,219.70000000000005,297.80000000000007,78.10000000000002,China_Demand,2026-01,2026-01-09
27_EA_China_Demand,EA,Short,2026-01-09 10:00:00,2026-01-09 15:50:00,-2.3,TimeExit,10,0,60,60,0.0001,1.5,0.00015,217.40000000000003,297.80000000000007,80.40000000000003,China_Demand,2026-01,2026-01-09
26_AJ_China_Demand,AJ,Long,2026-01-09 10:00:00,2026-01-09 15:50:00,18.8,TimeExit,10,0,45,80,0.01,1.5,0.015,236.20000000000005,297.80000000000007,61.60000000000002,China_Demand,2026-01,2026-01-09
28_GA_China_Demand,GA,Short,2026-01-09 10:00:00,2026-01-09 16:10:00,-12.8,TimeExit,10,0,75,70,0.0001,2.0,0.0002,223.40000000000003,297.80000000000007,74.40000000000003,China_Demand,2026-01,2026-01-09
26_AJ_China_Demand,AJ,Long,2026-01-12 10:00:00,2026-01-12 15:50:00,21.0,TimeExit,10,0,45,80,0.01,1.5,0.015,244.40000000000003,297.80000000000007,53.400000000000034,China_Demand,2026-01,2026-01-12
25_AU_China_Demand,AU,Long,2026-01-12 10:00:00,2026-01-12 15:50:00,-6.5,TimeExit,10,0,40,40,0.0001,1.5,0.00015,237.90000000000003,297.80000000000007,59.900000000000034,China_Demand,2026-01,2026-01-12
27_EA_China_Demand,EA,Short,2026-01-12 10:00:00,2026-01-12 15:50:00,-20.2,TimeExit,10,0,60,60,0.0001,1.5,0.00015,217.70000000000005,297.80000000000007,80.10000000000002,China_Demand,2026-01,2026-01-12
20_EA_1A_MonTue_Short,EA,Short,2026-01-12 10:01:00,2026-01-12 16:00:00,-19.7,TimeExit,10,1,50,125,0.0001,1.5,0.00015,198.00000000000006,297.80000000000007,99.80000000000001,EA_Rev4,2026-01,2026-01-12
28_GA_China_Demand,GA,Short,2026-01-12 10:00:00,2026-01-12 16:10:00,-9.3,TimeExit,10,0,75,70,0.0001,2.0,0.0002,188.70000000000005,297.80000000000007,109.10000000000002,China_Demand,2026-01,2026-01-12
8_AJ_Core1,AJ,Long,2026-01-12 08:01:00,2026-01-12 22:46:00,22.4,TimeExit,8,1,70,110,0.01,1.5,0.015,211.10000000000005,297.80000000000007,86.70000000000002,CrossJPY_16,2026-01,2026-01-12
7_GJ_Mon_Blitz,GJ,Long,2026-01-12 18:02:00,2026-01-12 23:02:00,42.9,TimeExit,18,2,130,250,0.01,2.0,0.02,254.00000000000006,297.80000000000007,43.80000000000001,CrossJPY_16,2026-01,2026-01-12
2_EJ_NightBlitz_20,EJ,Long,2026-01-12 20:56:00,2026-01-13 04:45:00,16.3,TimeExit,20,56,45,70,0.01,1.0,0.01,270.30000000000007,297.80000000000007,27.5,CrossJPY_16,2026-01,2026-01-13
1_EJ_Log1,EJ,Long,2026-01-12 13:55:00,2026-01-13 04:55:00,25.1,TimeExit,13,55,70,250,0.01,1.0,0.01,295.4000000000001,297.80000000000007,2.3999999999999773,CrossJPY_16,2026-01,2026-01-13
3_EJ_NightBlitz_21,EJ,Long,2026-01-12 21:56:00,2026-01-13 05:27:00,15.3,TimeExit,21,56,75,70,0.01,1.0,0.01,310.7000000000001,310.7000000000001,0.0,CrossJPY_16,2026-01,2026-01-13
4_GJ_Port_Log1,GJ,Long,2026-01-13 00:00:00,2026-01-13 08:55:00,-9.5,TimeExit,0,0,130,90,0.01,2.0,0.02,301.2000000000001,310.7000000000001,9.5,CrossJPY_16,2026-01,2026-01-13
21_GA_B_3,GA,Long,2026-01-12 21:02:00,2026-01-13 10:00:00,8.8,TimeExit,21,2,220,100,0.0001,2.0,0.0002,310.0000000000001,310.7000000000001,0.6999999999999886,GA,2026-01,2026-01-13
5_GJ_Port_Log2,GJ,Short,2026-01-13 09:55:00,2026-01-13 13:18:00,-90.0,SL,9,55,90,999,0.01,2.0,0.02,220.0000000000001,310.7000000000001,90.69999999999999,CrossJPY_16,2026-01,2026-01-13
26_AJ_China_Demand,AJ,Long,2026-01-13 10:00:00,2026-01-13 15:50:00,41.4,TimeExit,10,0,45,80,0.01,1.5,0.015,261.4000000000001,310.7000000000001,49.30000000000001,China_Demand,2026-01,2026-01-13
25_AU_China_Demand,AU,Long,2026-01-13 10:00:00,2026-01-13 15:50:00,-6.1,TimeExit,10,0,40,40,0.0001,1.5,0.00015,255.3000000000001,310.7000000000001,55.400000000000006,China_Demand,2026-01,2026-01-13
27_EA_China_Demand,EA,Short,2026-01-13 10:00:00,2026-01-13 15:50:00,-1.1,TimeExit,10,0,60,60,0.0001,1.5,0.00015,254.2000000000001,310.7000000000001,56.5,China_Demand,2026-01,2026-01-13
20_EA_1A_MonTue_Short,EA,Short,2026-01-13 10:01:00,2026-01-13 16:00:00,-7.2,TimeExit,10,1,50,125,0.0001,1.5,0.00015,247.0000000000001,310.7000000000001,63.69999999999999,EA_Rev4,2026-01,2026-01-13
28_GA_China_Demand,GA,Short,2026-01-13 10:00:00,2026-01-13 16:10:00,-5.9,TimeExit,10,0,75,70,0.0001,2.0,0.0002,241.1000000000001,310.7000000000001,69.6,China_Demand,2026-01,2026-01-13
4_GJ_Port_Log1,GJ,Long,2026-01-14 00:00:00,2026-01-14 08:55:00,-18.9,TimeExit,0,0,130,90,0.01,2.0,0.02,222.2000000000001,310.7000000000001,88.5,CrossJPY_16,2026-01,2026-01-14
26_AJ_China_Demand,AJ,Long,2026-01-14 10:00:00,2026-01-14 15:50:00,25.0,TimeExit,10,0,45,80,0.01,1.5,0.015,247.2000000000001,310.7000000000001,63.5,China_Demand,2026-01,2026-01-14
27_EA_China_Demand,EA,Short,2026-01-14 10:00:00,2026-01-14 15:50:00,38.1,TimeExit,10,0,60,60,0.0001,1.5,0.00015,285.3000000000001,310.7000000000001,25.399999999999977,China_Demand,2026-01,2026-01-14
25_AU_China_Demand,AU,Long,2026-01-14 10:00:00,2026-01-14 15:50:00,14.5,TimeExit,10,0,40,40,0.0001,1.5,0.00015,299.8000000000001,310.7000000000001,10.899999999999977,China_Demand,2026-01,2026-01-14
28_GA_China_Demand,GA,Short,2026-01-14 10:00:00,2026-01-14 16:10:00,22.7,TimeExit,10,0,75,70,0.0001,2.0,0.0002,322.5000000000001,322.5000000000001,0.0,China_Demand,2026-01,2026-01-14
27_EA_China_Demand,EA,Short,2026-01-15 10:00:00,2026-01-15 15:50:00,-7.1,TimeExit,10,0,60,60,0.0001,1.5,0.00015,315.4000000000001,322.5000000000001,7.100000000000023,China_Demand,2026-01,2026-01-15
25_AU_China_Demand,AU,Long,2026-01-15 10:00:00,2026-01-15 15:50:00,-5.5,TimeExit,10,0,40,40,0.0001,1.5,0.00015,309.9000000000001,322.5000000000001,12.600000000000023,China_Demand,2026-01,2026-01-15
26_AJ_China_Demand,AJ,Long,2026-01-15 10:00:00,2026-01-15 15:50:00,5.9,TimeExit,10,0,45,80,0.01,1.5,0.015,315.80000000000007,322.5000000000001,6.7000000000000455,China_Demand,2026-01,2026-01-15
28_GA_China_Demand,GA,Short,2026-01-15 10:00:00,2026-01-15 16:10:00,-2.4,TimeExit,10,0,75,70,0.0001,2.0,0.0002,313.4000000000001,322.5000000000001,9.100000000000023,China_Demand,2026-01,2026-01-15
22_GA_C_2,GA,Long,2026-01-15 16:56:00,2026-01-15 19:50:00,-70.0,SL,16,56,70,80,0.0001,2.0,0.0002,243.4000000000001,322.5000000000001,79.10000000000002,GA,2026-01,2026-01-15
5_GJ_Port_Log2,GJ,Short,2026-01-15 09:55:00,2026-01-15 23:55:00,66.9,TimeExit,9,55,90,999,0.01,2.0,0.02,310.30000000000007,322.5000000000001,12.200000000000045,CrossJPY_16,2026-01,2026-01-15
9_AJ_Core2,AJ,Short,2026-01-15 17:14:00,2026-01-16 01:14:00,-26.1,TimeExit,17,14,30,80,0.01,1.5,0.015,284.20000000000005,322.5000000000001,38.30000000000007,CrossJPY_16,2026-01,2026-01-16
19_EA_3_WedThu_Long,EA,Long,2026-01-15 20:56:00,2026-01-16 10:00:00,-46.4,TimeExit,20,56,90,999,0.0001,1.5,0.00015,237.80000000000004,322.5000000000001,84.70000000000007,EA_Rev4,2026-01,2026-01-16
10_AJ_SatA,AJ,Short,2026-01-16 10:58:00,2026-01-16 11:40:00,25.0,TP,10,58,50,25,0.01,1.5,0.015,262.80000000000007,322.5000000000001,59.700000000000045,CrossJPY_16,2026-01,2026-01-16
23_GA_F_2,GA,Short,2026-01-16 19:42:00,2026-01-16 22:45:00,-37.0,TimeExit,19,42,90,200,0.0001,2.0,0.0002,225.80000000000007,322.5000000000001,96.70000000000005,GA,2026-01,2026-01-16
5_GJ_Port_Log2,GJ,Short,2026-01-16 09:55:00,2026-01-16 23:55:00,58.8,TimeExit,9,55,90,999,0.01,2.0,0.02,284.6000000000001,322.5000000000001,37.900000000000034,CrossJPY_16,2026-01,2026-01-16
11_AJ_SatB,AJ,Short,2026-01-16 18:57:00,2026-01-17 01:43:00,39.6,TimeExit,18,57,55,95,0.01,1.5,0.015,324.2000000000001,324.2000000000001,0.0,CrossJPY_16,2026-01,2026-01-17
24_GA_D_1,GA,Long,2026-01-16 22:44:00,2026-01-17 03:08:00,-8.3,TimeExit,22,44,90,200,0.0001,2.0,0.0002,315.9000000000001,324.2000000000001,8.300000000000011,GA,2026-01,2026-01-17
20_EA_1A_MonTue_Short,EA,Short,2026-01-19 10:01:00,2026-01-19 16:00:00,6.3,TimeExit,10,1,50,125,0.0001,1.5,0.00015,322.2000000000001,324.2000000000001,2.0,EA_Rev4,2026-01,2026-01-19
8_AJ_Core1,AJ,Long,2026-01-19 08:01:00,2026-01-19 22:46:00,58.0,TimeExit,8,1,70,110,0.01,1.5,0.015,380.2000000000001,380.2000000000001,0.0,CrossJPY_16,2026-01,2026-01-19
7_GJ_Mon_Blitz,GJ,Long,2026-01-19 18:02:00,2026-01-19 23:02:00,-12.0,TimeExit,18,2,130,250,0.01,2.0,0.02,368.2000000000001,380.2000000000001,12.0,CrossJPY_16,2026-01,2026-01-19
2_EJ_NightBlitz_20,EJ,Long,2026-01-19 20:56:00,2026-01-20 04:45:00,28.2,TimeExit,20,56,45,70,0.01,1.0,0.01,396.4000000000001,396.4000000000001,0.0,CrossJPY_16,2026-01,2026-01-20
1_EJ_Log1,EJ,Long,2026-01-19 13:55:00,2026-01-20 04:55:00,43.6,TimeExit,13,55,70,250,0.01,1.0,0.01,440.0000000000001,440.0000000000001,0.0,CrossJPY_16,2026-01,2026-01-20
3_EJ_NightBlitz_21,EJ,Long,2026-01-19 21:56:00,2026-01-20 05:27:00,41.5,TimeExit,21,56,75,70,0.01,1.0,0.01,481.5000000000001,481.5000000000001,0.0,CrossJPY_16,2026-01,2026-01-20
4_GJ_Port_Log1,GJ,Long,2026-01-20 00:00:00,2026-01-20 08:55:00,31.5,TimeExit,0,0,130,90,0.01,2.0,0.02,513.0000000000001,513.0000000000001,0.0,CrossJPY_16,2026-01,2026-01-20
21_GA_B_3,GA,Long,2026-01-19 21:02:00,2026-01-20 10:00:00,-9.3,TimeExit,21,2,220,100,0.0001,2.0,0.0002,503.7000000000001,513.0000000000001,9.300000000000011,GA,2026-01,2026-01-20
12_UJ_Short_Core,UJ,Short,2026-01-20 09:55:00,2026-01-20 14:56:00,5.9,TimeExit,9,55,20,50,0.01,0.5,0.005,509.6000000000001,513.0000000000001,3.400000000000034,CrossJPY_16,2026-01,2026-01-20
20_EA_1A_MonTue_Short,EA,Short,2026-01-20 10:01:00,2026-01-20 16:00:00,11.4,TimeExit,10,1,50,125,0.0001,1.5,0.00015,521.0000000000001,521.0000000000001,0.0,EA_Rev4,2026-01,2026-01-20
5_GJ_Port_Log2,GJ,Short,2026-01-20 09:55:00,2026-01-20 16:09:00,-90.0,SL,9,55,90,999,0.01,2.0,0.02,431.0000000000001,521.0000000000001,90.0,CrossJPY_16,2026-01,2026-01-20
4_GJ_Port_Log1,GJ,Long,2026-01-21 00:00:00,2026-01-21 08:55:00,-18.6,TimeExit,0,0,130,90,0.01,2.0,0.02,412.4000000000001,521.0000000000001,108.60000000000002,CrossJPY_16,2026-01,2026-01-21
17_EA_1B_Wed_Short,EA,Short,2026-01-21 09:59:00,2026-01-21 20:58:00,54.7,TimeExit,9,59,70,175,0.0001,1.5,0.00015,467.1000000000001,521.0000000000001,53.900000000000034,EA_Rev4,2026-01,2026-01-21
2_EJ_NightBlitz_20,EJ,Long,2026-01-21 20:56:00,2026-01-22 04:45:00,5.5,TimeExit,20,56,45,70,0.01,1.0,0.01,472.6000000000001,521.0000000000001,48.400000000000034,CrossJPY_16,2026-01,2026-01-22
1_EJ_Log1,EJ,Long,2026-01-21 13:55:00,2026-01-22 04:55:00,-17.7,TimeExit,13,55,70,250,0.01,1.0,0.01,454.9000000000001,521.0000000000001,66.10000000000002,CrossJPY_16,2026-01,2026-01-22
3_EJ_NightBlitz_21,EJ,Long,2026-01-21 21:56:00,2026-01-22 05:27:00,-4.2,TimeExit,21,56,75,70,0.01,1.0,0.01,450.7000000000001,521.0000000000001,70.30000000000001,CrossJPY_16,2026-01,2026-01-22
19_EA_3_WedThu_Long,EA,Long,2026-01-21 20:56:00,2026-01-22 06:55:00,-90.0,SL,20,56,90,999,0.0001,1.5,0.00015,360.7000000000001,521.0000000000001,160.3,EA_Rev4,2026-01,2026-01-22
5_GJ_Port_Log2,GJ,Short,2026-01-22 09:55:00,2026-01-22 16:19:00,-90.0,SL,9,55,90,999,0.01,2.0,0.02,270.7000000000001,521.0000000000001,250.3,CrossJPY_16,2026-01,2026-01-22
9_AJ_Core2,AJ,Short,2026-01-22 17:14:00,2026-01-23 01:14:00,-10.0,TimeExit,17,14,30,80,0.01,1.5,0.015,260.7000000000001,521.0000000000001,260.3,CrossJPY_16,2026-01,2026-01-23
22_GA_C_2,GA,Long,2026-01-22 16:56:00,2026-01-23 01:15:00,13.0,TimeExit,16,56,70,80,0.0001,2.0,0.0002,273.7000000000001,521.0000000000001,247.3,GA,2026-01,2026-01-23
19_EA_3_WedThu_Long,EA,Long,2026-01-22 20:56:00,2026-01-23 10:00:00,-35.5,TimeExit,20,56,90,999,0.0001,1.5,0.00015,238.2000000000001,521.0000000000001,282.8,EA_Rev4,2026-01,2026-01-23
23_GA_F_2,GA,Short,2026-01-23 19:42:00,2026-01-23 22:45:00,52.1,TimeExit,19,42,90,200,0.0001,2.0,0.0002,290.3000000000001,521.0000000000001,230.7,GA,2026-01,2026-01-23
24_GA_D_1,GA,Long,2026-01-23 22:44:00,2026-01-24 03:08:00,45.0,TimeExit,22,44,90,200,0.0001,2.0,0.0002,335.3000000000001,521.0000000000001,185.7,GA,2026-01,2026-01-24
12_UJ_Short_Core,UJ,Short,2026-01-26 08:04:00,2026-01-26 08:48:00,-50.0,SL,8,4,50,999,0.01,0.5,0.005,285.3000000000001,521.0000000000001,235.7,CrossJPY_16,2026-01,2026-01-26
25_AU_China_Demand,AU,Long,2026-01-26 10:00:00,2026-01-26 15:50:00,-0.4,TimeExit,10,0,40,40,0.0001,1.5,0.00015,284.90000000000015,521.0000000000001,236.09999999999997,China_Demand,2026-01,2026-01-26
20_EA_1A_MonTue_Short,EA,Short,2026-01-26 10:01:00,2026-01-26 16:00:00,0.5,TimeExit,10,1,50,125,0.0001,1.5,0.00015,285.40000000000015,521.0000000000001,235.59999999999997,EA_Rev4,2026-01,2026-01-26
8_AJ_Core1,AJ,Long,2026-01-26 08:01:00,2026-01-26 17:34:00,-70.0,SL,8,1,70,110,0.01,1.5,0.015,215.40000000000015,521.0000000000001,305.59999999999997,CrossJPY_16,2026-01,2026-01-26
1_EJ_Log1,EJ,Long,2026-01-26 13:55:00,2026-01-26 17:35:00,-70.0,SL,13,55,70,250,0.01,1.0,0.01,145.40000000000015,521.0000000000001,375.59999999999997,CrossJPY_16,2026-01,2026-01-26
7_GJ_Mon_Blitz,GJ,Long,2026-01-26 18:02:00,2026-01-26 23:02:00,5.4,TimeExit,18,2,130,250,0.01,2.0,0.02,150.80000000000015,521.0000000000001,370.19999999999993,CrossJPY_16,2026-01,2026-01-26
2_EJ_NightBlitz_20,EJ,Long,2026-01-26 20:56:00,2026-01-27 00:59:00,70.0,TP,20,56,45,70,0.01,1.0,0.01,220.80000000000015,521.0000000000001,300.19999999999993,CrossJPY_16,2026-01,2026-01-27
3_EJ_NightBlitz_21,EJ,Long,2026-01-26 21:56:00,2026-01-27 05:27:00,44.0,TimeExit,21,56,75,70,0.01,1.0,0.01,264.8000000000002,521.0000000000001,256.19999999999993,CrossJPY_16,2026-01,2026-01-27
4_GJ_Port_Log1,GJ,Long,2026-01-27 00:00:00,2026-01-27 08:55:00,60.4,TimeExit,0,0,130,90,0.01,2.0,0.02,325.20000000000016,521.0000000000001,195.79999999999995,CrossJPY_16,2026-01,2026-01-27
21_GA_B_3,GA,Long,2026-01-26 21:02:00,2026-01-27 10:00:00,43.8,TimeExit,21,2,220,100,0.0001,2.0,0.0002,369.00000000000017,521.0000000000001,151.99999999999994,GA,2026-01,2026-01-27
12_UJ_Short_Core,UJ,Short,2026-01-27 08:04:00,2026-01-27 14:56:00,-25.4,TimeExit,8,4,50,999,0.01,0.5,0.005,343.6000000000002,521.0000000000001,177.39999999999992,CrossJPY_16,2026-01,2026-01-27
20_EA_1A_MonTue_Short,EA,Short,2026-01-27 10:01:00,2026-01-27 16:00:00,21.9,TimeExit,10,1,50,125,0.0001,1.5,0.00015,365.50000000000017,521.0000000000001,155.49999999999994,EA_Rev4,2026-01,2026-01-27
4_GJ_Port_Log1,GJ,Long,2026-01-28 00:00:00,2026-01-28 08:55:00,-21.4,TimeExit,0,0,130,90,0.01,2.0,0.02,344.1000000000002,521.0000000000001,176.89999999999992,CrossJPY_16,2026-01,2026-01-28
1_EJ_Log1,EJ,Long,2026-01-28 13:55:00,2026-01-29 04:55:00,17.4,TimeExit,13,55,70,250,0.01,1.0,0.01,361.50000000000017,521.0000000000001,159.49999999999994,CrossJPY_16,2026-01,2026-01-29
25_AU_China_Demand,AU,Long,2026-01-29 10:00:00,2026-01-29 12:57:00,40.0,TP,10,0,40,40,0.0001,1.5,0.00015,401.50000000000017,521.0000000000001,119.49999999999994,China_Demand,2026-01,2026-01-29
12_UJ_Short_Core,UJ,Short,2026-01-29 08:04:00,2026-01-29 14:56:00,34.3,TimeExit,8,4,50,999,0.01,0.5,0.005,435.8000000000002,521.0000000000001,85.19999999999993,CrossJPY_16,2026-01,2026-01-29
13_UJ_Fix_MidWeek,UJ,Long,2026-01-29 18:04:00,2026-01-29 22:03:00,-1.7,TimeExit,18,4,95,95,0.01,0.5,0.005,434.1000000000002,521.0000000000001,86.89999999999992,CrossJPY_16,2026-01,2026-01-29
5_GJ_Port_Log2,GJ,Short,2026-01-29 09:55:00,2026-01-29 23:55:00,-3.4,TimeExit,9,55,90,999,0.01,2.0,0.02,430.7000000000002,521.0000000000001,90.2999999999999,CrossJPY_16,2026-01,2026-01-29
22_GA_C_2,GA,Long,2026-01-29 16:56:00,2026-01-30 00:16:00,80.0,TP,16,56,70,80,0.0001,2.0,0.0002,510.7000000000002,521.0000000000001,10.299999999999898,GA,2026-01,2026-01-30
12_UJ_Short_Core,UJ,Short,2026-01-30 09:55:00,2026-01-30 10:07:00,-20.0,SL,9,55,20,50,0.01,0.5,0.005,490.7000000000002,521.0000000000001,30.299999999999898,CrossJPY_16,2026-01,2026-01-30
10_AJ_SatA,AJ,Short,2026-01-30 10:58:00,2026-01-30 11:20:00,25.0,TP,10,58,50,25,0.01,1.5,0.015,515.7000000000003,521.0000000000001,5.299999999999841,CrossJPY_16,2026-01,2026-01-30
25_AU_China_Demand,AU,Long,2026-01-30 10:00:00,2026-01-30 11:20:00,-40.0,SL,10,0,40,40,0.0001,1.5,0.00015,475.7000000000003,521.0000000000001,45.29999999999984,China_Demand,2026-01,2026-01-30
11_AJ_SatB,AJ,Short,2026-01-30 18:57:00,2026-01-30 20:52:00,-55.0,SL,18,57,55,95,0.01,1.5,0.015,420.7000000000003,521.0000000000001,100.29999999999984,CrossJPY_16,2026-01,2026-01-30
23_GA_F_2,GA,Short,2026-01-30 19:42:00,2026-01-30 22:45:00,35.7,TimeExit,19,42,90,200,0.0001,2.0,0.0002,456.40000000000026,521.0000000000001,64.59999999999985,GA,2026-01,2026-01-30
5_GJ_Port_Log2,GJ,Short,2026-01-30 09:55:00,2026-01-30 23:51:00,-90.0,SL,9,55,90,999,0.01,2.0,0.02,366.40000000000026,521.0000000000001,154.59999999999985,CrossJPY_16,2026-01,2026-01-30
24_GA_D_1,GA,Long,2026-01-30 22:44:00,2026-01-31 03:08:00,53.7,TimeExit,22,44,90,200,0.0001,2.0,0.0002,420.10000000000025,521.0000000000001,100.89999999999986,GA,2026-01,2026-01-31
20_EA_1A_MonTue_Short,EA,Short,2026-02-02 10:01:00,2026-02-02 12:36:00,-50.0,SL,10,1,50,125,0.0001,1.5,0.00015,370.10000000000025,521.0000000000001,150.89999999999986,EA_Rev4,2026-02,2026-02-02
18_EA_2_MonWed_Short,EA,Short,2026-02-02 09:59:00,2026-02-02 13:05:00,-90.0,SL,9,59,90,180,0.0001,1.5,0.00015,280.10000000000025,521.0000000000001,240.89999999999986,EA_Rev4,2026-02,2026-02-02
8_AJ_Core1,AJ,Long,2026-02-02 08:01:00,2026-02-02 14:41:00,-70.0,SL,8,1,70,110,0.01,1.5,0.015,210.10000000000025,521.0000000000001,310.89999999999986,CrossJPY_16,2026-02,2026-02-02
7_GJ_Mon_Blitz,GJ,Long,2026-02-02 18:02:00,2026-02-02 23:02:00,-18.6,TimeExit,18,2,130,250,0.01,2.0,0.02,191.50000000000026,521.0000000000001,329.4999999999999,CrossJPY_16,2026-02,2026-02-02
2_EJ_NightBlitz_20,EJ,Long,2026-02-02 20:56:00,2026-02-03 04:45:00,-15.5,TimeExit,20,56,45,70,0.01,1.0,0.01,176.00000000000026,521.0000000000001,344.9999999999999,CrossJPY_16,2026-02,2026-02-03
3_EJ_NightBlitz_21,EJ,Long,2026-02-02 21:56:00,2026-02-03 05:27:00,-14.1,TimeExit,21,56,75,70,0.01,1.0,0.01,161.90000000000026,521.0000000000001,359.09999999999985,CrossJPY_16,2026-02,2026-02-03
4_GJ_Port_Log1,GJ,Long,2026-02-03 00:00:00,2026-02-03 08:55:00,25.5,TimeExit,0,0,130,90,0.01,2.0,0.02,187.40000000000026,521.0000000000001,333.59999999999985,CrossJPY_16,2026-02,2026-02-03
21_GA_B_3,GA,Long,2026-02-02 21:02:00,2026-02-03 10:00:00,-50.9,TimeExit,21,2,220,100,0.0001,2.0,0.0002,136.50000000000026,521.0000000000001,384.4999999999999,GA,2026-02,2026-02-03
5_GJ_Port_Log2,GJ,Short,2026-02-03 09:55:00,2026-02-03 23:55:00,-38.2,TimeExit,9,55,90,999,0.01,2.0,0.02,98.30000000000025,521.0000000000001,422.6999999999999,CrossJPY_16,2026-02,2026-02-03
14_UJ_Sat_3rd,UJ,Short,2026-02-03 20:01:00,2026-02-04 03:08:00,23.1,TimeExit,20,1,45,70,0.01,0.5,0.005,121.40000000000026,521.0000000000001,399.59999999999985,CrossJPY_16,2026-02,2026-02-04
4_GJ_Port_Log1,GJ,Long,2026-02-04 00:00:00,2026-02-04 08:55:00,32.2,TimeExit,0,0,130,90,0.01,2.0,0.02,153.60000000000025,521.0000000000001,367.39999999999986,CrossJPY_16,2026-02,2026-02-04
17_EA_1B_Wed_Short,EA,Short,2026-02-04 09:59:00,2026-02-04 20:58:00,5.2,TimeExit,9,59,70,175,0.0001,1.5,0.00015,158.80000000000024,521.0000000000001,362.1999999999999,EA_Rev4,2026-02,2026-02-04
2_EJ_NightBlitz_20,EJ,Long,2026-02-04 20:56:00,2026-02-04 23:34:00,-45.0,SL,20,56,45,70,0.01,1.0,0.01,113.80000000000024,521.0000000000001,407.1999999999999,CrossJPY_16,2026-02,2026-02-04
18_EA_2_MonWed_Short,EA,Short,2026-02-04 09:59:00,2026-02-05 03:01:00,-90.0,SL,9,59,90,180,0.0001,1.5,0.00015,23.80000000000024,521.0000000000001,497.1999999999999,EA_Rev4,2026-02,2026-02-05
3_EJ_NightBlitz_21,EJ,Long,2026-02-04 21:56:00,2026-02-05 05:27:00,5.9,TimeExit,21,56,75,70,0.01,1.0,0.01,29.700000000000237,521.0000000000001,491.2999999999999,CrossJPY_16,2026-02,2026-02-05
19_EA_3_WedThu_Long,EA,Long,2026-02-04 20:56:00,2026-02-05 10:00:00,26.0,TimeExit,20,56,90,999,0.0001,1.5,0.00015,55.70000000000024,521.0000000000001,465.2999999999999,EA_Rev4,2026-02,2026-02-05
9_AJ_Core2,AJ,Short,2026-02-05 17:14:00,2026-02-06 00:26:00,80.0,TP,17,14,30,80,0.01,1.5,0.015,135.70000000000024,521.0000000000001,385.29999999999984,CrossJPY_16,2026-02,2026-02-06
8_AJ_Core1,AJ,Long,2026-02-09 08:01:00,2026-02-09 10:28:00,-70.0,SL,8,1,70,110,0.01,1.5,0.015,65.70000000000024,521.0000000000001,455.29999999999984,CrossJPY_16,2026-02,2026-02-09
25_AU_China_Demand,AU,Long,2026-02-09 10:00:00,2026-02-09 15:50:00,12.5,TimeExit,10,0,40,40,0.0001,1.5,0.00015,78.20000000000024,521.0000000000001,442.79999999999984,China_Demand,2026-02,2026-02-09
27_EA_China_Demand,EA,Short,2026-02-09 10:00:00,2026-02-09 15:50:00,-4.6,TimeExit,10,0,60,60,0.0001,1.5,0.00015,73.60000000000025,521.0000000000001,447.39999999999986,China_Demand,2026-02,2026-02-09
20_EA_1A_MonTue_Short,EA,Short,2026-02-09 10:01:00,2026-02-09 16:00:00,-0.2,TimeExit,10,1,50,125,0.0001,1.5,0.00015,73.40000000000025,521.0000000000001,447.59999999999985,EA_Rev4,2026-02,2026-02-09
28_GA_China_Demand,GA,Short,2026-02-09 10:00:00,2026-02-09 16:10:00,42.0,TimeExit,10,0,75,70,0.0001,2.0,0.0002,115.40000000000025,521.0000000000001,405.59999999999985,China_Demand,2026-02,2026-02-09
7_GJ_Mon_Blitz,GJ,Long,2026-02-09 18:02:00,2026-02-09 23:02:00,-23.6,TimeExit,18,2,130,250,0.01,2.0,0.02,91.80000000000024,521.0000000000001,429.1999999999999,CrossJPY_16,2026-02,2026-02-09
4_GJ_Port_Log1,GJ,Long,2026-02-10 00:00:00,2026-02-10 00:57:00,90.0,TP,0,0,130,90,0.01,2.0,0.02,181.80000000000024,521.0000000000001,339.1999999999999,CrossJPY_16,2026-02,2026-02-10
2_EJ_NightBlitz_20,EJ,Long,2026-02-09 20:56:00,2026-02-10 04:45:00,-16.8,TimeExit,20,56,45,70,0.01,1.0,0.01,165.00000000000023,521.0000000000001,355.9999999999999,CrossJPY_16,2026-02,2026-02-10
18_EA_2_MonWed_Short,EA,Short,2026-02-09 09:59:00,2026-02-10 05:26:00,38.5,TimeExit,9,59,90,180,0.0001,1.5,0.00015,203.50000000000023,521.0000000000001,317.4999999999999,EA_Rev4,2026-02,2026-02-10
3_EJ_NightBlitz_21,EJ,Long,2026-02-09 21:56:00,2026-02-10 05:27:00,-20.5,TimeExit,21,56,75,70,0.01,1.0,0.01,183.00000000000023,521.0000000000001,337.9999999999999,CrossJPY_16,2026-02,2026-02-10
16_UJ_T10A,UJ,Long,2026-02-10 02:58:00,2026-02-10 09:50:00,30.4,TimeExit,2,58,45,110,0.01,0.5,0.005,213.40000000000023,521.0000000000001,307.5999999999999,CrossJPY_16,2026-02,2026-02-10
21_GA_B_3,GA,Long,2026-02-09 21:02:00,2026-02-10 10:00:00,-55.1,TimeExit,21,2,220,100,0.0001,2.0,0.0002,158.30000000000024,521.0000000000001,362.6999999999999,GA,2026-02,2026-02-10
20_EA_1A_MonTue_Short,EA,Short,2026-02-10 10:01:00,2026-02-10 15:12:00,-50.0,SL,10,1,50,125,0.0001,1.5,0.00015,108.30000000000024,521.0000000000001,412.6999999999999,EA_Rev4,2026-02,2026-02-10
27_EA_China_Demand,EA,Short,2026-02-10 10:00:00,2026-02-10 15:50:00,-35.3,TimeExit,10,0,60,60,0.0001,1.5,0.00015,73.00000000000024,521.0000000000001,447.9999999999999,China_Demand,2026-02,2026-02-10
25_AU_China_Demand,AU,Long,2026-02-10 10:00:00,2026-02-10 15:50:00,-14.6,TimeExit,10,0,40,40,0.0001,1.5,0.00015,58.40000000000024,521.0000000000001,462.59999999999985,China_Demand,2026-02,2026-02-10
28_GA_China_Demand,GA,Short,2026-02-10 10:00:00,2026-02-10 16:10:00,-20.8,TimeExit,10,0,75,70,0.0001,2.0,0.0002,37.600000000000236,521.0000000000001,483.39999999999986,China_Demand,2026-02,2026-02-10
5_GJ_Port_Log2,GJ,Short,2026-02-10 09:55:00,2026-02-10 23:55:00,227.3,TimeExit,9,55,90,999,0.01,2.0,0.02,264.90000000000026,521.0000000000001,256.09999999999985,CrossJPY_16,2026-02,2026-02-10
18_EA_2_MonWed_Short,EA,Short,2026-02-10 09:59:00,2026-02-11 05:26:00,-3.6,TimeExit,9,59,90,180,0.0001,1.5,0.00015,261.30000000000024,521.0000000000001,259.6999999999999,EA_Rev4,2026-02,2026-02-11
4_GJ_Port_Log1,GJ,Long,2026-02-11 00:00:00,2026-02-11 08:55:00,-56.7,TimeExit,0,0,130,90,0.01,2.0,0.02,204.60000000000025,521.0000000000001,316.39999999999986,CrossJPY_16,2026-02,2026-02-11
27_EA_China_Demand,EA,Short,2026-02-11 10:00:00,2026-02-11 11:31:00,60.0,TP,10,0,60,60,0.0001,1.5,0.00015,264.60000000000025,521.0000000000001,256.39999999999986,China_Demand,2026-02,2026-02-11
28_GA_China_Demand,GA,Short,2026-02-11 10:00:00,2026-02-11 11:32:00,70.0,TP,10,0,75,70,0.0001,2.0,0.0002,334.60000000000025,521.0000000000001,186.39999999999986,China_Demand,2026-02,2026-02-11
25_AU_China_Demand,AU,Long,2026-02-11 10:00:00,2026-02-11 11:34:00,40.0,TP,10,0,40,40,0.0001,1.5,0.00015,374.60000000000025,521.0000000000001,146.39999999999986,China_Demand,2026-02,2026-02-11
25_AU_China_Demand,AU,Long,2026-02-12 10:00:00,2026-02-12 15:50:00,-28.4,TimeExit,10,0,40,40,0.0001,1.5,0.00015,346.2000000000003,521.0000000000001,174.79999999999984,China_Demand,2026-02,2026-02-12
27_EA_China_Demand,EA,Short,2026-02-12 10:00:00,2026-02-12 15:50:00,-43.9,TimeExit,10,0,60,60,0.0001,1.5,0.00015,302.3000000000003,521.0000000000001,218.69999999999982,China_Demand,2026-02,2026-02-12
28_GA_China_Demand,GA,Short,2026-02-12 10:00:00,2026-02-12 16:10:00,-38.9,TimeExit,10,0,75,70,0.0001,2.0,0.0002,263.4000000000003,521.0000000000001,257.5999999999998,China_Demand,2026-02,2026-02-12
9_AJ_Core2,AJ,Short,2026-02-12 17:14:00,2026-02-12 20:15:00,-30.0,SL,17,14,30,80,0.01,1.5,0.015,233.40000000000032,521.0000000000001,287.5999999999998,CrossJPY_16,2026-02,2026-02-12
5_GJ_Port_Log2,GJ,Short,2026-02-12 09:55:00,2026-02-12 23:55:00,-39.8,TimeExit,9,55,90,999,0.01,2.0,0.02,193.6000000000003,521.0000000000001,327.3999999999998,CrossJPY_16,2026-02,2026-02-12
22_GA_C_2,GA,Long,2026-02-12 16:56:00,2026-02-13 01:15:00,34.6,TimeExit,16,56,70,80,0.0001,2.0,0.0002,228.2000000000003,521.0000000000001,292.79999999999984,GA,2026-02,2026-02-13
19_EA_3_WedThu_Long,EA,Long,2026-02-12 20:56:00,2026-02-13 10:00:00,85.6,TimeExit,20,56,90,999,0.0001,1.5,0.00015,313.8000000000003,521.0000000000001,207.19999999999982,EA_Rev4,2026-02,2026-02-13
10_AJ_SatA,AJ,Short,2026-02-13 10:58:00,2026-02-13 12:30:00,25.0,TP,10,58,50,25,0.01,1.5,0.015,338.8000000000003,521.0000000000001,182.19999999999982,CrossJPY_16,2026-02,2026-02-13
25_AU_China_Demand,AU,Long,2026-02-13 10:00:00,2026-02-13 15:50:00,-26.3,TimeExit,10,0,40,40,0.0001,1.5,0.00015,312.5000000000003,521.0000000000001,208.49999999999983,China_Demand,2026-02,2026-02-13
27_EA_China_Demand,EA,Short,2026-02-13 10:00:00,2026-02-13 15:50:00,-44.1,TimeExit,10,0,60,60,0.0001,1.5,0.00015,268.40000000000026,521.0000000000001,252.59999999999985,China_Demand,2026-02,2026-02-13
28_GA_China_Demand,GA,Short,2026-02-13 10:00:00,2026-02-13 16:10:00,-45.9,TimeExit,10,0,75,70,0.0001,2.0,0.0002,222.50000000000026,521.0000000000001,298.4999999999999,China_Demand,2026-02,2026-02-13
5_GJ_Port_Log2,GJ,Short,2026-02-13 09:55:00,2026-02-13 17:03:00,-90.0,SL,9,55,90,999,0.01,2.0,0.02,132.50000000000026,521.0000000000001,388.4999999999999,CrossJPY_16,2026-02,2026-02-13
23_GA_F_2,GA,Short,2026-02-13 19:42:00,2026-02-13 22:45:00,-6.4,TimeExit,19,42,90,200,0.0001,2.0,0.0002,126.10000000000025,521.0000000000001,394.89999999999986,GA,2026-02,2026-02-13
11_AJ_SatB,AJ,Short,2026-02-13 18:57:00,2026-02-14 01:43:00,59.7,TimeExit,18,57,55,95,0.01,1.5,0.015,185.80000000000024,521.0000000000001,335.1999999999999,CrossJPY_16,2026-02,2026-02-14
24_GA_D_1,GA,Long,2026-02-13 22:44:00,2026-02-14 03:08:00,23.6,TimeExit,22,44,90,200,0.0001,2.0,0.0002,209.40000000000023,521.0000000000001,311.5999999999999,GA,2026-02,2026-02-14
20_EA_1A_MonTue_Short,EA,Short,2026-02-16 10:01:00,2026-02-16 16:00:00,17.5,TimeExit,10,1,50,125,0.0001,1.5,0.00015,226.90000000000023,521.0000000000001,294.0999999999999,EA_Rev4,2026-02,2026-02-16
8_AJ_Core1,AJ,Long,2026-02-16 08:01:00,2026-02-16 22:46:00,69.4,TimeExit,8,1,70,110,0.01,1.5,0.015,296.30000000000024,521.0000000000001,224.69999999999987,CrossJPY_16,2026-02,2026-02-16
7_GJ_Mon_Blitz,GJ,Long,2026-02-16 18:02:00,2026-02-16 23:02:00,-32.1,TimeExit,18,2,130,250,0.01,2.0,0.02,264.2000000000002,521.0000000000001,256.7999999999999,CrossJPY_16,2026-02,2026-02-16
2_EJ_NightBlitz_20,EJ,Long,2026-02-16 20:56:00,2026-02-17 04:45:00,-3.3,TimeExit,20,56,45,70,0.01,1.0,0.01,260.9000000000002,521.0000000000001,260.0999999999999,CrossJPY_16,2026-02,2026-02-17
18_EA_2_MonWed_Short,EA,Short,2026-02-16 09:59:00,2026-02-17 05:26:00,9.2,TimeExit,9,59,90,180,0.0001,1.5,0.00015,270.1000000000002,521.0000000000001,250.89999999999992,EA_Rev4,2026-02,2026-02-17
3_EJ_NightBlitz_21,EJ,Long,2026-02-16 21:56:00,2026-02-17 05:27:00,12.1,TimeExit,21,56,75,70,0.01,1.0,0.01,282.2000000000002,521.0000000000001,238.7999999999999,CrossJPY_16,2026-02,2026-02-17
4_GJ_Port_Log1,GJ,Long,2026-02-17 00:00:00,2026-02-17 08:55:00,24.7,TimeExit,0,0,130,90,0.01,2.0,0.02,306.9000000000002,521.0000000000001,214.0999999999999,CrossJPY_16,2026-02,2026-02-17
21_GA_B_3,GA,Long,2026-02-16 21:02:00,2026-02-17 10:00:00,6.5,TimeExit,21,2,220,100,0.0001,2.0,0.0002,313.4000000000002,521.0000000000001,207.5999999999999,GA,2026-02,2026-02-17
20_EA_1A_MonTue_Short,EA,Short,2026-02-17 10:01:00,2026-02-17 16:00:00,-2.2,TimeExit,10,1,50,125,0.0001,1.5,0.00015,311.2000000000002,521.0000000000001,209.7999999999999,EA_Rev4,2026-02,2026-02-17
5_GJ_Port_Log2,GJ,Short,2026-02-17 09:55:00,2026-02-17 23:55:00,128.5,TimeExit,9,55,90,999,0.01,2.0,0.02,439.7000000000002,521.0000000000001,81.2999999999999,CrossJPY_16,2026-02,2026-02-17
18_EA_2_MonWed_Short,EA,Short,2026-02-17 09:59:00,2026-02-18 05:26:00,32.8,TimeExit,9,59,90,180,0.0001,1.5,0.00015,472.5000000000002,521.0000000000001,48.499999999999886,EA_Rev4,2026-02,2026-02-18
4_GJ_Port_Log1,GJ,Long,2026-02-18 00:00:00,2026-02-18 08:55:00,28.6,TimeExit,0,0,130,90,0.01,2.0,0.02,501.10000000000025,521.0000000000001,19.899999999999864,CrossJPY_16,2026-02,2026-02-18
17_EA_1B_Wed_Short,EA,Short,2026-02-18 09:59:00,2026-02-18 20:58:00,-2.5,TimeExit,9,59,70,175,0.0001,1.5,0.00015,498.60000000000025,521.0000000000001,22.399999999999864,EA_Rev4,2026-02,2026-02-18
2_EJ_NightBlitz_20,EJ,Long,2026-02-18 20:56:00,2026-02-19 04:45:00,49.2,TimeExit,20,56,45,70,0.01,1.0,0.01,547.8000000000003,547.8000000000003,0.0,CrossJPY_16,2026-02,2026-02-19
18_EA_2_MonWed_Short,EA,Short,2026-02-18 09:59:00,2026-02-19 05:26:00,-11.2,TimeExit,9,59,90,180,0.0001,1.5,0.00015,536.6000000000003,547.8000000000003,11.200000000000045,EA_Rev4,2026-02,2026-02-19
3_EJ_NightBlitz_21,EJ,Long,2026-02-18 21:56:00,2026-02-19 05:27:00,48.8,TimeExit,21,56,75,70,0.01,1.0,0.01,585.4000000000002,585.4000000000002,0.0,CrossJPY_16,2026-02,2026-02-19
19_EA_3_WedThu_Long,EA,Long,2026-02-18 20:56:00,2026-02-19 10:00:00,-7.8,TimeExit,20,56,90,999,0.0001,1.5,0.00015,577.6000000000003,585.4000000000002,7.7999999999999545,EA_Rev4,2026-02,2026-02-19
9_AJ_Core2,AJ,Short,2026-02-19 17:14:00,2026-02-20 01:14:00,28.4,TimeExit,17,14,30,80,0.01,1.5,0.015,606.0000000000002,606.0000000000002,0.0,CrossJPY_16,2026-02,2026-02-20
22_GA_C_2,GA,Long,2026-02-19 16:56:00,2026-02-20 01:15:00,-41.8,TimeExit,16,56,70,80,0.0001,2.0,0.0002,564.2000000000003,606.0000000000002,41.799999999999955,GA,2026-02,2026-02-20
19_EA_3_WedThu_Long,EA,Long,2026-02-19 20:56:00,2026-02-20 10:00:00,-42.4,TimeExit,20,56,90,999,0.0001,1.5,0.00015,521.8000000000003,606.0000000000002,84.19999999999993,EA_Rev4,2026-02,2026-02-20
12_UJ_Short_Core,UJ,Short,2026-02-20 09:55:00,2026-02-20 10:29:00,-20.0,SL,9,55,20,50,0.01,0.5,0.005,501.8000000000003,606.0000000000002,104.19999999999993,CrossJPY_16,2026-02,2026-02-20
10_AJ_SatA,AJ,Short,2026-02-20 10:58:00,2026-02-20 13:51:00,-3.4,TimeExit,10,58,50,25,0.01,1.5,0.015,498.4000000000003,606.0000000000002,107.59999999999991,CrossJPY_16,2026-02,2026-02-20
23_GA_F_2,GA,Short,2026-02-20 19:42:00,2026-02-20 22:45:00,-38.1,TimeExit,19,42,90,200,0.0001,2.0,0.0002,460.3000000000003,606.0000000000002,145.69999999999993,GA,2026-02,2026-02-20
5_GJ_Port_Log2,GJ,Short,2026-02-20 09:55:00,2026-02-20 22:56:00,-90.0,SL,9,55,90,999,0.01,2.0,0.02,370.3000000000003,606.0000000000002,235.69999999999993,CrossJPY_16,2026-02,2026-02-20
11_AJ_SatB,AJ,Short,2026-02-20 18:57:00,2026-02-21 01:43:00,-10.0,TimeExit,18,57,55,95,0.01,1.5,0.015,360.3000000000003,606.0000000000002,245.69999999999993,CrossJPY_16,2026-02,2026-02-21
24_GA_D_1,GA,Long,2026-02-20 22:44:00,2026-02-21 03:08:00,-60.6,TimeExit,22,44,90,200,0.0001,2.0,0.0002,299.7000000000003,606.0000000000002,306.29999999999995,GA,2026-02,2026-02-21
8_AJ_Core1,AJ,Long,2026-02-23 08:01:00,2026-02-23 11:04:00,-70.0,SL,8,1,70,110,0.01,1.5,0.015,229.70000000000027,606.0000000000002,376.29999999999995,CrossJPY_16,2026-02,2026-02-23
12_UJ_Short_Core,UJ,Short,2026-02-23 08:04:00,2026-02-23 14:56:00,45.6,TimeExit,8,4,50,999,0.01,0.5,0.005,275.3000000000003,606.0000000000002,330.69999999999993,CrossJPY_16,2026-02,2026-02-23
20_EA_1A_MonTue_Short,EA,Short,2026-02-23 10:01:00,2026-02-23 16:00:00,-14.6,TimeExit,10,1,50,125,0.0001,1.5,0.00015,260.7000000000003,606.0000000000002,345.29999999999995,EA_Rev4,2026-02,2026-02-23
7_GJ_Mon_Blitz,GJ,Long,2026-02-23 18:02:00,2026-02-23 23:02:00,-33.2,TimeExit,18,2,130,250,0.01,2.0,0.02,227.50000000000028,606.0000000000002,378.49999999999994,CrossJPY_16,2026-02,2026-02-23
2_EJ_NightBlitz_20,EJ,Long,2026-02-23 20:56:00,2026-02-24 00:52:00,-45.0,SL,20,56,45,70,0.01,1.0,0.01,182.50000000000028,606.0000000000002,423.49999999999994,CrossJPY_16,2026-02,2026-02-24
18_EA_2_MonWed_Short,EA,Short,2026-02-23 09:59:00,2026-02-24 05:26:00,-30.9,TimeExit,9,59,90,180,0.0001,1.5,0.00015,151.60000000000028,606.0000000000002,454.4,EA_Rev4,2026-02,2026-02-24
3_EJ_NightBlitz_21,EJ,Long,2026-02-23 21:56:00,2026-02-24 05:27:00,-9.3,TimeExit,21,56,75,70,0.01,1.0,0.01,142.30000000000027,606.0000000000002,463.69999999999993,CrossJPY_16,2026-02,2026-02-24
4_GJ_Port_Log1,GJ,Long,2026-02-24 00:00:00,2026-02-24 08:55:00,-26.3,TimeExit,0,0,130,90,0.01,2.0,0.02,116.00000000000027,606.0000000000002,489.99999999999994,CrossJPY_16,2026-02,2026-02-24
21_GA_B_3,GA,Long,2026-02-23 21:02:00,2026-02-24 10:00:00,26.9,TimeExit,21,2,220,100,0.0001,2.0,0.0002,142.90000000000026,606.0000000000002,463.09999999999997,GA,2026-02,2026-02-24
12_UJ_Short_Core,UJ,Short,2026-02-24 08:04:00,2026-02-24 10:22:00,-50.0,SL,8,4,50,999,0.01,0.5,0.005,92.90000000000026,606.0000000000002,513.0999999999999,CrossJPY_16,2026-02,2026-02-24
20_EA_1A_MonTue_Short,EA,Short,2026-02-24 10:01:00,2026-02-24 16:00:00,17.8,TimeExit,10,1,50,125,0.0001,1.5,0.00015,110.70000000000026,606.0000000000002,495.29999999999995,EA_Rev4,2026-02,2026-02-24
5_GJ_Port_Log2,GJ,Short,2026-02-24 09:55:00,2026-02-24 16:12:00,-90.0,SL,9,55,90,999,0.01,2.0,0.02,20.70000000000026,606.0000000000002,585.3,CrossJPY_16,2026-02,2026-02-24
18_EA_2_MonWed_Short,EA,Short,2026-02-24 09:59:00,2026-02-25 05:26:00,6.0,TimeExit,9,59,90,180,0.0001,1.5,0.00015,26.70000000000026,606.0000000000002,579.3,EA_Rev4,2026-02,2026-02-25
4_GJ_Port_Log1,GJ,Long,2026-02-25 00:00:00,2026-02-25 08:55:00,-20.7,TimeExit,0,0,130,90,0.01,2.0,0.02,6.000000000000259,606.0000000000002,600.0,CrossJPY_16,2026-02,2026-02-25
25_AU_China_Demand,AU,Long,2026-02-25 10:00:00,2026-02-25 15:50:00,35.4,TimeExit,10,0,40,40,0.0001,1.5,0.00015,41.40000000000026,606.0000000000002,564.5999999999999,China_Demand,2026-02,2026-02-25
13_UJ_Fix_MidWeek,UJ,Long,2026-02-25 18:04:00,2026-02-25 22:03:00,33.9,TimeExit,18,4,95,95,0.01,0.5,0.005,75.30000000000027,606.0000000000002,530.6999999999999,CrossJPY_16,2026-02,2026-02-25
2_EJ_NightBlitz_20,EJ,Long,2026-02-25 20:56:00,2026-02-26 04:45:00,7.0,TimeExit,20,56,45,70,0.01,1.0,0.01,82.30000000000027,606.0000000000002,523.6999999999999,CrossJPY_16,2026-02,2026-02-26
3_EJ_NightBlitz_21,EJ,Long,2026-02-25 21:56:00,2026-02-26 05:27:00,-4.9,TimeExit,21,56,75,70,0.01,1.0,0.01,77.40000000000026,606.0000000000002,528.5999999999999,CrossJPY_16,2026-02,2026-02-26
12_UJ_Short_Core,UJ,Short,2026-02-26 08:04:00,2026-02-26 14:56:00,40.8,TimeExit,8,4,50,999,0.01,0.5,0.005,118.20000000000026,606.0000000000002,487.79999999999995,CrossJPY_16,2026-02,2026-02-26
25_AU_China_Demand,AU,Long,2026-02-26 10:00:00,2026-02-26 15:50:00,2.6,TimeExit,10,0,40,40,0.0001,1.5,0.00015,120.80000000000025,606.0000000000002,485.2,China_Demand,2026-02,2026-02-26
13_UJ_Fix_MidWeek,UJ,Long,2026-02-26 18:04:00,2026-02-26 22:03:00,14.6,TimeExit,18,4,95,95,0.01,0.5,0.005,135.40000000000026,606.0000000000002,470.59999999999997,CrossJPY_16,2026-02,2026-02-26
5_GJ_Port_Log2,GJ,Short,2026-02-26 09:55:00,2026-02-26 23:55:00,45.3,TimeExit,9,55,90,999,0.01,2.0,0.02,180.70000000000027,606.0000000000002,425.29999999999995,CrossJPY_16,2026-02,2026-02-26
22_GA_C_2,GA,Long,2026-02-26 16:56:00,2026-02-27 00:19:00,80.0,TP,16,56,70,80,0.0001,2.0,0.0002,260.7000000000003,606.0000000000002,345.29999999999995,GA,2026-02,2026-02-27
10_AJ_SatA,AJ,Short,2026-02-27 10:58:00,2026-02-27 13:51:00,-5.9,TimeExit,10,58,50,25,0.01,1.5,0.015,254.80000000000027,606.0000000000002,351.19999999999993,CrossJPY_16,2026-02,2026-02-27
23_GA_F_2,GA,Short,2026-02-27 19:42:00,2026-02-27 22:45:00,-12.1,TimeExit,19,42,90,200,0.0001,2.0,0.0002,242.70000000000027,606.0000000000002,363.29999999999995,GA,2026-02,2026-02-27
24_GA_D_1,GA,Long,2026-02-27 22:44:00,2026-02-28 00:56:00,-90.0,SL,22,44,90,200,0.0001,2.0,0.0002,152.70000000000027,606.0000000000002,453.29999999999995,GA,2026-02,2026-02-28
11_AJ_SatB,AJ,Short,2026-02-27 18:57:00,2026-02-28 01:43:00,-9.2,TimeExit,18,57,55,95,0.01,1.5,0.015,143.50000000000028,606.0000000000002,462.49999999999994,CrossJPY_16,2026-02,2026-02-28
20_EA_1A_MonTue_Short,EA,Short,2026-03-02 10:01:00,2026-03-02 16:00:00,14.7,TimeExit,10,1,50,125,0.0001,1.5,0.00015,158.20000000000027,606.0000000000002,447.79999999999995,EA_Rev4,2026-03,2026-03-02
1_EJ_Log1,EJ,Long,2026-03-02 13:55:00,2026-03-02 16:48:00,-70.0,SL,13,55,70,250,0.01,1.0,0.01,88.20000000000027,606.0000000000002,517.8,CrossJPY_16,2026-03,2026-03-02
6_GJ_Old_Mon,GJ,Long,2026-03-02 15:45:00,2026-03-02 16:51:00,-50.0,SL,15,45,50,210,0.01,2.0,0.02,38.20000000000027,606.0000000000002,567.8,CrossJPY_16,2026-03,2026-03-02
8_AJ_Core1,AJ,Long,2026-03-02 08:01:00,2026-03-02 22:46:00,84.8,TimeExit,8,1,70,110,0.01,1.5,0.015,123.00000000000027,606.0000000000002,482.99999999999994,CrossJPY_16,2026-03,2026-03-02
7_GJ_Mon_Blitz,GJ,Long,2026-03-02 18:02:00,2026-03-02 23:02:00,109.6,TimeExit,18,2,130,250,0.01,2.0,0.02,232.60000000000025,606.0000000000002,373.4,CrossJPY_16,2026-03,2026-03-02
2_EJ_NightBlitz_20,EJ,Long,2026-03-02 20:56:00,2026-03-03 04:45:00,-15.3,TimeExit,20,56,45,70,0.01,1.0,0.01,217.30000000000024,606.0000000000002,388.7,CrossJPY_16,2026-03,2026-03-03
18_EA_2_MonWed_Short,EA,Short,2026-03-02 09:59:00,2026-03-03 05:26:00,114.9,TimeExit,9,59,90,180,0.0001,1.5,0.00015,332.2000000000003,606.0000000000002,273.79999999999995,EA_Rev4,2026-03,2026-03-03
3_EJ_NightBlitz_21,EJ,Long,2026-03-02 21:56:00,2026-03-03 05:27:00,-18.2,TimeExit,21,56,75,70,0.01,1.0,0.01,314.0000000000003,606.0000000000002,291.99999999999994,CrossJPY_16,2026-03,2026-03-03
4_GJ_Port_Log1,GJ,Long,2026-03-03 00:00:00,2026-03-03 08:55:00,-32.1,TimeExit,0,0,130,90,0.01,2.0,0.02,281.90000000000026,606.0000000000002,324.09999999999997,CrossJPY_16,2026-03,2026-03-03
21_GA_B_3,GA,Long,2026-03-02 21:02:00,2026-03-03 10:00:00,-49.0,TimeExit,21,2,220,100,0.0001,2.0,0.0002,232.90000000000026,606.0000000000002,373.09999999999997,GA,2026-03,2026-03-03
20_EA_1A_MonTue_Short,EA,Short,2026-03-03 10:01:00,2026-03-03 16:00:00,10.3,TimeExit,10,1,50,125,0.0001,1.5,0.00015,243.20000000000027,606.0000000000002,362.79999999999995,EA_Rev4,2026-03,2026-03-03
18_EA_2_MonWed_Short,EA,Short,2026-03-03 09:59:00,2026-03-03 22:47:00,-90.0,SL,9,59,90,180,0.0001,1.5,0.00015,153.20000000000027,606.0000000000002,452.79999999999995,EA_Rev4,2026-03,2026-03-03
5_GJ_Port_Log2,GJ,Short,2026-03-03 09:55:00,2026-03-03 23:55:00,124.4,TimeExit,9,55,90,999,0.01,2.0,0.02,277.60000000000025,606.0000000000002,328.4,CrossJPY_16,2026-03,2026-03-03
14_UJ_Sat_3rd,UJ,Short,2026-03-03 20:01:00,2026-03-04 03:08:00,4.8,TimeExit,20,1,45,70,0.01,0.5,0.005,282.40000000000026,606.0000000000002,323.59999999999997,CrossJPY_16,2026-03,2026-03-04
4_GJ_Port_Log1,GJ,Long,2026-03-04 00:00:00,2026-03-04 03:23:00,90.0,TP,0,0,130,90,0.01,2.0,0.02,372.40000000000026,606.0000000000002,233.59999999999997,CrossJPY_16,2026-03,2026-03-04
17_EA_1B_Wed_Short,EA,Short,2026-03-04 09:59:00,2026-03-04 20:58:00,27.4,TimeExit,9,59,70,175,0.0001,1.5,0.00015,399.80000000000024,606.0000000000002,206.2,EA_Rev4,2026-03,2026-03-04
2_EJ_NightBlitz_20,EJ,Long,2026-03-04 20:56:00,2026-03-05 04:45:00,-19.7,TimeExit,20,56,45,70,0.01,1.0,0.01,380.10000000000025,606.0000000000002,225.89999999999998,CrossJPY_16,2026-03,2026-03-05
1_EJ_Log1,EJ,Long,2026-03-04 13:55:00,2026-03-05 04:55:00,17.8,TimeExit,13,55,70,250,0.01,1.0,0.01,397.90000000000026,606.0000000000002,208.09999999999997,CrossJPY_16,2026-03,2026-03-05
18_EA_2_MonWed_Short,EA,Short,2026-03-04 09:59:00,2026-03-05 05:26:00,86.9,TimeExit,9,59,90,180,0.0001,1.5,0.00015,484.8000000000003,606.0000000000002,121.19999999999993,EA_Rev4,2026-03,2026-03-05
3_EJ_NightBlitz_21,EJ,Long,2026-03-04 21:56:00,2026-03-05 05:27:00,-8.4,TimeExit,21,56,75,70,0.01,1.0,0.01,476.4000000000003,606.0000000000002,129.5999999999999,CrossJPY_16,2026-03,2026-03-05
19_EA_3_WedThu_Long,EA,Long,2026-03-04 20:56:00,2026-03-05 10:00:00,-64.1,TimeExit,20,56,90,999,0.0001,1.5,0.00015,412.3000000000003,606.0000000000002,193.69999999999993,EA_Rev4,2026-03,2026-03-05
9_AJ_Core2,AJ,Short,2026-03-05 17:14:00,2026-03-05 18:04:00,-30.0,SL,17,14,30,80,0.01,1.5,0.015,382.3000000000003,606.0000000000002,223.69999999999993,CrossJPY_16,2026-03,2026-03-05
5_GJ_Port_Log2,GJ,Short,2026-03-05 09:55:00,2026-03-05 21:38:00,-90.0,SL,9,55,90,999,0.01,2.0,0.02,292.3000000000003,606.0000000000002,313.69999999999993,CrossJPY_16,2026-03,2026-03-05
22_GA_C_2,GA,Long,2026-03-05 16:56:00,2026-03-06 01:15:00,57.8,TimeExit,16,56,70,80,0.0001,2.0,0.0002,350.1000000000003,606.0000000000002,255.89999999999992,GA,2026-03,2026-03-06
19_EA_3_WedThu_Long,EA,Long,2026-03-05 20:56:00,2026-03-06 10:00:00,71.0,TimeExit,20,56,90,999,0.0001,1.5,0.00015,421.1000000000003,606.0000000000002,184.89999999999992,EA_Rev4,2026-03,2026-03-06
28_GA_China_Demand,GA,Short,2026-03-09 10:00:00,2026-03-09 11:55:00,70.0,TP,10,0,75,70,0.0001,2.0,0.0002,491.1000000000003,606.0000000000002,114.89999999999992,China_Demand,2026-03,2026-03-09
27_EA_China_Demand,EA,Short,2026-03-09 10:00:00,2026-03-09 11:58:00,60.0,TP,10,0,60,60,0.0001,1.5,0.00015,551.1000000000004,606.0000000000002,54.899999999999864,China_Demand,2026-03,2026-03-09
25_AU_China_Demand,AU,Long,2026-03-09 10:00:00,2026-03-09 14:21:00,40.0,TP,10,0,40,40,0.0001,1.5,0.00015,591.1000000000004,606.0000000000002,14.899999999999864,China_Demand,2026-03,2026-03-09
26_AJ_China_Demand,AJ,Long,2026-03-09 10:00:00,2026-03-09 15:50:00,52.3,TimeExit,10,0,45,80,0.01,1.5,0.015,643.4000000000003,643.4000000000003,0.0,China_Demand,2026-03,2026-03-09
20_EA_1A_MonTue_Short,EA,Short,2026-03-09 10:01:00,2026-03-09 16:00:00,35.3,TimeExit,10,1,50,125,0.0001,1.5,0.00015,678.7000000000003,678.7000000000003,0.0,EA_Rev4,2026-03,2026-03-09
8_AJ_Core1,AJ,Long,2026-03-09 08:01:00,2026-03-09 22:46:00,62.7,TimeExit,8,1,70,110,0.01,1.5,0.015,741.4000000000003,741.4000000000003,0.0,CrossJPY_16,2026-03,2026-03-09
6_GJ_Old_Mon,GJ,Long,2026-03-09 15:45:00,2026-03-09 22:50:00,41.5,TimeExit,15,45,50,210,0.01,2.0,0.02,782.9000000000003,782.9000000000003,0.0,CrossJPY_16,2026-03,2026-03-09
7_GJ_Mon_Blitz,GJ,Long,2026-03-09 18:02:00,2026-03-09 23:02:00,40.4,TimeExit,18,2,130,250,0.01,2.0,0.02,823.3000000000003,823.3000000000003,0.0,CrossJPY_16,2026-03,2026-03-09
16_UJ_T10A,UJ,Long,2026-03-10 02:58:00,2026-03-10 04:26:00,-45.0,SL,2,58,45,110,0.01,0.5,0.005,778.3000000000003,823.3000000000003,45.0,CrossJPY_16,2026-03,2026-03-10
2_EJ_NightBlitz_20,EJ,Long,2026-03-09 20:56:00,2026-03-10 04:45:00,13.9,TimeExit,20,56,45,70,0.01,1.0,0.01,792.2000000000003,823.3000000000003,31.100000000000023,CrossJPY_16,2026-03,2026-03-10
1_EJ_Log1,EJ,Long,2026-03-09 13:55:00,2026-03-10 04:55:00,26.4,TimeExit,13,55,70,250,0.01,1.0,0.01,818.6000000000003,823.3000000000003,4.7000000000000455,CrossJPY_16,2026-03,2026-03-10
18_EA_2_MonWed_Short,EA,Short,2026-03-09 09:59:00,2026-03-10 05:26:00,110.6,TimeExit,9,59,90,180,0.0001,1.5,0.00015,929.2000000000003,929.2000000000003,0.0,EA_Rev4,2026-03,2026-03-10
3_EJ_NightBlitz_21,EJ,Long,2026-03-09 21:56:00,2026-03-10 05:27:00,8.2,TimeExit,21,56,75,70,0.01,1.0,0.01,937.4000000000003,937.4000000000003,0.0,CrossJPY_16,2026-03,2026-03-10
4_GJ_Port_Log1,GJ,Long,2026-03-10 00:00:00,2026-03-10 08:55:00,4.9,TimeExit,0,0,130,90,0.01,2.0,0.02,942.3000000000003,942.3000000000003,0.0,CrossJPY_16,2026-03,2026-03-10
21_GA_B_3,GA,Long,2026-03-09 21:02:00,2026-03-10 10:00:00,-26.7,TimeExit,21,2,220,100,0.0001,2.0,0.0002,915.6000000000003,942.3000000000003,26.700000000000045,GA,2026-03,2026-03-10
26_AJ_China_Demand,AJ,Long,2026-03-10 10:00:00,2026-03-10 15:50:00,31.7,TimeExit,10,0,45,80,0.01,1.5,0.015,947.3000000000003,947.3000000000003,0.0,China_Demand,2026-03,2026-03-10
27_EA_China_Demand,EA,Short,2026-03-10 10:00:00,2026-03-10 15:50:00,39.7,TimeExit,10,0,60,60,0.0001,1.5,0.00015,987.0000000000003,987.0000000000003,0.0,China_Demand,2026-03,2026-03-10
25_AU_China_Demand,AU,Long,2026-03-10 10:00:00,2026-03-10 15:50:00,20.6,TimeExit,10,0,40,40,0.0001,1.5,0.00015,1007.6000000000004,1007.6000000000004,0.0,China_Demand,2026-03,2026-03-10
20_EA_1A_MonTue_Short,EA,Short,2026-03-10 10:01:00,2026-03-10 16:00:00,46.0,TimeExit,10,1,50,125,0.0001,1.5,0.00015,1053.6000000000004,1053.6000000000004,0.0,EA_Rev4,2026-03,2026-03-10
28_GA_China_Demand,GA,Short,2026-03-10 10:00:00,2026-03-10 16:10:00,48.3,TimeExit,10,0,75,70,0.0001,2.0,0.0002,1101.9000000000003,1101.9000000000003,0.0,China_Demand,2026-03,2026-03-10
5_GJ_Port_Log2,GJ,Short,2026-03-10 09:55:00,2026-03-10 23:55:00,-48.0,TimeExit,9,55,90,999,0.01,2.0,0.02,1053.9000000000003,1101.9000000000003,48.0,CrossJPY_16,2026-03,2026-03-10
18_EA_2_MonWed_Short,EA,Short,2026-03-10 09:59:00,2026-03-11 05:26:00,129.8,TimeExit,9,59,90,180,0.0001,1.5,0.00015,1183.7000000000003,1183.7000000000003,0.0,EA_Rev4,2026-03,2026-03-11
4_GJ_Port_Log1,GJ,Long,2026-03-11 00:00:00,2026-03-11 08:55:00,-24.4,TimeExit,0,0,130,90,0.01,2.0,0.02,1159.3000000000002,1183.7000000000003,24.40000000000009,CrossJPY_16,2026-03,2026-03-11
27_EA_China_Demand,EA,Short,2026-03-11 10:00:00,2026-03-11 11:46:00,60.0,TP,10,0,60,60,0.0001,1.5,0.00015,1219.3000000000002,1219.3000000000002,0.0,China_Demand,2026-03,2026-03-11
28_GA_China_Demand,GA,Short,2026-03-11 10:00:00,2026-03-11 11:46:00,70.0,TP,10,0,75,70,0.0001,2.0,0.0002,1289.3000000000002,1289.3000000000002,0.0,China_Demand,2026-03,2026-03-11
25_AU_China_Demand,AU,Long,2026-03-11 10:00:00,2026-03-11 11:49:00,40.0,TP,10,0,40,40,0.0001,1.5,0.00015,1329.3000000000002,1329.3000000000002,0.0,China_Demand,2026-03,2026-03-11
26_AJ_China_Demand,AJ,Long,2026-03-11 10:00:00,2026-03-11 13:27:00,80.0,TP,10,0,45,80,0.01,1.5,0.015,1409.3000000000002,1409.3000000000002,0.0,China_Demand,2026-03,2026-03-11
27_EA_China_Demand,EA,Short,2026-03-12 10:00:00,2026-03-12 15:09:00,-60.0,SL,10,0,60,60,0.0001,1.5,0.00015,1349.3000000000002,1409.3000000000002,60.0,China_Demand,2026-03,2026-03-12
26_AJ_China_Demand,AJ,Long,2026-03-12 10:00:00,2026-03-12 15:10:00,-45.0,SL,10,0,45,80,0.01,1.5,0.015,1304.3000000000002,1409.3000000000002,105.0,China_Demand,2026-03,2026-03-12
28_GA_China_Demand,GA,Short,2026-03-12 10:00:00,2026-03-12 15:10:00,-75.0,SL,10,0,75,70,0.0001,2.0,0.0002,1229.3000000000002,1409.3000000000002,180.0,China_Demand,2026-03,2026-03-12
25_AU_China_Demand,AU,Long,2026-03-12 10:00:00,2026-03-12 15:50:00,-20.6,TimeExit,10,0,40,40,0.0001,1.5,0.00015,1208.7000000000003,1409.3000000000002,200.5999999999999,China_Demand,2026-03,2026-03-12
22_GA_C_2,GA,Long,2026-03-12 16:56:00,2026-03-12 23:38:00,80.0,TP,16,56,70,80,0.0001,2.0,0.0002,1288.7000000000003,1409.3000000000002,120.59999999999991,GA,2026-03,2026-03-12
5_GJ_Port_Log2,GJ,Short,2026-03-12 09:55:00,2026-03-12 23:55:00,28.3,TimeExit,9,55,90,999,0.01,2.0,0.02,1317.0000000000002,1409.3000000000002,92.29999999999995,CrossJPY_16,2026-03,2026-03-12
9_AJ_Core2,AJ,Short,2026-03-12 17:14:00,2026-03-13 01:14:00,53.7,TimeExit,17,14,30,80,0.01,1.5,0.015,1370.7000000000003,1409.3000000000002,38.59999999999991,CrossJPY_16,2026-03,2026-03-13
19_EA_3_WedThu_Long,EA,Long,2026-03-12 20:56:00,2026-03-13 10:00:00,76.9,TimeExit,20,56,90,999,0.0001,1.5,0.00015,1447.6000000000004,1447.6000000000004,0.0,EA_Rev4,2026-03,2026-03-13
10_AJ_SatA,AJ,Short,2026-03-13 10:58:00,2026-03-13 13:51:00,9.6,TimeExit,10,58,50,25,0.01,1.5,0.015,1457.2000000000003,1457.2000000000003,0.0,CrossJPY_16,2026-03,2026-03-13
25_AU_China_Demand,AU,Long,2026-03-13 10:00:00,2026-03-13 15:32:00,-40.0,SL,10,0,40,40,0.0001,1.5,0.00015,1417.2000000000003,1457.2000000000003,40.0,China_Demand,2026-03,2026-03-13
27_EA_China_Demand,EA,Short,2026-03-13 10:00:00,2026-03-13 15:33:00,-60.0,SL,10,0,60,60,0.0001,1.5,0.00015,1357.2000000000003,1457.2000000000003,100.0,China_Demand,2026-03,2026-03-13
26_AJ_China_Demand,AJ,Long,2026-03-13 10:00:00,2026-03-13 15:33:00,-45.0,SL,10,0,45,80,0.01,1.5,0.015,1312.2000000000003,1457.2000000000003,145.0,China_Demand,2026-03,2026-03-13
28_GA_China_Demand,GA,Short,2026-03-13 10:00:00,2026-03-13 16:10:00,-42.6,TimeExit,10,0,75,70,0.0001,2.0,0.0002,1269.6000000000004,1457.2000000000003,187.5999999999999,China_Demand,2026-03,2026-03-13
23_GA_F_2,GA,Short,2026-03-13 19:42:00,2026-03-13 22:45:00,-5.6,TimeExit,19,42,90,200,0.0001,2.0,0.0002,1264.0000000000005,1457.2000000000003,193.19999999999982,GA,2026-03,2026-03-13
5_GJ_Port_Log2,GJ,Short,2026-03-13 09:55:00,2026-03-13 23:55:00,133.5,TimeExit,9,55,90,999,0.01,2.0,0.02,1397.5000000000005,1457.2000000000003,59.69999999999982,CrossJPY_16,2026-03,2026-03-13
11_AJ_SatB,AJ,Short,2026-03-13 18:57:00,2026-03-14 01:43:00,37.8,TimeExit,18,57,55,95,0.01,1.5,0.015,1435.3000000000004,1457.2000000000003,21.899999999999864,CrossJPY_16,2026-03,2026-03-14
24_GA_D_1,GA,Long,2026-03-13 22:44:00,2026-03-14 03:08:00,74.9,TimeExit,22,44,90,200,0.0001,2.0,0.0002,1510.2000000000005,1510.2000000000005,0.0,GA,2026-03,2026-03-14
20_EA_1A_MonTue_Short,EA,Short,2026-03-16 10:01:00,2026-03-16 16:00:00,34.1,TimeExit,10,1,50,125,0.0001,1.5,0.00015,1544.3000000000004,1544.3000000000004,0.0,EA_Rev4,2026-03,2026-03-16
1_EJ_Log1,EJ,Long,2026-03-16 13:55:00,2026-03-16 16:35:00,-70.0,SL,13,55,70,250,0.01,1.0,0.01,1474.3000000000004,1544.3000000000004,70.0,CrossJPY_16,2026-03,2026-03-16
8_AJ_Core1,AJ,Long,2026-03-16 08:01:00,2026-03-16 22:46:00,72.4,TimeExit,8,1,70,110,0.01,1.5,0.015,1546.7000000000005,1546.7000000000005,0.0,CrossJPY_16,2026-03,2026-03-16
6_GJ_Old_Mon,GJ,Long,2026-03-16 15:45:00,2026-03-16 22:50:00,42.8,TimeExit,15,45,50,210,0.01,2.0,0.02,1589.5000000000005,1589.5000000000005,0.0,CrossJPY_16,2026-03,2026-03-16
7_GJ_Mon_Blitz,GJ,Long,2026-03-16 18:02:00,2026-03-16 23:02:00,26.0,TimeExit,18,2,130,250,0.01,2.0,0.02,1615.5000000000005,1615.5000000000005,0.0,CrossJPY_16,2026-03,2026-03-16
2_EJ_NightBlitz_20,EJ,Long,2026-03-16 20:56:00,2026-03-17 04:45:00,44.5,TimeExit,20,56,45,70,0.01,1.0,0.01,1660.0000000000005,1660.0000000000005,0.0,CrossJPY_16,2026-03,2026-03-17
18_EA_2_MonWed_Short,EA,Short,2026-03-16 09:59:00,2026-03-17 05:26:00,56.1,TimeExit,9,59,90,180,0.0001,1.5,0.00015,1716.1000000000004,1716.1000000000004,0.0,EA_Rev4,2026-03,2026-03-17
3_EJ_NightBlitz_21,EJ,Long,2026-03-16 21:56:00,2026-03-17 05:27:00,48.7,TimeExit,21,56,75,70,0.01,1.0,0.01,1764.8000000000004,1764.8000000000004,0.0,CrossJPY_16,2026-03,2026-03-17
4_GJ_Port_Log1,GJ,Long,2026-03-17 00:00:00,2026-03-17 08:55:00,21.8,TimeExit,0,0,130,90,0.01,2.0,0.02,1786.6000000000004,1786.6000000000004,0.0,CrossJPY_16,2026-03,2026-03-17
21_GA_B_3,GA,Long,2026-03-16 21:02:00,2026-03-17 10:00:00,3.3,TimeExit,21,2,220,100,0.0001,2.0,0.0002,1789.9000000000003,1789.9000000000003,0.0,GA,2026-03,2026-03-17
5_GJ_Port_Log2,GJ,Short,2026-03-17 09:55:00,2026-03-17 23:55:00,-22.0,TimeExit,9,55,90,999,0.01,2.0,0.02,1767.9000000000003,1789.9000000000003,22.0,CrossJPY_16,2026-03,2026-03-17
4_GJ_Port_Log1,GJ,Long,2026-03-18 00:00:00,2026-03-18 08:55:00,11.1,TimeExit,0,0,130,90,0.01,2.0,0.02,1779.0000000000002,1789.9000000000003,10.900000000000091,CrossJPY_16,2026-03,2026-03-18
1_EJ_Log1,EJ,Long,2026-03-18 13:55:00,2026-03-19 04:55:00,3.1,TimeExit,13,55,70,250,0.01,1.0,0.01,1782.1000000000001,1789.9000000000003,7.800000000000182,CrossJPY_16,2026-03,2026-03-19
12_UJ_Short_Core,UJ,Short,2026-03-20 09:55:00,2026-03-20 10:50:00,-20.0,SL,9,55,20,50,0.01,0.5,0.005,1762.1000000000001,1789.9000000000003,27.800000000000182,CrossJPY_16,2026-03,2026-03-20
10_AJ_SatA,AJ,Short,2026-03-20 10:58:00,2026-03-20 13:51:00,-29.9,TimeExit,10,58,50,25,0.01,1.5,0.015,1732.2,1789.9000000000003,57.70000000000027,CrossJPY_16,2026-03,2026-03-20
23_GA_F_2,GA,Short,2026-03-20 19:42:00,2026-03-20 22:45:00,15.2,TimeExit,19,42,90,200,0.0001,2.0,0.0002,1747.4,1789.9000000000003,42.50000000000023,GA,2026-03,2026-03-20
5_GJ_Port_Log2,GJ,Short,2026-03-20 09:55:00,2026-03-20 23:55:00,11.1,TimeExit,9,55,90,999,0.01,2.0,0.02,1758.5,1789.9000000000003,31.40000000000032,CrossJPY_16,2026-03,2026-03-20
11_AJ_SatB,AJ,Short,2026-03-20 18:57:00,2026-03-21 01:43:00,12.9,TimeExit,18,57,55,95,0.01,1.5,0.015,1771.4,1789.9000000000003,18.500000000000227,CrossJPY_16,2026-03,2026-03-21
24_GA_D_1,GA,Long,2026-03-20 22:44:00,2026-03-21 03:08:00,49.7,TimeExit,22,44,90,200,0.0001,2.0,0.0002,1821.1000000000001,1821.1000000000001,0.0,GA,2026-03,2026-03-21
20_EA_1A_MonTue_Short,EA,Short,2026-03-23 10:01:00,2026-03-23 14:09:00,-50.0,SL,10,1,50,125,0.0001,1.5,0.00015,1771.1000000000001,1821.1000000000001,50.0,EA_Rev4,2026-03,2026-03-23
12_UJ_Short_Core,UJ,Short,2026-03-23 08:04:00,2026-03-23 14:56:00,-26.9,TimeExit,8,4,50,999,0.01,0.5,0.005,1744.2,1821.1000000000001,76.90000000000009,CrossJPY_16,2026-03,2026-03-23
8_AJ_Core1,AJ,Long,2026-03-23 08:01:00,2026-03-23 16:00:00,-70.0,SL,8,1,70,110,0.01,1.5,0.015,1674.2,1821.1000000000001,146.9000000000001,CrossJPY_16,2026-03,2026-03-23
18_EA_2_MonWed_Short,EA,Short,2026-03-23 09:59:00,2026-03-23 16:06:00,-90.0,SL,9,59,90,180,0.0001,1.5,0.00015,1584.2,1821.1000000000001,236.9000000000001,EA_Rev4,2026-03,2026-03-23
1_EJ_Log1,EJ,Long,2026-03-23 13:55:00,2026-03-23 18:48:00,-70.0,SL,13,55,70,250,0.01,1.0,0.01,1514.2,1821.1000000000001,306.9000000000001,CrossJPY_16,2026-03,2026-03-23
6_GJ_Old_Mon,GJ,Long,2026-03-23 15:45:00,2026-03-23 22:50:00,62.1,TimeExit,15,45,50,210,0.01,2.0,0.02,1576.3,1821.1000000000001,244.80000000000018,CrossJPY_16,2026-03,2026-03-23
7_GJ_Mon_Blitz,GJ,Long,2026-03-23 18:02:00,2026-03-23 23:02:00,33.7,TimeExit,18,2,130,250,0.01,2.0,0.02,1610.0,1821.1000000000001,211.10000000000014,CrossJPY_16,2026-03,2026-03-23
2_EJ_NightBlitz_20,EJ,Long,2026-03-23 20:56:00,2026-03-24 04:45:00,22.6,TimeExit,20,56,45,70,0.01,1.0,0.01,1632.6,1821.1000000000001,188.50000000000023,CrossJPY_16,2026-03,2026-03-24
3_EJ_NightBlitz_21,EJ,Long,2026-03-23 21:56:00,2026-03-24 05:27:00,-2.5,TimeExit,21,56,75,70,0.01,1.0,0.01,1630.1,1821.1000000000001,191.00000000000023,CrossJPY_16,2026-03,2026-03-24
4_GJ_Port_Log1,GJ,Long,2026-03-24 00:00:00,2026-03-24 08:55:00,-24.3,TimeExit,0,0,130,90,0.01,2.0,0.02,1605.8,1821.1000000000001,215.30000000000018,CrossJPY_16,2026-03,2026-03-24
21_GA_B_3,GA,Long,2026-03-23 21:02:00,2026-03-24 10:00:00,44.5,TimeExit,21,2,220,100,0.0001,2.0,0.0002,1650.3,1821.1000000000001,170.80000000000018,GA,2026-03,2026-03-24
20_EA_1A_MonTue_Short,EA,Short,2026-03-24 10:01:00,2026-03-24 14:05:00,-50.0,SL,10,1,50,125,0.0001,1.5,0.00015,1600.3,1821.1000000000001,220.80000000000018,EA_Rev4,2026-03,2026-03-24
12_UJ_Short_Core,UJ,Short,2026-03-24 08:04:00,2026-03-24 14:56:00,-33.2,TimeExit,8,4,50,999,0.01,0.5,0.005,1567.1,1821.1000000000001,254.00000000000023,CrossJPY_16,2026-03,2026-03-24
5_GJ_Port_Log2,GJ,Short,2026-03-24 09:55:00,2026-03-24 23:55:00,-35.1,TimeExit,9,55,90,999,0.01,2.0,0.02,1532.0,1821.1000000000001,289.10000000000014,CrossJPY_16,2026-03,2026-03-24
18_EA_2_MonWed_Short,EA,Short,2026-03-24 09:59:00,2026-03-25 05:26:00,-6.5,TimeExit,9,59,90,180,0.0001,1.5,0.00015,1525.5,1821.1000000000001,295.60000000000014,EA_Rev4,2026-03,2026-03-25
4_GJ_Port_Log1,GJ,Long,2026-03-25 00:00:00,2026-03-25 08:55:00,22.3,TimeExit,0,0,130,90,0.01,2.0,0.02,1547.8,1821.1000000000001,273.3000000000002,CrossJPY_16,2026-03,2026-03-25
25_AU_China_Demand,AU,Long,2026-03-25 10:00:00,2026-03-25 15:50:00,-22.4,TimeExit,10,0,40,40,0.0001,1.5,0.00015,1525.3999999999999,1821.1000000000001,295.7000000000003,China_Demand,2026-03,2026-03-25
17_EA_1B_Wed_Short,EA,Short,2026-03-25 09:59:00,2026-03-25 20:58:00,-44.4,TimeExit,9,59,70,175,0.0001,1.5,0.00015,1480.9999999999998,1821.1000000000001,340.10000000000036,EA_Rev4,2026-03,2026-03-25
13_UJ_Fix_MidWeek,UJ,Long,2026-03-25 18:04:00,2026-03-25 22:03:00,24.9,TimeExit,18,4,95,95,0.01,0.5,0.005,1505.8999999999999,1821.1000000000001,315.2000000000003,CrossJPY_16,2026-03,2026-03-25
2_EJ_NightBlitz_20,EJ,Long,2026-03-25 20:56:00,2026-03-26 04:45:00,5.5,TimeExit,20,56,45,70,0.01,1.0,0.01,1511.3999999999999,1821.1000000000001,309.7000000000003,CrossJPY_16,2026-03,2026-03-26
1_EJ_Log1,EJ,Long,2026-03-25 13:55:00,2026-03-26 04:55:00,11.3,TimeExit,13,55,70,250,0.01,1.0,0.01,1522.6999999999998,1821.1000000000001,298.4000000000003,CrossJPY_16,2026-03,2026-03-26
18_EA_2_MonWed_Short,EA,Short,2026-03-25 09:59:00,2026-03-26 05:26:00,-23.2,TimeExit,9,59,90,180,0.0001,1.5,0.00015,1499.4999999999998,1821.1000000000001,321.60000000000036,EA_Rev4,2026-03,2026-03-26
3_EJ_NightBlitz_21,EJ,Long,2026-03-25 21:56:00,2026-03-26 05:27:00,3.8,TimeExit,21,56,75,70,0.01,1.0,0.01,1503.2999999999997,1821.1000000000001,317.8000000000004,CrossJPY_16,2026-03,2026-03-26
19_EA_3_WedThu_Long,EA,Long,2026-03-25 20:56:00,2026-03-26 10:00:00,-2.4,TimeExit,20,56,90,999,0.0001,1.5,0.00015,1500.8999999999996,1821.1000000000001,320.2000000000005,EA_Rev4,2026-03,2026-03-26
12_UJ_Short_Core,UJ,Short,2026-03-26 08:04:00,2026-03-26 14:56:00,-4.0,TimeExit,8,4,50,999,0.01,0.5,0.005,1496.8999999999996,1821.1000000000001,324.2000000000005,CrossJPY_16,2026-03,2026-03-26
25_AU_China_Demand,AU,Long,2026-03-26 10:00:00,2026-03-26 15:50:00,9.6,TimeExit,10,0,40,40,0.0001,1.5,0.00015,1506.4999999999995,1821.1000000000001,314.6000000000006,China_Demand,2026-03,2026-03-26
13_UJ_Fix_MidWeek,UJ,Long,2026-03-26 18:04:00,2026-03-26 22:03:00,17.3,TimeExit,18,4,95,95,0.01,0.5,0.005,1523.7999999999995,1821.1000000000001,297.30000000000064,CrossJPY_16,2026-03,2026-03-26
22_GA_C_2,GA,Long,2026-03-26 16:56:00,2026-03-26 23:38:00,80.0,TP,16,56,70,80,0.0001,2.0,0.0002,1603.7999999999995,1821.1000000000001,217.30000000000064,GA,2026-03,2026-03-26
5_GJ_Port_Log2,GJ,Short,2026-03-26 09:55:00,2026-03-26 23:55:00,-16.0,TimeExit,9,55,90,999,0.01,2.0,0.02,1587.7999999999995,1821.1000000000001,233.30000000000064,CrossJPY_16,2026-03,2026-03-26
19_EA_3_WedThu_Long,EA,Long,2026-03-26 20:56:00,2026-03-27 10:00:00,95.9,TimeExit,20,56,90,999,0.0001,1.5,0.00015,1683.6999999999996,1821.1000000000001,137.40000000000055,EA_Rev4,2026-03,2026-03-27
10_AJ_SatA,AJ,Short,2026-03-27 10:58:00,2026-03-27 13:51:00,-45.6,TimeExit,10,58,50,25,0.01,1.5,0.015,1638.0999999999997,1821.1000000000001,183.00000000000045,CrossJPY_16,2026-03,2026-03-27
12_UJ_Short_Core,UJ,Short,2026-03-27 08:04:00,2026-03-27 14:56:00,3.3,TimeExit,8,4,50,999,0.01,0.5,0.005,1641.3999999999996,1821.1000000000001,179.7000000000005,CrossJPY_16,2026-03,2026-03-27
25_AU_China_Demand,AU,Long,2026-03-27 10:00:00,2026-03-27 15:50:00,21.9,TimeExit,10,0,40,40,0.0001,1.5,0.00015,1663.2999999999997,1821.1000000000001,157.8000000000004,China_Demand,2026-03,2026-03-27
23_GA_F_2,GA,Short,2026-03-27 19:42:00,2026-03-27 22:45:00,-3.9,TimeExit,19,42,90,200,0.0001,2.0,0.0002,1659.3999999999996,1821.1000000000001,161.7000000000005,GA,2026-03,2026-03-27
11_AJ_SatB,AJ,Short,2026-03-27 18:57:00,2026-03-28 01:43:00,2.9,TimeExit,18,57,55,95,0.01,1.5,0.015,1662.2999999999997,1821.1000000000001,158.8000000000004,CrossJPY_16,2026-03,2026-03-28
24_GA_D_1,GA,Long,2026-03-27 22:44:00,2026-03-28 03:08:00,-3.1,TimeExit,22,44,90,200,0.0001,2.0,0.0002,1659.1999999999998,1821.1000000000001,161.90000000000032,GA,2026-03,2026-03-28
12_UJ_Short_Core,UJ,Short,2026-03-30 09:55:00,2026-03-30 14:56:00,25.0,TimeExit,9,55,20,50,0.01,0.5,0.005,1684.1999999999998,1821.1000000000001,136.90000000000032,CrossJPY_16,2026-03,2026-03-30
25_AU_China_Demand,AU,Long,2026-03-30 10:00:00,2026-03-30 15:50:00,17.5,TimeExit,10,0,40,40,0.0001,1.5,0.00015,1701.6999999999998,1821.1000000000001,119.40000000000032,China_Demand,2026-03,2026-03-30
6_GJ_Old_Mon,GJ,Long,2026-03-30 15:45:00,2026-03-30 16:19:00,-50.0,SL,15,45,50,210,0.01,2.0,0.02,1651.6999999999998,1821.1000000000001,169.40000000000032,CrossJPY_16,2026-03,2026-03-30
1_EJ_Log1,EJ,Long,2026-03-30 13:55:00,2026-03-30 20:07:00,-70.0,SL,13,55,70,250,0.01,1.0,0.01,1581.6999999999998,1821.1000000000001,239.40000000000032,CrossJPY_16,2026-03,2026-03-30
8_AJ_Core1,AJ,Long,2026-03-30 08:01:00,2026-03-30 22:34:00,-70.0,SL,8,1,70,110,0.01,1.5,0.015,1511.6999999999998,1821.1000000000001,309.4000000000003,CrossJPY_16,2026-03,2026-03-30
7_GJ_Mon_Blitz,GJ,Long,2026-03-30 18:02:00,2026-03-30 23:02:00,-98.3,TimeExit,18,2,130,250,0.01,2.0,0.02,1413.3999999999999,1821.1000000000001,407.7000000000003,CrossJPY_16,2026-03,2026-03-30
2_EJ_NightBlitz_20,EJ,Long,2026-03-30 20:56:00,2026-03-30 23:21:00,-45.0,SL,20,56,45,70,0.01,1.0,0.01,1368.3999999999999,1821.1000000000001,452.7000000000003,CrossJPY_16,2026-03,2026-03-30
3_EJ_NightBlitz_21,EJ,Long,2026-03-30 21:56:00,2026-03-31 05:27:00,-9.6,TimeExit,21,56,75,70,0.01,1.0,0.01,1358.8,1821.1000000000001,462.3000000000002,CrossJPY_16,2026-03,2026-03-31
